zone,changed_date,column,old,new,delta,days_from_2024_04_22_26
sebs,2024-04-22,n_cells_valid,927.0,920.0,-7.0,0
sebs,2024-04-23,n_cells_valid,962.0,920.0,-42.0,0
sebs,2024-04-24,n_cells_valid,1008.0,931.0,-77.0,0
sebs,2024-04-25,n_cells_valid,1073.0,938.0,-135.0,0
sebs,2024-04-26,n_cells_valid,1140.0,949.0,-191.0,0
nbs,2024-04-22,n_cells_valid,35.0,22.0,-13.0,0
nbs,2024-04-23,n_cells_valid,43.0,21.0,-22.0,0
nbs,2024-04-24,n_cells_valid,49.0,21.0,-28.0,0
nbs,2024-04-25,n_cells_valid,49.0,22.0,-27.0,0
nbs,2024-04-26,n_cells_valid,49.0,22.0,-27.0,0
egoa,2024-04-18,area_frac,0.04278825595974922,0.07018136233091354,0.027393106371164322,4
egoa,2024-04-19,area_frac,0.04278825595974922,0.07018136233091354,0.027393106371164322,3
egoa,2024-04-20,area_frac,0.04278825595974922,0.07018136233091354,0.027393106371164322,2
egoa,2024-04-21,area_frac,0.03728365898132324,0.06573700904846191,0.028453350067138672,1
egoa,2024-04-22,area_frac,0.011935635469853878,0.04256567731499672,0.03063004184514284,0
egoa,2024-04-23,area_frac,0.003300267970189452,0.010792222805321217,0.007491954835131764,0
egoa,2024-04-24,area_frac,0.020080095157027245,0.025577889755368233,0.005497794598340988,0
egoa,2024-04-25,area_frac,0.02627827227115631,0.03073718398809433,0.004458911716938019,0
egoa,2024-04-26,area_frac,0.04398525878787041,0.04369024932384491,-0.00029500946402549744,0
egoa,2024-04-27,area_frac,0.08242672681808472,0.08688563853502274,0.004458911716938019,1
egoa,2024-04-28,area_frac,0.08935976028442383,0.08942296355962753,6.320327520370483e-05,2
egoa,2024-04-29,area_frac,0.10042854398488998,0.10262639075517654,0.00219784677028656,3
egoa,2024-04-30,area_frac,0.13270889222621918,0.13490673899650574,0.00219784677028656,4
egoa,2024-04-18,Ibar,1.4910666942596436,1.4240385293960571,-0.06702816486358643,4
egoa,2024-04-19,Ibar,1.6253079175949097,1.5662329196929932,-0.059074997901916504,3
egoa,2024-04-20,Ibar,1.5625802278518677,1.5139366388320923,-0.04864358901977539,2
egoa,2024-04-21,Ibar,1.3309205770492554,1.4176750183105469,0.0867544412612915,1
egoa,2024-04-22,Ibar,1.2500611543655396,1.3556759357452393,0.10561478137969971,0
egoa,2024-04-23,Ibar,1.334665298461914,1.2268811464309692,-0.10778415203094482,0
egoa,2024-04-24,Ibar,1.2843981981277466,1.2991652488708496,0.014767050743103027,0
egoa,2024-04-25,Ibar,1.4626173973083496,1.3582593202590942,-0.10435807704925537,0
egoa,2024-04-26,Ibar,1.5109716653823853,1.4444504976272583,-0.06652116775512695,0
egoa,2024-04-27,Ibar,1.5089871883392334,1.4932236671447754,-0.015763521194458008,1
egoa,2024-04-28,Ibar,1.5074900388717651,1.5055097341537476,-0.001980304718017578,2
egoa,2024-04-29,Ibar,1.5372332334518433,1.5286204814910889,-0.008612751960754395,3
egoa,2024-04-30,Ibar,1.502296805381775,1.494017243385315,-0.008279561996459961,4
egoa,2024-04-18,Dbar,2.610455274581909,1.981864333152771,-0.6285909414291382,4
egoa,2024-04-19,Dbar,3.610455274581909,2.9818642139434814,-0.6285910606384277,3
egoa,2024-04-20,Dbar,4.610455513000488,3.9818642139434814,-0.6285912990570068,2
egoa,2024-04-21,Dbar,5.209433555603027,4.879489898681641,-0.3299436569213867,1
egoa,2024-04-22,Dbar,5.823531150817871,5.580960750579834,-0.2425704002380371,0
egoa,2024-04-23,Dbar,7.0,5.487324237823486,-1.5126757621765137,0
egoa,2024-04-24,Dbar,1.3843061923980713,2.7330377101898193,1.348731517791748,0
egoa,2024-04-25,Dbar,1.7221814393997192,2.987365484237671,1.2651840448379517,0
egoa,2024-04-26,Dbar,2.0288891792297363,3.1016862392425537,1.0727970600128174,0
egoa,2024-04-27,Dbar,2.0826733112335205,2.559676170349121,0.4770028591156006,1
egoa,2024-04-28,Dbar,2.9210877418518066,3.1179840564727783,0.19689631462097168,2
egoa,2024-04-29,Dbar,3.49286150932312,3.716838836669922,0.22397732734680176,3
egoa,2024-04-30,Dbar,3.603038787841797,3.787919521331787,0.18488073348999023,4
egoa,2024-05-01,Dbar,3.388115406036377,3.555982828140259,0.16786742210388184,5
egoa,2024-05-02,Dbar,3.6917383670806885,3.8489022254943848,0.1571638584136963,6
egoa,2024-05-03,Dbar,3.7992897033691406,3.946471691131592,0.14718198776245117,7
egoa,2024-05-04,Dbar,3.9481921195983887,4.092611789703369,0.14441967010498047,8
egoa,2024-05-05,Dbar,4.909862041473389,5.051730632781982,0.14186859130859375,9
egoa,2024-05-06,Dbar,5.89534854888916,6.040258407592773,0.14490985870361328,10
egoa,2024-05-07,Dbar,6.906399250030518,7.063587188720703,0.15718793869018555,11
egoa,2024-05-08,Dbar,7.738249778747559,8.02199935913086,0.2837495803833008,12
egoa,2024-04-18,Cbar,3.350125312805176,2.557471513748169,-0.7926537990570068,4
egoa,2024-04-19,Cbar,4.975433349609375,4.123704433441162,-0.8517289161682129,3
egoa,2024-04-20,Cbar,6.538013458251953,5.637640953063965,-0.9003725051879883,2
egoa,2024-04-21,Cbar,7.421840190887451,6.956316947937012,-0.46552324295043945,1
egoa,2024-04-22,Cbar,8.700454711914062,8.074576377868652,-0.6258783340454102,0
egoa,2024-04-23,Cbar,10.872635841369629,7.663776874542236,-3.2088589668273926,0
egoa,2024-04-24,Cbar,1.944370150566101,3.609926700592041,1.66555655002594,0
egoa,2024-04-25,Cbar,2.384416103363037,3.8689870834350586,1.4845709800720215,0
egoa,2024-04-26,Cbar,2.935502052307129,4.166379928588867,1.2308778762817383,0
egoa,2024-04-27,Cbar,3.0754549503326416,3.5882785320281982,0.5128235816955566,1
egoa,2024-04-28,Cbar,4.344334125518799,4.5309858322143555,0.18665170669555664,2
egoa,2024-04-29,Cbar,5.255513668060303,5.476670742034912,0.22115707397460938,3
egoa,2024-04-30,Cbar,5.42069149017334,5.6024346351623535,0.18174314498901367,4
egoa,2024-05-01,Cbar,5.122211456298828,5.308487892150879,0.18627643585205078,5
egoa,2024-05-02,Cbar,5.588500022888184,5.766152381896973,0.17765235900878906,6
egoa,2024-05-03,Cbar,5.7129106521606445,5.885288715362549,0.1723780632019043,7
egoa,2024-05-04,Cbar,6.085879325866699,6.258447647094727,0.17256832122802734,8
egoa,2024-05-05,Cbar,7.562747001647949,7.732231140136719,0.16948413848876953,9
egoa,2024-05-06,Cbar,9.032051086425781,9.205168724060059,0.17311763763427734,10
egoa,2024-05-07,Cbar,10.516716003417969,10.70450210571289,0.18778610229492188,11
egoa,2024-05-08,Cbar,11.820566177368164,12.165854454040527,0.3452882766723633,12
egoa,2024-04-06,Obar,0.0018299343064427376,0.0028824498876929283,0.0010525155812501907,16
egoa,2024-04-18,Obar,0.005250812973827124,0.057975608855485916,0.05272479588165879,4
egoa,2024-04-23,Obar,0.0,0.07677819579839706,0.07677819579839706,0
egoa,2024-04-24,Obar,0.15529589354991913,0.0682094544172287,-0.08708643913269043,0
egoa,2024-04-25,Obar,0.023917902261018753,0.020378418266773224,-0.003539483994245529,0
egoa,2024-04-26,Obar,0.11204926669597626,0.09051170200109482,-0.02153756469488144,0
egoa,2024-04-27,Obar,0.10846325755119324,0.1048104390501976,-0.003652818500995636,1
egoa,2024-04-28,Obar,0.013036348856985569,0.013027134351432323,-9.214505553245544e-06,2
egoa,2024-04-29,Obar,0.02365405671298504,0.023147480562329292,-0.0005065761506557465,3
egoa,2024-04-30,Obar,0.055799759924411774,0.05489068850874901,-0.0009090714156627655,4
egoa,2024-05-01,Obar,0.052586495876312256,0.0509188249707222,-0.0016676709055900574,5
ai_west,2024-04-18,area_frac,0.015125226229429245,0.013761506415903568,-0.0013637198135256767,4
ai_west,2024-04-19,area_frac,0.015125226229429245,0.013761506415903568,-0.0013637198135256767,3
ai_west,2024-04-20,area_frac,0.015125226229429245,0.013761506415903568,-0.0013637198135256767,2
ai_west,2024-04-21,area_frac,0.015125226229429245,0.013761506415903568,-0.0013637198135256767,1
ai_west,2024-04-22,area_frac,0.015125226229429245,0.013761506415903568,-0.0013637198135256767,0
ai_west,2024-04-23,area_frac,0.0,0.004146363586187363,0.004146363586187363,0
ai_west,2024-04-18,Ibar,0.6706265807151794,0.6783267855644226,0.007700204849243164,4
ai_west,2024-04-19,Ibar,0.7810584306716919,0.7924367189407349,0.011378288269042969,3
ai_west,2024-04-20,Ibar,1.3974586725234985,1.402302622795105,0.004843950271606445,2
ai_west,2024-04-21,Ibar,0.7827248573303223,0.7929090857505798,0.010184228420257568,1
ai_west,2024-04-22,Ibar,0.7215836048126221,0.6716155409812927,-0.049968063831329346,0
ai_west,2024-04-23,Ibar,0.0,0.5734694600105286,0.5734694600105286,0
ai_west,2024-04-18,Dbar,4.7309064865112305,5.1006269454956055,0.369720458984375,4
ai_west,2024-04-19,Dbar,5.7309064865112305,6.1006269454956055,0.369720458984375,3
ai_west,2024-04-20,Dbar,6.7309064865112305,7.1006269454956055,0.369720458984375,2
ai_west,2024-04-21,Dbar,7.7309064865112305,8.100626945495605,0.369720458984375,1
ai_west,2024-04-22,Dbar,8.73090648651123,9.100626945495605,0.369720458984375,0
ai_west,2024-04-23,Dbar,0.0,14.641258239746094,14.641258239746094,0
ai_west,2024-04-18,Cbar,3.1737701892852783,3.4295237064361572,0.2557535171508789,4
ai_west,2024-04-19,Cbar,3.9548287391662598,4.221960544586182,0.2671318054199219,3
ai_west,2024-04-20,Cbar,5.352287292480469,5.624263286590576,0.2719759941101074,2
ai_west,2024-04-21,Cbar,6.135012149810791,6.417172431945801,0.28216028213500977,1
ai_west,2024-04-22,Cbar,6.856595993041992,7.088788032531738,0.2321920394897461,0
ai_west,2024-04-23,Cbar,0.0,10.66157341003418,10.66157341003418,0
ai_west,2024-04-18,Obar,0.11956025660037994,0.09859558194875717,-0.020964674651622772,4
ai_central,2024-04-18,area_frac,0.030989307910203934,0.029504502192139626,-0.0014848057180643082,4
ai_central,2024-04-19,area_frac,0.02949354611337185,0.02800873853266239,-0.0014848075807094574,3
ai_central,2024-04-20,area_frac,0.02949354611337185,0.02800873853266239,-0.0014848075807094574,2
ai_central,2024-04-21,area_frac,0.02949354611337185,0.02800873853266239,-0.0014848075807094574,1
ai_central,2024-04-22,area_frac,0.02949354611337185,0.02800873853266239,-0.0014848075807094574,0
ai_central,2024-04-23,area_frac,0.0,0.0007295040413737297,0.0007295040413737297,0
ai_central,2024-04-18,Ibar,0.7760310173034668,0.782448410987854,0.006417393684387207,4
ai_central,2024-04-19,Ibar,0.840247392654419,0.8496297597885132,0.009382367134094238,3
ai_central,2024-04-20,Ibar,1.1111315488815308,1.131494164466858,0.02036261558532715,2
ai_central,2024-04-21,Ibar,0.8671973347663879,0.8758150935173035,0.008617758750915527,1
ai_central,2024-04-22,Ibar,0.814356803894043,0.7480665445327759,-0.06629025936126709,0
ai_central,2024-04-23,Ibar,0.0,0.6056451797485352,0.6056451797485352,0
ai_central,2024-04-18,Dbar,5.26786994934082,5.482649326324463,0.21477937698364258,4
ai_central,2024-04-19,Dbar,5.4193010330200195,5.6005659103393555,0.18126487731933594,3
ai_central,2024-04-20,Dbar,6.4193010330200195,6.6005659103393555,0.18126487731933594,2
ai_central,2024-04-21,Dbar,7.4193010330200195,7.6005659103393555,0.18126487731933594,1
ai_central,2024-04-22,Dbar,8.41930103302002,8.600565910339355,0.18126487731933594,0
ai_central,2024-04-23,Dbar,0.0,7.0,7.0,0
ai_central,2024-04-18,Cbar,3.928940773010254,4.094027519226074,0.1650867462158203,4
ai_central,2024-04-19,Cbar,4.132702827453613,4.2822465896606445,0.14954376220703125,3
ai_central,2024-04-20,Cbar,5.243834495544434,5.413741111755371,0.1699066162109375,2
ai_central,2024-04-21,Cbar,6.111032009124756,6.28955602645874,0.17852401733398438,1
ai_central,2024-04-22,Cbar,6.925388813018799,7.037622451782227,0.11223363876342773,0
ai_central,2024-04-23,Cbar,0.0,5.651782035827637,5.651782035827637,0
ai_central,2024-04-18,Obar,0.039368294179439545,0.039102356880903244,-0.00026593729853630066,4
ebs,2024-04-22,n_cells_valid,962.0,942.0,-20.0,0
ebs,2024-04-23,n_cells_valid,1005.0,941.0,-64.0,0
ebs,2024-04-24,n_cells_valid,1057.0,952.0,-105.0,0
ebs,2024-04-25,n_cells_valid,1122.0,960.0,-162.0,0
ebs,2024-04-26,n_cells_valid,1189.0,971.0,-218.0,0
goa,2024-04-18,area_frac,0.01677308976650238,0.027511248365044594,0.010738158598542213,4
goa,2024-04-19,area_frac,0.01677308976650238,0.027511248365044594,0.010738158598542213,3
goa,2024-04-20,area_frac,0.01677308976650238,0.027511248365044594,0.010738158598542213,2
goa,2024-04-21,area_frac,0.014615275897085667,0.025769051164388657,0.01115377526730299,1
goa,2024-04-22,area_frac,0.004678795579820871,0.016685839742422104,0.012007044162601233,0
goa,2024-04-23,area_frac,0.0012937122955918312,0.004230575170367956,0.002936862874776125,0
goa,2024-04-24,area_frac,0.00787144061177969,0.010026589035987854,0.002155148424208164,0
goa,2024-04-25,area_frac,0.010301140137016773,0.01204904355108738,0.0017479034140706062,0
goa,2024-04-26,area_frac,0.017242318019270897,0.017126673832535744,-0.0001156441867351532,0
goa,2024-04-27,area_frac,0.03231145814061165,0.03405936062335968,0.0017479024827480316,1
goa,2024-04-28,area_frac,0.03502922132611275,0.03505399823188782,2.477690577507019e-05,2
goa,2024-04-29,area_frac,0.03936820849776268,0.04022977128624916,0.0008615627884864807,3
goa,2024-04-30,area_frac,0.05202217400074005,0.05288373678922653,0.0008615627884864807,4
goa,2024-04-18,Ibar,1.4910666942596436,1.4240385293960571,-0.06702816486358643,4
goa,2024-04-19,Ibar,1.6253079175949097,1.5662329196929932,-0.059074997901916504,3
goa,2024-04-20,Ibar,1.5625802278518677,1.5139366388320923,-0.04864358901977539,2
goa,2024-04-21,Ibar,1.3309205770492554,1.4176750183105469,0.0867544412612915,1
goa,2024-04-22,Ibar,1.2500611543655396,1.3556759357452393,0.10561478137969971,0
goa,2024-04-23,Ibar,1.334665298461914,1.2268811464309692,-0.10778415203094482,0
goa,2024-04-24,Ibar,1.2843981981277466,1.2991652488708496,0.014767050743103027,0
goa,2024-04-25,Ibar,1.4626173973083496,1.3582593202590942,-0.10435807704925537,0
goa,2024-04-26,Ibar,1.5109716653823853,1.4444504976272583,-0.06652116775512695,0
goa,2024-04-27,Ibar,1.5089871883392334,1.4932236671447754,-0.015763521194458008,1
goa,2024-04-28,Ibar,1.5074900388717651,1.5055097341537476,-0.001980304718017578,2
goa,2024-04-29,Ibar,1.5372332334518433,1.5286204814910889,-0.008612751960754395,3
goa,2024-04-30,Ibar,1.502296805381775,1.494017243385315,-0.008279561996459961,4
goa,2024-04-18,Dbar,2.610455274581909,1.981864333152771,-0.6285909414291382,4
goa,2024-04-19,Dbar,3.610455274581909,2.9818642139434814,-0.6285910606384277,3
goa,2024-04-20,Dbar,4.610455513000488,3.9818642139434814,-0.6285912990570068,2
goa,2024-04-21,Dbar,5.209433555603027,4.879489898681641,-0.3299436569213867,1
goa,2024-04-22,Dbar,5.823531150817871,5.580960750579834,-0.2425704002380371,0
goa,2024-04-23,Dbar,7.0,5.487324237823486,-1.5126757621765137,0
goa,2024-04-24,Dbar,1.3843061923980713,2.7330377101898193,1.348731517791748,0
goa,2024-04-25,Dbar,1.7221814393997192,2.987365484237671,1.2651840448379517,0
goa,2024-04-26,Dbar,2.0288891792297363,3.1016862392425537,1.0727970600128174,0
goa,2024-04-27,Dbar,2.0826733112335205,2.559676170349121,0.4770028591156006,1
goa,2024-04-28,Dbar,2.9210877418518066,3.1179840564727783,0.19689631462097168,2
goa,2024-04-29,Dbar,3.49286150932312,3.716838836669922,0.22397732734680176,3
goa,2024-04-30,Dbar,3.603038787841797,3.787919521331787,0.18488073348999023,4
goa,2024-05-01,Dbar,3.388115406036377,3.555982828140259,0.16786742210388184,5
goa,2024-05-02,Dbar,3.6917383670806885,3.8489022254943848,0.1571638584136963,6
goa,2024-05-03,Dbar,3.7992897033691406,3.946471691131592,0.14718198776245117,7
goa,2024-05-04,Dbar,3.9481921195983887,4.092611789703369,0.14441967010498047,8
goa,2024-05-05,Dbar,4.909862041473389,5.051730632781982,0.14186859130859375,9
goa,2024-05-06,Dbar,5.89534854888916,6.040258407592773,0.14490985870361328,10
goa,2024-05-07,Dbar,6.906399250030518,7.063587188720703,0.15718793869018555,11
goa,2024-05-08,Dbar,7.738249778747559,8.02199935913086,0.2837495803833008,12
goa,2024-04-18,Cbar,3.350125312805176,2.557471513748169,-0.7926537990570068,4
goa,2024-04-19,Cbar,4.975433349609375,4.123704433441162,-0.8517289161682129,3
goa,2024-04-20,Cbar,6.538013458251953,5.637640953063965,-0.9003725051879883,2
goa,2024-04-21,Cbar,7.421840190887451,6.956316947937012,-0.46552324295043945,1
goa,2024-04-22,Cbar,8.700454711914062,8.074576377868652,-0.6258783340454102,0
goa,2024-04-23,Cbar,10.872635841369629,7.663776874542236,-3.2088589668273926,0
goa,2024-04-24,Cbar,1.944370150566101,3.609926700592041,1.66555655002594,0
goa,2024-04-25,Cbar,2.384416103363037,3.8689870834350586,1.4845709800720215,0
goa,2024-04-26,Cbar,2.935502052307129,4.166379928588867,1.2308778762817383,0
goa,2024-04-27,Cbar,3.0754549503326416,3.5882785320281982,0.5128235816955566,1
goa,2024-04-28,Cbar,4.344334125518799,4.5309858322143555,0.18665170669555664,2
goa,2024-04-29,Cbar,5.255513668060303,5.476670742034912,0.22115707397460938,3
goa,2024-04-30,Cbar,5.42069149017334,5.6024346351623535,0.18174314498901367,4
goa,2024-05-01,Cbar,5.122211456298828,5.308487892150879,0.18627643585205078,5
goa,2024-05-02,Cbar,5.588500022888184,5.766152381896973,0.17765235900878906,6
goa,2024-05-03,Cbar,5.7129106521606445,5.885288715362549,0.1723780632019043,7
goa,2024-05-04,Cbar,6.085879325866699,6.258447647094727,0.17256832122802734,8
goa,2024-05-05,Cbar,7.562747001647949,7.732231140136719,0.16948413848876953,9
goa,2024-05-06,Cbar,9.032051086425781,9.205168724060059,0.17311763763427734,10
goa,2024-05-07,Cbar,10.516716003417969,10.70450210571289,0.18778610229492188,11
goa,2024-05-08,Cbar,11.820566177368164,12.165854454040527,0.3452882766723633,12
goa,2024-04-06,Obar,0.0018299343064427376,0.0028824498876929283,0.0010525155812501907,16
goa,2024-04-18,Obar,0.005250812973827124,0.057975608855485916,0.05272479588165879,4
goa,2024-04-23,Obar,0.0,0.07677819579839706,0.07677819579839706,0
goa,2024-04-24,Obar,0.15529589354991913,0.0682094544172287,-0.08708643913269043,0
goa,2024-04-25,Obar,0.023917902261018753,0.020378418266773224,-0.003539483994245529,0
goa,2024-04-26,Obar,0.11204926669597626,0.09051170200109482,-0.02153756469488144,0
goa,2024-04-27,Obar,0.10846325755119324,0.1048104390501976,-0.003652818500995636,1
goa,2024-04-28,Obar,0.013036348856985569,0.013027134351432323,-9.214505553245544e-06,2
goa,2024-04-29,Obar,0.02365405671298504,0.023147480562329292,-0.0005065761506557465,3
goa,2024-04-30,Obar,0.055799759924411774,0.05489068850874901,-0.0009090714156627655,4
goa,2024-05-01,Obar,0.052586495876312256,0.0509188249707222,-0.0016676709055900574,5
ai,2024-04-18,area_frac,0.021193040534853935,0.01999223232269287,-0.0012008082121610641,4
ai,2024-04-19,area_frac,0.020381895825266838,0.019181089475750923,-0.001200806349515915,3
ai,2024-04-20,area_frac,0.020381895825266838,0.019181089475750923,-0.001200806349515915,2
ai,2024-04-21,area_frac,0.020381895825266838,0.019181089475750923,-0.001200806349515915,1
ai,2024-04-22,area_frac,0.020381895825266838,0.019181089475750923,-0.001200806349515915,0
ai,2024-04-23,area_frac,0.0,0.00159843685105443,0.00159843685105443,0
ai,2024-04-18,Ibar,0.754208505153656,0.7616570591926575,0.007448554039001465,4
ai,2024-04-19,Ibar,0.8275054097175598,0.8377262949943542,0.010220885276794434,3
ai,2024-04-20,Ibar,1.1727707386016846,1.187856912612915,0.015086174011230469,2
ai,2024-04-21,Ibar,0.8490124940872192,0.8585600852966309,0.009547591209411621,1
ai,2024-04-22,Ibar,0.7943850159645081,0.7321549654006958,-0.062230050563812256,0
ai,2024-04-23,Ibar,0.0,0.5814327597618103,0.5814327597618103,0
ai,2024-04-18,Dbar,5.156699180603027,5.406365871429443,0.24966669082641602,4
ai,2024-04-19,Dbar,5.486382007598877,5.7046427726745605,0.2182607650756836,3
ai,2024-04-20,Dbar,6.486382007598877,6.7046427726745605,0.2182607650756836,2
ai,2024-04-21,Dbar,7.486382007598877,7.7046427726745605,0.2182607650756836,1
ai,2024-04-22,Dbar,8.486382484436035,8.704642295837402,0.2182598114013672,0
ai,2024-04-23,Dbar,0.0,12.750082015991211,12.750082015991211,0
ai,2024-04-18,Cbar,3.7725932598114014,3.9613373279571533,0.18874406814575195,4
ai,2024-04-19,Cbar,4.0944108963012695,4.269699573516846,0.17528867721557617,3
ai,2024-04-20,Cbar,5.267181873321533,5.457556247711182,0.19037437438964844,2
ai,2024-04-21,Cbar,6.116194248199463,6.316116809844971,0.1999225616455078,1
ai,2024-04-22,Cbar,6.910579204559326,7.048271656036377,0.13769245147705078,0
ai,2024-04-23,Cbar,0.0,9.421673774719238,9.421673774719238,0
ai,2024-04-18,Obar,0.055970922112464905,0.050982166081666946,-0.004988756030797958,4
