input_date,status,source,sha256,note
1990-01-30,re-obtained,https://www.ncei.noaa.gov/data/sea-surface-temperature-optimum-interpolation/v2.1/access/avhrr/199001/oisst-avhrr-v02r01.19900130.nc,007aa0dd983ac9fa370591d8d0fccb5f535d025f5fa623403aafcafd0719586d,repaired in vintage #2; carried over unchanged
2021-03-23,re-obtained,https://www.ncei.noaa.gov/data/sea-surface-temperature-optimum-interpolation/v2.1/access/avhrr/202103/oisst-avhrr-v02r01.20210323.nc,1599954967de3381fb889f8596fc70e27fa689de2d223d15ed4e01d851f253e2,repaired in vintage #2; carried over unchanged
2021-09-07,re-obtained,https://www.ncei.noaa.gov/data/sea-surface-temperature-optimum-interpolation/v2.1/access/avhrr/202109/oisst-avhrr-v02r01.20210907.nc,d9eeb2f60ff534dda99c94888c89acadf9c182f8f4cc9fb3d7de4e0d2179a061,repaired in vintage #2; carried over unchanged
2022-10-19,re-obtained,https://www.ncei.noaa.gov/data/sea-surface-temperature-optimum-interpolation/v2.1/access/avhrr/202210/oisst-avhrr-v02r01.20221019.nc,87b2644d10ff4b02efb8360d079cdb73a5f60a8eaf0d6b5874754725160a103b,repaired in vintage #2; carried over unchanged
2023-02-01,re-obtained,https://www.ncei.noaa.gov/data/sea-surface-temperature-optimum-interpolation/v2.1/access/avhrr/202302/oisst-avhrr-v02r01.20230201.nc,60d945f04153176521d9fe622e7ad86fbf06ebb8a354648bb110f28e74c6ec68,repaired in vintage #2; carried over unchanged
2024-03-31,re-obtained,https://www.ncei.noaa.gov/data/sea-surface-temperature-optimum-interpolation/v2.1/access/avhrr/202403/oisst-avhrr-v02r01.20240331.nc,39fb9f399fdf2f7f7595ae7c176f515cec29d00e9cbab22aebadf603416d0576,repaired in vintage #2; carried over unchanged
2024-04-22,re-obtained,https://www.ncei.noaa.gov/data/sea-surface-temperature-optimum-interpolation/v2.1/access/avhrr/202404/oisst-avhrr-v02r01.20240422.nc,4cc9f8ddfcf778e2bd29f615cfb0cc2bf54f7dca869627715f6b0afacaef4af0,NCEI RE-ISSUED 2024-06-05 (Last-Modified); the cache held the superseded PFEG version; REPLACED in all 12 zones by mhw-splice-ncei --replace; old/new per-zone day-content sha256 and old/new zone-year file sha256 in records/reissue_replacement_record.json
2024-04-23,re-obtained,https://www.ncei.noaa.gov/data/sea-surface-temperature-optimum-interpolation/v2.1/access/avhrr/202404/oisst-avhrr-v02r01.20240423.nc,858532183ed212b5dc48549823b31392386868b895cbe7628d7fd20c1f1804dd,NCEI RE-ISSUED 2024-06-05 (Last-Modified); the cache held the superseded PFEG version; REPLACED in all 12 zones by mhw-splice-ncei --replace; old/new per-zone day-content sha256 and old/new zone-year file sha256 in records/reissue_replacement_record.json
2024-04-24,re-obtained,https://www.ncei.noaa.gov/data/sea-surface-temperature-optimum-interpolation/v2.1/access/avhrr/202404/oisst-avhrr-v02r01.20240424.nc,6cdfaf8352e8f2456f62e92650f6f169af1dd2283e862b4c100f4c7a9add5f94,NCEI RE-ISSUED 2024-06-05 (Last-Modified); the cache held the superseded PFEG version; REPLACED in all 12 zones by mhw-splice-ncei --replace; old/new per-zone day-content sha256 and old/new zone-year file sha256 in records/reissue_replacement_record.json
2024-04-25,re-obtained,https://www.ncei.noaa.gov/data/sea-surface-temperature-optimum-interpolation/v2.1/access/avhrr/202404/oisst-avhrr-v02r01.20240425.nc,a5cbcee77de588073870fada9dd5cf570320c83ce1d756afd05ebf93ad869bee,NCEI RE-ISSUED 2024-06-05 (Last-Modified); the cache held the superseded PFEG version; REPLACED in all 12 zones by mhw-splice-ncei --replace; old/new per-zone day-content sha256 and old/new zone-year file sha256 in records/reissue_replacement_record.json
2024-04-26,re-obtained,https://www.ncei.noaa.gov/data/sea-surface-temperature-optimum-interpolation/v2.1/access/avhrr/202404/oisst-avhrr-v02r01.20240426.nc,ae992ea157b377fa1f4129c5904a90c099e7695e79f20b9a4525ff8b730ca042,NCEI RE-ISSUED 2024-06-05 (Last-Modified); the cache held the superseded PFEG version; REPLACED in all 12 zones by mhw-splice-ncei --replace; old/new per-zone day-content sha256 and old/new zone-year file sha256 in records/reissue_replacement_record.json
2025-06-22,re-obtained,https://www.ncei.noaa.gov/data/sea-surface-temperature-optimum-interpolation/v2.1/access/avhrr/202506/oisst-avhrr-v02r01.20250622.nc,95ea1473bb50f7c286f2c2c917eb3a40e428a9a002c518809adbe8877b226bd6,repaired in vintage #2; carried over unchanged
2026-06-08,re-obtained,https://www.ncei.noaa.gov/data/sea-surface-temperature-optimum-interpolation/v2.1/access/avhrr/202606/oisst-avhrr-v02r01.20260608.nc,9ef5c436ff53587756b3121b22f6ee09e44b3f17b7604be2dda56d4599d10fd3,repaired in vintage #2; carried over unchanged
2026-07-02,present,PFEG CoastWatch ERDDAP ncdcOisst21Agg (already in the 2026 zone files from the 2026-07-21 pull),7e90a989f2a48e222e1db8088dbb86f4cf4b575b7553abb5856ba5074ab20e50,kept (append-only); sha256 is of the NCEI final file it was checked against: max |dSST| 1.9e-06 degC over 12 zones and identical NaN pattern
2026-07-03,present,PFEG CoastWatch ERDDAP ncdcOisst21Agg (already in the 2026 zone files from the 2026-07-21 pull),cd5d6a28e2544f427cc15fc5a5617b8b018943f2537e7939a712c531244b82e2,kept (append-only); sha256 is of the NCEI final file it was checked against: max |dSST| 1.9e-06 degC over 12 zones and identical NaN pattern
2026-07-04,present,PFEG CoastWatch ERDDAP ncdcOisst21Agg (already in the 2026 zone files from the 2026-07-21 pull),90c0c4bc2d745be0e8d9083fa41296ac7be3e800098dbf056283a726be0d71d6,kept (append-only); sha256 is of the NCEI final file it was checked against: max |dSST| 1.9e-06 degC over 12 zones and identical NaN pattern
2026-07-05,present,PFEG CoastWatch ERDDAP ncdcOisst21Agg (already in the 2026 zone files from the 2026-07-21 pull),69736455bc2e9496ccad5c1eca32ddc41f542152403b04c4d33bee52016814f0,kept (append-only); sha256 is of the NCEI final file it was checked against: max |dSST| 1.9e-06 degC over 12 zones and identical NaN pattern
2026-07-06,present,https://www.ncei.noaa.gov/data/sea-surface-temperature-optimum-interpolation/v2.1/access/avhrr/202607/oisst-avhrr-v02r01.20260706.nc,74123192391efbc051a8e4cd1895e417c3f1220f0bbb753287ec4dc338c9277c,extension 2026-10-01; spliced by mhw-splice-ncei
2026-07-07,present,https://www.ncei.noaa.gov/data/sea-surface-temperature-optimum-interpolation/v2.1/access/avhrr/202607/oisst-avhrr-v02r01.20260707.nc,e1b770791b5e1c23220d6cc9e8e1add45ab248982beda4e2265e1da3e5084a34,extension 2026-10-01; spliced by mhw-splice-ncei
2026-07-08,present,https://www.ncei.noaa.gov/data/sea-surface-temperature-optimum-interpolation/v2.1/access/avhrr/202607/oisst-avhrr-v02r01.20260708.nc,7f11d7c2184ee18c74bc1c799798dc1def9abe404887b70422cb6cf4acc9da46,extension 2026-10-01; spliced by mhw-splice-ncei
2026-07-09,present,https://www.ncei.noaa.gov/data/sea-surface-temperature-optimum-interpolation/v2.1/access/avhrr/202607/oisst-avhrr-v02r01.20260709.nc,b005c060219763db689e1a7b7f04369eb9cdbbdce7b5c463cca77d044303e6f6,extension 2026-10-01; spliced by mhw-splice-ncei
2026-07-10,present,https://www.ncei.noaa.gov/data/sea-surface-temperature-optimum-interpolation/v2.1/access/avhrr/202607/oisst-avhrr-v02r01.20260710.nc,b2e5c1a499b3127a7c162c345b1b438eb3dc91f4b96d40fac34e58f555c471bc,extension 2026-10-01; spliced by mhw-splice-ncei
2026-07-11,present,https://www.ncei.noaa.gov/data/sea-surface-temperature-optimum-interpolation/v2.1/access/avhrr/202607/oisst-avhrr-v02r01.20260711.nc,060bf959388f4395afc8dc4b74b6272a3045820a1bf47a57d14e508d72b6b4df,extension 2026-10-01; spliced by mhw-splice-ncei
2026-07-12,present,https://www.ncei.noaa.gov/data/sea-surface-temperature-optimum-interpolation/v2.1/access/avhrr/202607/oisst-avhrr-v02r01.20260712.nc,a5fc1ee6f22fd97c9f159406071ea55e42e4f21c7c725f261916e491e4700b6f,extension 2026-10-01; spliced by mhw-splice-ncei
2026-07-13,present,https://www.ncei.noaa.gov/data/sea-surface-temperature-optimum-interpolation/v2.1/access/avhrr/202607/oisst-avhrr-v02r01.20260713.nc,412d7ac412e3cdb98cf531756c66c0897e47afb6a373ab836c9ade834396add4,extension 2026-10-01; spliced by mhw-splice-ncei
2026-07-14,present,https://www.ncei.noaa.gov/data/sea-surface-temperature-optimum-interpolation/v2.1/access/avhrr/202607/oisst-avhrr-v02r01.20260714.nc,d3862f8e2a0713cbd44f2630f4bd64fbf1eafc09397c2f3df885a856f38d41fb,extension 2026-10-01; spliced by mhw-splice-ncei
2026-07-15,present,https://www.ncei.noaa.gov/data/sea-surface-temperature-optimum-interpolation/v2.1/access/avhrr/202607/oisst-avhrr-v02r01.20260715.nc,55f192c8f9932908d584e3f84de9b014ec470ab6935f93c8a31bc191eaca2230,extension 2026-10-01; spliced by mhw-splice-ncei
2026-07-16,present,https://www.ncei.noaa.gov/data/sea-surface-temperature-optimum-interpolation/v2.1/access/avhrr/202607/oisst-avhrr-v02r01.20260716.nc,8ddd7483f358d47dc27533ea6768c149b32f0fc192ef561146a0fd12ddb6ae0a,extension 2026-10-01; spliced by mhw-splice-ncei
2026-07-17,present,https://www.ncei.noaa.gov/data/sea-surface-temperature-optimum-interpolation/v2.1/access/avhrr/202607/oisst-avhrr-v02r01.20260717.nc,30569561505a62efcad883db68e00eae6290261d6f73df85d8562ceacf1aabad,extension 2026-10-01; spliced by mhw-splice-ncei
2026-07-18,present,https://www.ncei.noaa.gov/data/sea-surface-temperature-optimum-interpolation/v2.1/access/avhrr/202607/oisst-avhrr-v02r01.20260718.nc,e704dc82605d582016c270f283714e718fc681fd048edb45f33a7e8c07b2f2c5,extension 2026-10-01; spliced by mhw-splice-ncei
2026-07-19,present,https://www.ncei.noaa.gov/data/sea-surface-temperature-optimum-interpolation/v2.1/access/avhrr/202607/oisst-avhrr-v02r01.20260719.nc,aa6e11673bfc0aa44f6b20c8adf22e9b3c0bdace2fc4541078c45f31f0088d1b,extension 2026-10-01; spliced by mhw-splice-ncei
2026-07-20,present,https://www.ncei.noaa.gov/data/sea-surface-temperature-optimum-interpolation/v2.1/access/avhrr/202607/oisst-avhrr-v02r01.20260720.nc,55d82aa4d4bfaa692cd555e6c86b81f70e3accd530fae4320e73f6ece8ea165b,extension 2026-10-01; spliced by mhw-splice-ncei
2026-07-21,present,https://www.ncei.noaa.gov/data/sea-surface-temperature-optimum-interpolation/v2.1/access/avhrr/202607/oisst-avhrr-v02r01.20260721.nc,cc6e18b4f10383927bc7e91c24e6c69f591bb107e51032695ceca85ea7f9d676,extension 2026-10-01; spliced by mhw-splice-ncei
2026-07-22,present,https://www.ncei.noaa.gov/data/sea-surface-temperature-optimum-interpolation/v2.1/access/avhrr/202607/oisst-avhrr-v02r01.20260722.nc,8d2e7b7f4691cd514538e7841f926f12a93cd928aaaa35c4266d393ae377be17,extension 2026-10-01; spliced by mhw-splice-ncei
2026-07-23,present,https://www.ncei.noaa.gov/data/sea-surface-temperature-optimum-interpolation/v2.1/access/avhrr/202607/oisst-avhrr-v02r01.20260723.nc,3f88342283c583f677bc87c94188ce2d5526b9580c2e9cf9ebe5d58b9e7b53bf,extension 2026-10-01; spliced by mhw-splice-ncei
2026-07-24,present,https://www.ncei.noaa.gov/data/sea-surface-temperature-optimum-interpolation/v2.1/access/avhrr/202607/oisst-avhrr-v02r01.20260724.nc,5dd8ccb5b060c4c7b812f0d4e1c1cd150e3ba7ef900965de3673c4e6bd048555,extension 2026-10-01; spliced by mhw-splice-ncei
2026-07-25,present,https://www.ncei.noaa.gov/data/sea-surface-temperature-optimum-interpolation/v2.1/access/avhrr/202607/oisst-avhrr-v02r01.20260725.nc,55b591b28db16c856b94b7171ce1ec76e23447ac1518d42ee4d5b65f07a5c95a,extension 2026-10-01; spliced by mhw-splice-ncei
2026-07-26,present,https://www.ncei.noaa.gov/data/sea-surface-temperature-optimum-interpolation/v2.1/access/avhrr/202607/oisst-avhrr-v02r01.20260726.nc,602b35324a39d3cf27d4849ef0caab197c06a1abe4617a5d4a7dcb41e6865715,extension 2026-10-01; spliced by mhw-splice-ncei
2026-07-27,present,https://www.ncei.noaa.gov/data/sea-surface-temperature-optimum-interpolation/v2.1/access/avhrr/202607/oisst-avhrr-v02r01.20260727.nc,8c12270b8b6effbbfd71ce217489a0eb0be58973241c173649b6ee5a40e7f3f0,extension 2026-10-01; spliced by mhw-splice-ncei
2026-07-28,present,https://www.ncei.noaa.gov/data/sea-surface-temperature-optimum-interpolation/v2.1/access/avhrr/202607/oisst-avhrr-v02r01.20260728.nc,2d947bdb9bfddd2c04e68e7a8a648ba1da1fff0afba724817c97511a08a3bd6e,extension 2026-10-01; spliced by mhw-splice-ncei
2026-07-29,present,https://www.ncei.noaa.gov/data/sea-surface-temperature-optimum-interpolation/v2.1/access/avhrr/202607/oisst-avhrr-v02r01.20260729.nc,be1acd723963c319a8a62181f10d021a1347aa3f9437c29028e5e93af27c26cd,extension 2026-10-01; spliced by mhw-splice-ncei
2026-07-30,present,https://www.ncei.noaa.gov/data/sea-surface-temperature-optimum-interpolation/v2.1/access/avhrr/202607/oisst-avhrr-v02r01.20260730.nc,8b8fda9afc270628d1c8cc3a441f2eede19bc052b78cf9f2f74102ab44e337cf,extension 2026-10-01; spliced by mhw-splice-ncei
2026-07-31,present,https://www.ncei.noaa.gov/data/sea-surface-temperature-optimum-interpolation/v2.1/access/avhrr/202607/oisst-avhrr-v02r01.20260731.nc,7a5d65df7c58fe2aaaf067821965e85535cd2c72ca06b1ae396c5ea064e641f1,extension 2026-10-01; spliced by mhw-splice-ncei
2026-08-01,present,https://www.ncei.noaa.gov/data/sea-surface-temperature-optimum-interpolation/v2.1/access/avhrr/202608/oisst-avhrr-v02r01.20260801.nc,a477f9c3d2ab15b2c2a8adb734745b10717ad3a679e9e4d75d189c1f844952c4,extension 2026-10-01; spliced by mhw-splice-ncei
2026-08-02,present,https://www.ncei.noaa.gov/data/sea-surface-temperature-optimum-interpolation/v2.1/access/avhrr/202608/oisst-avhrr-v02r01.20260802.nc,342e6b75a4da76643f48e27a9c77a71cce246633336d58e71828cf792f1ca775,extension 2026-10-01; spliced by mhw-splice-ncei
2026-08-03,present,https://www.ncei.noaa.gov/data/sea-surface-temperature-optimum-interpolation/v2.1/access/avhrr/202608/oisst-avhrr-v02r01.20260803.nc,655aaba8a981b9a4bf4d812b8d59532fab0e118dee6d6ea050eee72dc215a755,extension 2026-10-01; spliced by mhw-splice-ncei
2026-08-04,present,https://www.ncei.noaa.gov/data/sea-surface-temperature-optimum-interpolation/v2.1/access/avhrr/202608/oisst-avhrr-v02r01.20260804.nc,a6d785cc3ac9e1d7bb92550d918630e40a9666f3cbee2eacc006caa15fbe5ca5,extension 2026-10-01; spliced by mhw-splice-ncei
2026-08-05,present,https://www.ncei.noaa.gov/data/sea-surface-temperature-optimum-interpolation/v2.1/access/avhrr/202608/oisst-avhrr-v02r01.20260805.nc,a8133a92e9f853feac1bc248d0c2e64c4895f983d555cd159863754447d2c9c0,extension 2026-10-01; spliced by mhw-splice-ncei
2026-08-06,present,https://www.ncei.noaa.gov/data/sea-surface-temperature-optimum-interpolation/v2.1/access/avhrr/202608/oisst-avhrr-v02r01.20260806.nc,414e8fe221d270e79babf860aeea399504f728fcb62f6849931742c6cd8205a0,extension 2026-10-01; spliced by mhw-splice-ncei
2026-08-07,present,https://www.ncei.noaa.gov/data/sea-surface-temperature-optimum-interpolation/v2.1/access/avhrr/202608/oisst-avhrr-v02r01.20260807.nc,1544294eb53562c34c4eba4f2e5c811bf38c58babd80e92a4bd6e77948200362,extension 2026-10-01; spliced by mhw-splice-ncei
2026-08-08,present,https://www.ncei.noaa.gov/data/sea-surface-temperature-optimum-interpolation/v2.1/access/avhrr/202608/oisst-avhrr-v02r01.20260808.nc,4d174f611d585a3954425198a8954b4b017acb3261fe1ad653e5b8cc85e3c108,extension 2026-10-01; spliced by mhw-splice-ncei
2026-08-09,present,https://www.ncei.noaa.gov/data/sea-surface-temperature-optimum-interpolation/v2.1/access/avhrr/202608/oisst-avhrr-v02r01.20260809.nc,981360596e0f0be0932c26b9b3ff24b3dbe5a6c933d9e6b2d81b9e9f81ce58f9,extension 2026-10-01; spliced by mhw-splice-ncei
2026-08-10,present,https://www.ncei.noaa.gov/data/sea-surface-temperature-optimum-interpolation/v2.1/access/avhrr/202608/oisst-avhrr-v02r01.20260810.nc,f01991a2c743d40b81330cd00d4771c5bb4ceb45eb607ed2ea18214d1b19e2fd,extension 2026-10-01; spliced by mhw-splice-ncei
2026-08-11,present,https://www.ncei.noaa.gov/data/sea-surface-temperature-optimum-interpolation/v2.1/access/avhrr/202608/oisst-avhrr-v02r01.20260811.nc,7b4b27a4966da734ffcba111d85222668c8b2489d0b3895ef4ea34c1797def3e,extension 2026-10-01; spliced by mhw-splice-ncei
2026-08-12,present,https://www.ncei.noaa.gov/data/sea-surface-temperature-optimum-interpolation/v2.1/access/avhrr/202608/oisst-avhrr-v02r01.20260812.nc,688bb9cc008bd0ebc807391bc7b9185701c37ed927dcc997d50292a9a3c401ee,extension 2026-10-01; spliced by mhw-splice-ncei
2026-08-13,present,https://www.ncei.noaa.gov/data/sea-surface-temperature-optimum-interpolation/v2.1/access/avhrr/202608/oisst-avhrr-v02r01.20260813.nc,ee4ec4ea6cf6c7b457dfe8bbf3787083facaf7730cd22ca7293c7aa3ac6a9c07,extension 2026-10-01; spliced by mhw-splice-ncei
2026-08-14,present,https://www.ncei.noaa.gov/data/sea-surface-temperature-optimum-interpolation/v2.1/access/avhrr/202608/oisst-avhrr-v02r01.20260814.nc,fa9867058c04e915cd72a653c35cea2d1ae2a4eb1a9938144c1776bf3551931e,extension 2026-10-01; spliced by mhw-splice-ncei
2026-08-15,present,https://www.ncei.noaa.gov/data/sea-surface-temperature-optimum-interpolation/v2.1/access/avhrr/202608/oisst-avhrr-v02r01.20260815.nc,66057dfef79884880636b7226ba54bfee903d2c850e9149698c7a2d2fd30af3a,extension 2026-10-01; spliced by mhw-splice-ncei
2026-08-16,present,https://www.ncei.noaa.gov/data/sea-surface-temperature-optimum-interpolation/v2.1/access/avhrr/202608/oisst-avhrr-v02r01.20260816.nc,260008efa44f42c4f37bb5d4e894dd85b96fe873b5f026a05d31d85dda56ab7e,extension 2026-10-01; spliced by mhw-splice-ncei
2026-08-17,present,https://www.ncei.noaa.gov/data/sea-surface-temperature-optimum-interpolation/v2.1/access/avhrr/202608/oisst-avhrr-v02r01.20260817.nc,acfedb6b7167dd83fc9dcde83cddca5823914d658c1b4cd84c6e93088d637d57,extension 2026-10-01; spliced by mhw-splice-ncei
2026-08-18,present,https://www.ncei.noaa.gov/data/sea-surface-temperature-optimum-interpolation/v2.1/access/avhrr/202608/oisst-avhrr-v02r01.20260818.nc,fc535421fb5066f818aa65b72d8a92b6714169290b3c7173b67c3236e159ca57,extension 2026-10-01; spliced by mhw-splice-ncei
2026-08-19,present,https://www.ncei.noaa.gov/data/sea-surface-temperature-optimum-interpolation/v2.1/access/avhrr/202608/oisst-avhrr-v02r01.20260819.nc,594e1a1a868659ace876849f36985cbca8a6a2206a6e0a8e11bc201569107793,extension 2026-10-01; spliced by mhw-splice-ncei
2026-08-20,present,https://www.ncei.noaa.gov/data/sea-surface-temperature-optimum-interpolation/v2.1/access/avhrr/202608/oisst-avhrr-v02r01.20260820.nc,c7bc5311e5799e58883c61f43e0c199f4476183b56bf6772e3df48c580e251ff,extension 2026-10-01; spliced by mhw-splice-ncei
2026-08-21,present,https://www.ncei.noaa.gov/data/sea-surface-temperature-optimum-interpolation/v2.1/access/avhrr/202608/oisst-avhrr-v02r01.20260821.nc,5c3ec59597887ec733b6f9aecf999c0f42ddd6b65efbdfc673a9c743aa848c1a,extension 2026-10-01; spliced by mhw-splice-ncei
2026-08-22,present,https://www.ncei.noaa.gov/data/sea-surface-temperature-optimum-interpolation/v2.1/access/avhrr/202608/oisst-avhrr-v02r01.20260822.nc,709bbad82abf0ea50173150d5e3a2194f9d9d32839f5e408622e3d28f71b3f48,extension 2026-10-01; spliced by mhw-splice-ncei
2026-08-23,present,https://www.ncei.noaa.gov/data/sea-surface-temperature-optimum-interpolation/v2.1/access/avhrr/202608/oisst-avhrr-v02r01.20260823.nc,20600e20a090d585a0f90fb29541357b70252318557c5c133cfae9ce9fcb4c12,extension 2026-10-01; spliced by mhw-splice-ncei
2026-08-24,present,https://www.ncei.noaa.gov/data/sea-surface-temperature-optimum-interpolation/v2.1/access/avhrr/202608/oisst-avhrr-v02r01.20260824.nc,48d65ed1e05d370232b445676097bb87dc9404e9bcd43abaa5fa9b12665b3ad7,extension 2026-10-01; spliced by mhw-splice-ncei
2026-08-25,present,https://www.ncei.noaa.gov/data/sea-surface-temperature-optimum-interpolation/v2.1/access/avhrr/202608/oisst-avhrr-v02r01.20260825.nc,a5af5a18be5612e2e09635ddac130459c668f2af963737b02e697c5ab29cb9f1,extension 2026-10-01; spliced by mhw-splice-ncei
2026-08-26,present,https://www.ncei.noaa.gov/data/sea-surface-temperature-optimum-interpolation/v2.1/access/avhrr/202608/oisst-avhrr-v02r01.20260826.nc,9078e6df625a4dc5aa5ed5d0dddce9efe46f6069599c66b96d2d7d30c50dd171,extension 2026-10-01; spliced by mhw-splice-ncei
2026-08-27,present,https://www.ncei.noaa.gov/data/sea-surface-temperature-optimum-interpolation/v2.1/access/avhrr/202608/oisst-avhrr-v02r01.20260827.nc,fdf24c42156b4a8764a1da724959814c758261484e8c9043266a3bf758b6585a,extension 2026-10-01; spliced by mhw-splice-ncei
2026-08-28,present,https://www.ncei.noaa.gov/data/sea-surface-temperature-optimum-interpolation/v2.1/access/avhrr/202608/oisst-avhrr-v02r01.20260828.nc,3775ecddcab4681aba9857d5d3c4ee428aac8f7397bb2cf4b5069df6a44b11cd,extension 2026-10-01; spliced by mhw-splice-ncei
2026-08-29,present,https://www.ncei.noaa.gov/data/sea-surface-temperature-optimum-interpolation/v2.1/access/avhrr/202608/oisst-avhrr-v02r01.20260829.nc,cbc92a21cd36b120998131684c2728c1895af9a5e2deb488ae55814b6ecb0f3e,extension 2026-10-01; spliced by mhw-splice-ncei
2026-08-30,present,https://www.ncei.noaa.gov/data/sea-surface-temperature-optimum-interpolation/v2.1/access/avhrr/202608/oisst-avhrr-v02r01.20260830.nc,92164f42d45842ac68fb98d8811aabddf8842edce1f2aa2c3b5cc991e189236d,extension 2026-10-01; spliced by mhw-splice-ncei
2026-08-31,present,https://www.ncei.noaa.gov/data/sea-surface-temperature-optimum-interpolation/v2.1/access/avhrr/202608/oisst-avhrr-v02r01.20260831.nc,bc7f5cbbfe37e8caed21d0a2daf9a3e454358f65fce3d3b248e51950d7c1f079,extension 2026-10-01; spliced by mhw-splice-ncei
