ncei_file,kind,max_abs_dsst,ice_presence_mismatch_cells,sst_nan_mismatch_cells,stale
oisst-avhrr-v02r01.20200228.nc,candidate,9.5367431640625e-07,0,0,False
oisst-avhrr-v02r01.20200229.nc,candidate,9.5367431640625e-07,0,0,False
oisst-avhrr-v02r01.20200301.nc,candidate,9.5367431640625e-07,0,0,False
oisst-avhrr-v02r01.20200302.nc,candidate,9.5367431640625e-07,0,0,False
oisst-avhrr-v02r01.20200303.nc,candidate,9.5367431640625e-07,0,0,False
oisst-avhrr-v02r01.20200304.nc,candidate,4.76837158203125e-07,0,0,False
oisst-avhrr-v02r01.20200305.nc,candidate,4.76837158203125e-07,0,0,False
oisst-avhrr-v02r01.20200306.nc,candidate,4.76837158203125e-07,0,0,False
oisst-avhrr-v02r01.20200307.nc,candidate,4.76837158203125e-07,0,0,False
oisst-avhrr-v02r01.20200308.nc,candidate,9.5367431640625e-07,0,0,False
oisst-avhrr-v02r01.20200309.nc,candidate,9.5367431640625e-07,0,0,False
oisst-avhrr-v02r01.20200310.nc,candidate,9.5367431640625e-07,0,0,False
oisst-avhrr-v02r01.20200311.nc,candidate,9.5367431640625e-07,0,0,False
oisst-avhrr-v02r01.20200312.nc,candidate,9.5367431640625e-07,0,0,False
oisst-avhrr-v02r01.20200313.nc,candidate,9.5367431640625e-07,0,0,False
oisst-avhrr-v02r01.20200314.nc,candidate,9.5367431640625e-07,0,0,False
oisst-avhrr-v02r01.20200315.nc,candidate,9.5367431640625e-07,0,0,False
oisst-avhrr-v02r01.20200316.nc,candidate,9.5367431640625e-07,0,0,False
oisst-avhrr-v02r01.20200317.nc,candidate,9.5367431640625e-07,0,0,False
oisst-avhrr-v02r01.20200318.nc,candidate,9.5367431640625e-07,0,0,False
oisst-avhrr-v02r01.20200319.nc,candidate,9.5367431640625e-07,0,0,False
oisst-avhrr-v02r01.20200320.nc,candidate,9.5367431640625e-07,0,0,False
oisst-avhrr-v02r01.20200321.nc,candidate,9.5367431640625e-07,0,0,False
oisst-avhrr-v02r01.20200322.nc,candidate,9.5367431640625e-07,0,0,False
oisst-avhrr-v02r01.20200323.nc,candidate,4.76837158203125e-07,0,0,False
oisst-avhrr-v02r01.20200324.nc,candidate,4.76837158203125e-07,0,0,False
oisst-avhrr-v02r01.20200325.nc,candidate,4.76837158203125e-07,0,0,False
oisst-avhrr-v02r01.20200326.nc,candidate,4.76837158203125e-07,0,0,False
oisst-avhrr-v02r01.20200327.nc,candidate,4.76837158203125e-07,0,0,False
oisst-avhrr-v02r01.20200328.nc,candidate,4.76837158203125e-07,0,0,False
oisst-avhrr-v02r01.20200329.nc,candidate,4.76837158203125e-07,0,0,False
oisst-avhrr-v02r01.20200330.nc,candidate,4.76837158203125e-07,0,0,False
oisst-avhrr-v02r01.20200331.nc,candidate,4.76837158203125e-07,0,0,False
oisst-avhrr-v02r01.20240331.nc,candidate,0.0,0,0,False
oisst-avhrr-v02r01.20240422.nc,candidate,1.5199999809265137,6353,0,True
oisst-avhrr-v02r01.20240423.nc,candidate,2.809999942779541,6301,0,True
oisst-avhrr-v02r01.20240424.nc,candidate,3.0,6237,0,True
oisst-avhrr-v02r01.20240425.nc,candidate,1.9800000190734863,6209,0,True
oisst-avhrr-v02r01.20240426.nc,candidate,2.2100000381469727,6145,0,True
oisst-avhrr-v02r01.20240805.nc,candidate,1.9073486328125e-06,0,0,False
oisst-avhrr-v02r01.20240913.nc,candidate,1.9073486328125e-06,0,0,False
oisst-avhrr-v02r01.20240914.nc,candidate,1.9073486328125e-06,0,0,False
oisst-avhrr-v02r01.20250810.nc,candidate,1.9073486328125e-06,0,0,False
oisst-avhrr-v02r01.20250811.nc,candidate,1.9073486328125e-06,0,0,False
oisst-avhrr-v02r01.20250812.nc,candidate,1.9073486328125e-06,0,0,False
oisst-avhrr-v02r01.20250813.nc,candidate,1.9073486328125e-06,0,0,False
oisst-avhrr-v02r01.20250814.nc,candidate,1.9073486328125e-06,0,0,False
oisst-avhrr-v02r01.20250815.nc,candidate,1.9073486328125e-06,0,0,False
oisst-avhrr-v02r01.20250816.nc,candidate,1.9073486328125e-06,0,0,False
oisst-avhrr-v02r01.20250817.nc,candidate,9.5367431640625e-07,0,0,False
oisst-avhrr-v02r01.20250902.nc,candidate,1.9073486328125e-06,0,0,False
oisst-avhrr-v02r01.20250903.nc,candidate,1.9073486328125e-06,0,0,False
oisst-avhrr-v02r01.20250904.nc,candidate,1.9073486328125e-06,0,0,False
oisst-avhrr-v02r01.20250905.nc,candidate,1.9073486328125e-06,0,0,False
oisst-avhrr-v02r01.20250906.nc,candidate,1.9073486328125e-06,0,0,False
oisst-avhrr-v02r01.20250907.nc,candidate,1.9073486328125e-06,0,0,False
oisst-avhrr-v02r01.20250908.nc,candidate,1.9073486328125e-06,0,0,False
oisst-avhrr-v02r01.20250909.nc,candidate,1.9073486328125e-06,0,0,False
oisst-avhrr-v02r01.20250910.nc,candidate,1.9073486328125e-06,0,0,False
oisst-avhrr-v02r01.20250911.nc,candidate,1.9073486328125e-06,0,0,False
oisst-avhrr-v02r01.20250912.nc,candidate,1.9073486328125e-06,0,0,False
oisst-avhrr-v02r01.20250913.nc,candidate,1.9073486328125e-06,0,0,False
oisst-avhrr-v02r01.20250914.nc,candidate,1.9073486328125e-06,0,0,False
oisst-avhrr-v02r01.20250915.nc,candidate,1.9073486328125e-06,0,0,False
oisst-avhrr-v02r01.20250916.nc,candidate,1.9073486328125e-06,0,0,False
oisst-avhrr-v02r01.20250917.nc,candidate,1.9073486328125e-06,0,0,False
oisst-avhrr-v02r01.20250918.nc,candidate,1.9073486328125e-06,0,0,False
oisst-avhrr-v02r01.20250919.nc,candidate,1.9073486328125e-06,0,0,False
oisst-avhrr-v02r01.20250920.nc,candidate,9.5367431640625e-07,0,0,False
oisst-avhrr-v02r01.20250921.nc,candidate,9.5367431640625e-07,0,0,False
oisst-avhrr-v02r01.20250922.nc,candidate,9.5367431640625e-07,0,0,False
oisst-avhrr-v02r01.20250923.nc,candidate,9.5367431640625e-07,0,0,False
oisst-avhrr-v02r01.20250924.nc,candidate,9.5367431640625e-07,0,0,False
oisst-avhrr-v02r01.20250925.nc,candidate,9.5367431640625e-07,0,0,False
oisst-avhrr-v02r01.20250926.nc,candidate,9.5367431640625e-07,0,0,False
oisst-avhrr-v02r01.20250927.nc,candidate,9.5367431640625e-07,0,0,False
oisst-avhrr-v02r01.20250928.nc,candidate,9.5367431640625e-07,0,0,False
oisst-avhrr-v02r01.20250929.nc,candidate,9.5367431640625e-07,0,0,False
oisst-avhrr-v02r01.20250930.nc,candidate,9.5367431640625e-07,0,0,False
oisst-avhrr-v02r01.20251001.nc,candidate,9.5367431640625e-07,0,0,False
oisst-avhrr-v02r01.20251002.nc,candidate,9.5367431640625e-07,0,0,False
oisst-avhrr-v02r01.20251003.nc,candidate,9.5367431640625e-07,0,0,False
oisst-avhrr-v02r01.20251004.nc,candidate,9.5367431640625e-07,0,0,False
oisst-avhrr-v02r01.20251005.nc,candidate,9.5367431640625e-07,0,0,False
oisst-avhrr-v02r01.20251006.nc,candidate,9.5367431640625e-07,0,0,False
oisst-avhrr-v02r01.20251007.nc,candidate,9.5367431640625e-07,0,0,False
oisst-avhrr-v02r01.20251008.nc,candidate,9.5367431640625e-07,0,0,False
oisst-avhrr-v02r01.20251009.nc,candidate,9.5367431640625e-07,0,0,False
oisst-avhrr-v02r01.20251010.nc,candidate,9.5367431640625e-07,0,0,False
oisst-avhrr-v02r01.20251011.nc,candidate,9.5367431640625e-07,0,0,False
oisst-avhrr-v02r01.20251012.nc,candidate,9.5367431640625e-07,0,0,False
oisst-avhrr-v02r01.20251013.nc,candidate,9.5367431640625e-07,0,0,False
oisst-avhrr-v02r01.20251014.nc,candidate,9.5367431640625e-07,0,0,False
oisst-avhrr-v02r01.20251015.nc,candidate,9.5367431640625e-07,0,0,False
oisst-avhrr-v02r01.20251016.nc,candidate,9.5367431640625e-07,0,0,False
oisst-avhrr-v02r01.20251017.nc,candidate,9.5367431640625e-07,0,0,False
oisst-avhrr-v02r01.20251018.nc,candidate,9.5367431640625e-07,0,0,False
oisst-avhrr-v02r01.20251019.nc,candidate,9.5367431640625e-07,0,0,False
oisst-avhrr-v02r01.20251021.nc,candidate,9.5367431640625e-07,0,0,False
oisst-avhrr-v02r01.20260306.nc,candidate,9.5367431640625e-07,0,0,False
oisst-avhrr-v02r01.20140510.nc,control,9.5367431640625e-07,0,0,False
oisst-avhrr-v02r01.19940123.nc,control,9.5367431640625e-07,0,0,False
oisst-avhrr-v02r01.20260402.nc,control,9.5367431640625e-07,0,0,False
oisst-avhrr-v02r01.19950721.nc,control,9.5367431640625e-07,0,0,False
oisst-avhrr-v02r01.19850701.nc,control,9.5367431640625e-07,0,0,False
oisst-avhrr-v02r01.20230330.nc,control,4.76837158203125e-07,0,0,False
oisst-avhrr-v02r01.20010222.nc,control,4.76837158203125e-07,0,0,False
oisst-avhrr-v02r01.19970629.nc,control,9.5367431640625e-07,0,0,False
oisst-avhrr-v02r01.20250726.nc,control,1.9073486328125e-06,0,0,False
oisst-avhrr-v02r01.20260203.nc,control,9.5367431640625e-07,0,0,False
oisst-avhrr-v02r01.20180218.nc,control,9.5367431640625e-07,0,0,False
oisst-avhrr-v02r01.20231009.nc,control,9.5367431640625e-07,0,0,False
oisst-avhrr-v02r01.19940611.nc,control,9.5367431640625e-07,0,0,False
oisst-avhrr-v02r01.20160527.nc,control,9.5367431640625e-07,0,0,False
oisst-avhrr-v02r01.19911006.nc,control,9.5367431640625e-07,0,0,False
oisst-avhrr-v02r01.20091220.nc,control,9.5367431640625e-07,0,0,False
oisst-avhrr-v02r01.20050409.nc,control,9.5367431640625e-07,0,0,False
oisst-avhrr-v02r01.19940803.nc,control,1.9073486328125e-06,0,0,False
oisst-avhrr-v02r01.19901128.nc,control,9.5367431640625e-07,0,0,False
oisst-avhrr-v02r01.20020421.nc,control,4.76837158203125e-07,0,0,False
oisst-avhrr-v02r01.19871129.nc,control,9.5367431640625e-07,0,0,False
oisst-avhrr-v02r01.20031226.nc,control,9.5367431640625e-07,0,0,False
oisst-avhrr-v02r01.20171126.nc,control,9.5367431640625e-07,0,0,False
oisst-avhrr-v02r01.19820820.nc,control,9.5367431640625e-07,0,0,False
oisst-avhrr-v02r01.20220915.nc,control,1.9073486328125e-06,0,0,False
oisst-avhrr-v02r01.20030423.nc,control,9.5367431640625e-07,0,0,False
oisst-avhrr-v02r01.19860928.nc,control,9.5367431640625e-07,0,0,False
oisst-avhrr-v02r01.19900627.nc,control,9.5367431640625e-07,0,0,False
oisst-avhrr-v02r01.20210204.nc,control,9.5367431640625e-07,0,0,False
oisst-avhrr-v02r01.20250611.nc,control,9.5367431640625e-07,0,0,False
oisst-avhrr-v02r01.20210728.nc,control,9.5367431640625e-07,0,0,False
oisst-avhrr-v02r01.20080416.nc,control,4.76837158203125e-07,0,0,False
oisst-avhrr-v02r01.19880910.nc,control,9.5367431640625e-07,0,0,False
oisst-avhrr-v02r01.20150710.nc,control,1.9073486328125e-06,0,0,False
oisst-avhrr-v02r01.20191103.nc,control,9.5367431640625e-07,0,0,False
oisst-avhrr-v02r01.20231005.nc,control,9.5367431640625e-07,0,0,False
oisst-avhrr-v02r01.19821014.nc,control,9.5367431640625e-07,0,0,False
oisst-avhrr-v02r01.19891103.nc,control,9.5367431640625e-07,0,0,False
oisst-avhrr-v02r01.19880202.nc,control,9.5367431640625e-07,0,0,False
oisst-avhrr-v02r01.20221111.nc,control,9.5367431640625e-07,0,0,False
oisst-avhrr-v02r01.20170705.nc,control,9.5367431640625e-07,0,0,False
oisst-avhrr-v02r01.20010109.nc,control,9.5367431640625e-07,0,0,False
oisst-avhrr-v02r01.19950711.nc,control,9.5367431640625e-07,0,0,False
oisst-avhrr-v02r01.20070917.nc,control,9.5367431640625e-07,0,0,False
oisst-avhrr-v02r01.20230621.nc,control,9.5367431640625e-07,0,0,False
oisst-avhrr-v02r01.20220830.nc,control,1.9073486328125e-06,0,0,False
oisst-avhrr-v02r01.20140116.nc,control,9.5367431640625e-07,0,0,False
oisst-avhrr-v02r01.20170430.nc,control,9.5367431640625e-07,0,0,False
oisst-avhrr-v02r01.20250401.nc,control,9.5367431640625e-07,0,0,False
oisst-avhrr-v02r01.20130705.nc,control,9.5367431640625e-07,0,0,False
oisst-avhrr-v02r01.19830416.nc,control,9.5367431640625e-07,0,0,False
oisst-avhrr-v02r01.19851130.nc,control,9.5367431640625e-07,0,0,False
oisst-avhrr-v02r01.20160302.nc,control,9.5367431640625e-07,0,0,False
oisst-avhrr-v02r01.20000616.nc,control,9.5367431640625e-07,0,0,False
oisst-avhrr-v02r01.20140524.nc,control,9.5367431640625e-07,0,0,False
oisst-avhrr-v02r01.20020709.nc,control,9.5367431640625e-07,0,0,False
oisst-avhrr-v02r01.19830918.nc,control,9.5367431640625e-07,0,0,False
oisst-avhrr-v02r01.20090321.nc,control,4.76837158203125e-07,0,0,False
oisst-avhrr-v02r01.20101130.nc,control,9.5367431640625e-07,0,0,False
oisst-avhrr-v02r01.19821121.nc,control,9.5367431640625e-07,0,0,False
oisst-avhrr-v02r01.20231215.nc,control,9.5367431640625e-07,0,0,False
oisst-avhrr-v02r01.19830618.nc,control,9.5367431640625e-07,0,0,False
oisst-avhrr-v02r01.19890708.nc,control,9.5367431640625e-07,0,0,False
oisst-avhrr-v02r01.19821118.nc,control,9.5367431640625e-07,0,0,False
oisst-avhrr-v02r01.20030927.nc,control,9.5367431640625e-07,0,0,False
oisst-avhrr-v02r01.19950903.nc,control,9.5367431640625e-07,0,0,False
oisst-avhrr-v02r01.19900305.nc,control,4.76837158203125e-07,0,0,False
oisst-avhrr-v02r01.20231105.nc,control,9.5367431640625e-07,0,0,False
oisst-avhrr-v02r01.20110516.nc,control,9.5367431640625e-07,0,0,False
oisst-avhrr-v02r01.19851204.nc,control,9.5367431640625e-07,0,0,False
oisst-avhrr-v02r01.20250818.nc,control,9.5367431640625e-07,0,0,False
oisst-avhrr-v02r01.19830706.nc,control,9.5367431640625e-07,0,0,False
oisst-avhrr-v02r01.20120718.nc,control,9.5367431640625e-07,0,0,False
oisst-avhrr-v02r01.19970809.nc,control,1.9073486328125e-06,0,0,False
oisst-avhrr-v02r01.20210118.nc,control,9.5367431640625e-07,0,0,False
oisst-avhrr-v02r01.19930330.nc,control,9.5367431640625e-07,0,0,False
oisst-avhrr-v02r01.20040323.nc,control,9.5367431640625e-07,0,0,False
oisst-avhrr-v02r01.20151022.nc,control,9.5367431640625e-07,0,0,False
oisst-avhrr-v02r01.19940508.nc,control,9.5367431640625e-07,0,0,False
oisst-avhrr-v02r01.19890615.nc,control,9.5367431640625e-07,0,0,False
