zone,changed_date,column,old,new,delta
sebs,2002-12-01,area_frac,0.06645447760820389,0.06643175333738327,-2.2724270820617676e-05
sebs,2003-02-01,area_frac,0.18390654027462006,0.18387942016124725,-2.7120113372802734e-05
sebs,2003-11-01,area_frac,0.3683210611343384,0.36824384331703186,-7.721781730651855e-05
sebs,2019-04-01,area_frac,0.531725287437439,0.5317022800445557,-2.300739288330078e-05
sebs,2019-05-01,area_frac,0.5681808590888977,0.5681586861610413,-2.2172927856445312e-05
sebs,2002-12-01,Ibar,1.7500094175338745,1.7513474225997925,0.0013380050659179688
sebs,2003-02-01,Ibar,1.6447393894195557,1.6448627710342407,0.0001233816146850586
sebs,2003-11-01,Ibar,1.524208903312683,1.5244481563568115,0.00023925304412841797
sebs,2019-04-01,Ibar,1.810588002204895,1.810642123222351,5.412101745605469e-05
sebs,2019-05-01,Ibar,2.3608031272888184,2.3608546257019043,5.14984130859375e-05
sebs,2002-12-01,Dbar,8.645668983459473,8.647055625915527,0.0013866424560546875
sebs,2003-02-01,Dbar,6.847026824951172,6.847108364105225,8.153915405273438e-05
sebs,2003-11-01,Dbar,12.8540678024292,12.854059219360352,-8.58306884765625e-06
sebs,2019-04-01,Dbar,12.938251495361328,12.938448905944824,0.00019741058349609375
sebs,2019-05-01,Dbar,27.61054229736328,27.610702514648438,0.00016021728515625
sebs,2002-12-01,Cbar,17.146665573120117,17.15305519104004,0.006389617919921875
sebs,2003-02-01,Cbar,10.739480018615723,10.739701271057129,0.00022125244140625
sebs,2003-11-01,Cbar,20.98868179321289,20.98923683166504,0.0005550384521484375
sebs,2019-04-01,Cbar,23.27851676940918,23.279016494750977,0.000499725341796875
sebs,2019-05-01,Cbar,61.938541412353516,61.939002990722656,0.000461578369140625
sebs,2002-12-01,Obar,0.013807181268930435,0.01380897406488657,1.7927959561347961e-06
sebs,2003-02-01,Obar,0.01121995598077774,0.011220457032322884,5.010515451431274e-07
sebs,2003-11-01,Obar,0.0049177599139511585,0.004919623490422964,1.8635764718055725e-06
sebs,2019-04-01,Obar,0.008206774480640888,0.008206960745155811,1.862645149230957e-07
sebs,2019-05-01,Obar,0.0063635120168328285,0.006363794207572937,2.8219074010849e-07
nbs,1982-02-01,area_frac,0.005930860992521048,0.0057296366430819035,-0.00020122434943914413
nbs,1984-12-01,area_frac,0.0033646514639258385,0.0033271072898060083,-3.754417411983013e-05
nbs,1985-01-01,area_frac,0.04387310892343521,0.040399469435214996,-0.003473639488220215
nbs,1985-02-01,area_frac,0.09220661967992783,0.08839673548936844,-0.003809884190559387
nbs,1982-02-01,Ibar,1.076079249382019,1.0724610090255737,-0.0036182403564453125
nbs,1984-12-01,Ibar,0.5558568239212036,0.5538982152938843,-0.001958608627319336
nbs,1985-01-01,Ibar,1.079984426498413,0.9477134346961975,-0.13227099180221558
nbs,1985-02-01,Ibar,0.9405769109725952,0.9543441534042358,0.013767242431640625
nbs,1982-02-01,Dbar,3.942518711090088,3.959725856781006,0.01720714569091797
nbs,1984-12-01,Dbar,2.1844539642333984,2.1984221935272217,0.013968229293823242
nbs,1985-01-01,Dbar,4.734094142913818,4.046025276184082,-0.6880688667297363
nbs,1985-02-01,Dbar,11.047075271606445,10.678510665893555,-0.3685646057128906
nbs,1982-02-01,Cbar,4.3144097328186035,4.309229373931885,-0.00518035888671875
nbs,1984-12-01,Cbar,2.406114339828491,2.4197280406951904,0.013613700866699219
nbs,1985-01-01,Cbar,5.159900665283203,4.106400489807129,-1.0535001754760742
nbs,1985-02-01,Cbar,15.008661270141602,14.769652366638184,-0.23900890350341797
nbs,1982-02-01,Obar,0.03083108365535736,0.02655305527150631,-0.004278028383851051
nbs,1984-12-01,Obar,0.040520891547203064,0.03874875232577324,-0.0017721392214298248
nbs,1985-01-01,Obar,0.01639610528945923,0.015728548169136047,-0.0006675571203231812
nbs,1985-02-01,Obar,0.03968760371208191,0.040969621390104294,0.0012820176780223846
wgoa,1998-02-01,area_frac,0.19652941823005676,0.19648191332817078,-4.750490188598633e-05
wgoa,2003-01-01,area_frac,0.26643478870391846,0.26641276478767395,-2.2023916244506836e-05
wgoa,2003-02-01,area_frac,0.37543636560440063,0.375387579202652,-4.8786401748657227e-05
wgoa,1998-02-01,Ibar,1.733219027519226,1.7340935468673706,0.0008745193481445312
wgoa,2003-01-01,Ibar,1.3038678169250488,1.3039348125457764,6.699562072753906e-05
wgoa,2003-02-01,Ibar,1.5583552122116089,1.5586203336715698,0.0002651214599609375
wgoa,1998-02-01,Dbar,8.845139503479004,8.844840049743652,-0.0002994537353515625
wgoa,2003-01-01,Dbar,8.197027206420898,8.196887016296387,-0.00014019012451171875
wgoa,2003-02-01,Dbar,12.656572341918945,12.657768249511719,0.0011959075927734375
wgoa,1998-02-01,Cbar,15.719403266906738,15.719362258911133,-4.100799560546875e-05
wgoa,2003-01-01,Cbar,11.127094268798828,11.127018928527832,-7.534027099609375e-05
wgoa,2003-02-01,Cbar,18.914152145385742,18.916250228881836,0.00209808349609375
wgoa,1998-02-01,Obar,0.01704290136694908,0.01705845631659031,1.5554949641227722e-05
wgoa,2003-01-01,Obar,0.03518182784318924,0.03518303483724594,1.2069940567016602e-06
wgoa,2003-02-01,Obar,0.010898449458181858,0.010899352841079235,9.033828973770142e-07
egoa,1998-02-01,area_frac,0.295037180185318,0.29496169090270996,-7.548928260803223e-05
egoa,1998-03-01,area_frac,0.4547240436077118,0.45469146966934204,-3.2573938369750977e-05
egoa,2001-01-01,area_frac,0.005519567057490349,0.005457217339426279,-6.234971806406975e-05
egoa,2002-12-01,area_frac,0.5261889100074768,0.5261255502700806,-6.335973739624023e-05
egoa,1998-02-01,Ibar,1.395346999168396,1.3957111835479736,0.0003641843795776367
egoa,1998-03-01,Ibar,1.433037519454956,1.433138370513916,0.00010085105895996094
egoa,2001-01-01,Ibar,1.1577067375183105,1.1744656562805176,0.01675891876220703
egoa,2002-12-01,Ibar,1.5432530641555786,1.5434061288833618,0.00015306472778320312
egoa,1998-02-01,Dbar,9.883188247680664,9.881372451782227,-0.0018157958984375
egoa,1998-03-01,Dbar,17.541234970092773,17.54157829284668,0.00034332275390625
egoa,2001-01-01,Dbar,5.18555212020874,5.145694732666016,-0.03985738754272461
egoa,2002-12-01,Dbar,17.84968376159668,17.850194931030273,0.00051116943359375
egoa,1998-02-01,Cbar,13.84124755859375,13.83914852142334,-0.0020990371704101562
egoa,1998-03-01,Cbar,25.525991439819336,25.52655792236328,0.0005664825439453125
egoa,2001-01-01,Cbar,7.780486106872559,7.749989986419678,-0.03049612045288086
egoa,2002-12-01,Cbar,30.634580612182617,30.635700225830078,0.0011196136474609375
egoa,1998-02-01,Obar,0.01104739960283041,0.01105105597525835,3.6563724279403687e-06
egoa,1998-03-01,Obar,0.006980596575886011,0.006980930455029011,3.3387914299964905e-07
egoa,2002-12-01,Obar,0.005154591519385576,0.005155589897185564,9.98377799987793e-07
ai_east,1985-01-01,area_frac,0.3752876818180084,0.37521955370903015,-6.812810897827148e-05
ai_east,1995-12-01,area_frac,0.12334746867418289,0.12320876866579056,-0.00013870000839233398
ai_east,1998-03-01,area_frac,0.2716642916202545,0.27159494161605835,-6.935000419616699e-05
ai_east,2003-03-01,area_frac,0.20916520059108734,0.20909544825553894,-6.975233554840088e-05
ai_east,1985-01-01,Ibar,1.2114579677581787,1.2117270231246948,0.0002690553665161133
ai_east,1995-12-01,Ibar,0.8952686190605164,0.8955182433128357,0.00024962425231933594
ai_east,1998-03-01,Ibar,1.4098745584487915,1.4102293252944946,0.000354766845703125
ai_east,2003-03-01,Ibar,1.2703979015350342,1.270757794380188,0.0003598928451538086
ai_east,1985-01-01,Dbar,16.70209503173828,16.7028865814209,0.0007915496826171875
ai_east,1995-12-01,Dbar,4.507512092590332,4.507035255432129,-0.000476837158203125
ai_east,1998-03-01,Dbar,9.265889167785645,9.266693115234375,0.0008039474487304688
ai_east,2003-03-01,Dbar,12.012038230895996,12.014168739318848,0.0021305084228515625
ai_east,1985-01-01,Cbar,24.226537704467773,24.2292423248291,0.002704620361328125
ai_east,1995-12-01,Cbar,4.523556709289551,4.523350715637207,-0.00020599365234375
ai_east,1998-03-01,Cbar,13.670941352844238,13.671449661254883,0.0005083084106445312
ai_east,2003-03-01,Cbar,17.81918716430664,17.822256088256836,0.0030689239501953125
ai_east,1985-01-01,Obar,0.0031406197231262922,0.0031414772383868694,8.575152605772018e-07
ai_east,1995-12-01,Obar,0.021823657676577568,0.021825626492500305,1.9688159227371216e-06
ai_east,1998-03-01,Obar,0.01627225987613201,0.016286740079522133,1.448020339012146e-05
chukchi,1990-08-01,area_frac,0.13757552206516266,0.1375409960746765,-3.452599048614502e-05
chukchi,2019-08-01,area_frac,0.6493528485298157,0.6491115689277649,-0.00024127960205078125
chukchi,2022-11-01,area_frac,0.04279664531350136,0.04273470863699913,-6.193667650222778e-05
chukchi,1990-08-01,Ibar,2.679807662963867,2.680389881134033,0.0005822181701660156
chukchi,2019-08-01,Ibar,3.571655511856079,3.5729241371154785,0.001268625259399414
chukchi,2022-11-01,Ibar,1.2386822700500488,1.2402722835540771,0.0015900135040283203
chukchi,1990-08-01,Dbar,12.14931583404541,12.148396492004395,-0.000919342041015625
chukchi,2019-08-01,Dbar,27.24549674987793,27.249319076538086,0.00382232666015625
chukchi,2022-11-01,Dbar,5.8912482261657715,5.891199111938477,-4.9114227294921875e-05
chukchi,1990-08-01,Cbar,35.20039367675781,35.19914627075195,-0.001247406005859375
chukchi,2019-08-01,Cbar,105.10920715332031,105.12525939941406,0.01605224609375
chukchi,2022-11-01,Cbar,10.120585441589355,10.123071670532227,0.0024862289428710938
chukchi,1990-08-01,Obar,0.018906215205788612,0.018913472071290016,7.256865501403809e-06
chukchi,2019-08-01,Obar,0.008406467735767365,0.008409763686358929,3.2959505915641785e-06
beaufort,2021-10-01,area_frac,0.021223820745944977,0.02107117511332035,-0.00015264563262462616
beaufort,2023-08-01,area_frac,0.30312883853912354,0.30305832624435425,-7.051229476928711e-05
beaufort,2023-09-01,area_frac,0.17330177128314972,0.17322340607643127,-7.836520671844482e-05
beaufort,2025-11-01,area_frac,0.006031713914126158,0.005834547802805901,-0.0001971661113202572
beaufort,2021-10-01,Ibar,1.508894681930542,1.5420935153961182,0.03319883346557617
beaufort,2023-08-01,Ibar,4.171846866607666,4.17316198348999,0.0013151168823242188
beaufort,2023-09-01,Ibar,2.423872232437134,2.424546718597412,0.0006744861602783203
beaufort,2025-11-01,Ibar,0.5644544363021851,0.5735948085784912,0.009140372276306152
beaufort,2021-10-01,Dbar,12.529478073120117,12.518351554870605,-0.011126518249511719
beaufort,2023-08-01,Dbar,16.337871551513672,16.339324951171875,0.001453399658203125
beaufort,2023-09-01,Dbar,9.112004280090332,9.11095142364502,-0.0010528564453125
beaufort,2025-11-01,Dbar,8.433243751525879,8.55667781829834,0.12343406677246094
beaufort,2021-10-01,Cbar,25.844463348388672,25.73432731628418,-0.11013603210449219
beaufort,2023-08-01,Cbar,78.08335876464844,78.0939712524414,0.01061248779296875
beaufort,2023-09-01,Cbar,27.213212966918945,27.21162223815918,-0.001590728759765625
beaufort,2025-11-01,Cbar,9.390885353088379,9.59761905670166,0.20673370361328125
beaufort,2023-08-01,Obar,0.016360288485884666,0.01636134460568428,1.0561197996139526e-06
beaufort,2023-09-01,Obar,0.01781722716987133,0.017818633466959,1.4062970876693726e-06
beaufort,2025-11-01,Obar,0.007079943548887968,0.006818254012614489,-0.00026168953627347946
ebs,1982-02-01,area_frac,0.05152929946780205,0.05145695433020592,-7.234513759613037e-05
ebs,1984-12-01,area_frac,0.016185637563467026,0.0161721371114254,-1.3500452041625977e-05
ebs,1985-01-01,area_frac,0.16525791585445404,0.1640090048313141,-0.0012489110231399536
ebs,1985-02-01,area_frac,0.13442501425743103,0.1330551952123642,-0.0013698190450668335
ebs,2002-12-01,area_frac,0.06906770914793015,0.06905315071344376,-1.455843448638916e-05
ebs,2003-02-01,area_frac,0.11965937167406082,0.11964201182126999,-1.735985279083252e-05
ebs,2003-11-01,area_frac,0.3171748220920563,0.3171253800392151,-4.9442052841186523e-05
ebs,2019-04-01,area_frac,0.359793096780777,0.35977840423583984,-1.4692544937133789e-05
ebs,2019-05-01,area_frac,0.4073520302772522,0.4073377847671509,-1.424551010131836e-05
ebs,1982-02-01,Ibar,1.0698148012161255,1.0697754621505737,-3.933906555175781e-05
ebs,1984-12-01,Ibar,1.1999711990356445,1.1998308897018433,-0.00014030933380126953
ebs,1985-01-01,Ibar,1.4160727262496948,1.4190888404846191,0.0030161142349243164
ebs,1985-02-01,Ibar,1.070595622062683,1.0744158029556274,0.003820180892944336
ebs,2002-12-01,Ibar,1.6781870126724243,1.678688406944275,0.0005013942718505859
ebs,2003-02-01,Ibar,1.6180143356323242,1.6181362867355347,0.00012195110321044922
ebs,2003-11-01,Ibar,1.6076537370681763,1.6078472137451172,0.00019347667694091797
ebs,2019-04-01,Ibar,1.7736742496490479,1.7737258672714233,5.161762237548828e-05
ebs,2019-05-01,Ibar,2.3620433807373047,2.3620920181274414,4.863739013671875e-05
ebs,1982-02-01,Dbar,8.167096138000488,8.174484252929688,0.007388114929199219
ebs,1984-12-01,Dbar,5.0436787605285645,5.0451812744140625,0.0015025138854980469
ebs,1985-01-01,Dbar,7.920773506164551,7.928102493286133,0.007328987121582031
ebs,1985-02-01,Dbar,12.682011604309082,12.614764213562012,-0.06724739074707031
ebs,2002-12-01,Dbar,7.68239688873291,7.682436466217041,3.9577484130859375e-05
ebs,2003-02-01,Dbar,6.908717155456543,6.908799171447754,8.20159912109375e-05
ebs,2003-11-01,Dbar,14.059126853942871,14.05921745300293,9.059906005859375e-05
ebs,2019-04-01,Dbar,12.626977920532227,12.627155303955078,0.0001773834228515625
ebs,2019-05-01,Dbar,25.003015518188477,25.003158569335938,0.0001430511474609375
ebs,1982-02-01,Cbar,8.821212768554688,8.827971458435059,0.006758689880371094
ebs,1984-12-01,Cbar,5.765700817108154,5.767557144165039,0.0018563270568847656
ebs,1985-01-01,Cbar,11.355000495910645,11.384956359863281,0.02995586395263672
ebs,1985-02-01,Cbar,18.56013298034668,18.536991119384766,-0.023141860961914062
ebs,2002-12-01,Cbar,14.518614768981934,14.519966125488281,0.0013513565063476562
ebs,2003-02-01,Cbar,10.576765060424805,10.576981544494629,0.00021648406982421875
ebs,2003-11-01,Cbar,24.4688663482666,24.4696102142334,0.000743865966796875
ebs,2019-04-01,Cbar,22.572547912597656,22.573001861572266,0.000453948974609375
ebs,2019-05-01,Cbar,55.77363204956055,55.774051666259766,0.00041961669921875
ebs,1982-02-01,Obar,0.022148985415697098,0.021984249353408813,-0.0001647360622882843
ebs,1984-12-01,Obar,0.04399964213371277,0.04386278614401817,-0.00013685598969459534
ebs,1985-01-01,Obar,0.012190911918878555,0.012138333171606064,-5.2578747272491455e-05
ebs,1985-02-01,Obar,0.039872314780950546,0.040119718760252,0.00024740397930145264
ebs,2002-12-01,Obar,0.01598522998392582,0.015985487028956413,2.5704503059387207e-07
ebs,2003-02-01,Obar,0.011132306419312954,0.0111328000202775,4.936009645462036e-07
ebs,2003-11-01,Obar,0.004691603127866983,0.004692938644438982,1.3355165719985962e-06
ebs,2019-04-01,Obar,0.00903459545224905,0.009034804068505764,2.086162567138672e-07
ebs,2019-05-01,Obar,0.010508197359740734,0.010508467443287373,2.7008354663848877e-07
goa,1998-02-01,area_frac,0.23514465987682343,0.23508620262145996,-5.8457255363464355e-05
goa,1998-03-01,area_frac,0.3540678322315216,0.3540550768375397,-1.2755393981933594e-05
goa,2001-01-01,area_frac,0.027443716302514076,0.027419274672865868,-2.4441629648208618e-05
goa,2002-12-01,area_frac,0.34732791781425476,0.3473030924797058,-2.4825334548950195e-05
goa,2003-01-01,area_frac,0.28290048241615295,0.2828870713710785,-1.341104507446289e-05
goa,2003-02-01,area_frac,0.34109869599342346,0.34106898307800293,-2.9712915420532227e-05
goa,1998-02-01,Ibar,1.5606889724731445,1.561177372932434,0.0004884004592895508
goa,1998-03-01,Ibar,1.5953882932662964,1.5954581499099731,6.985664367675781e-05
goa,2001-01-01,Ibar,1.3097257614135742,1.3157306909561157,0.006004929542541504
goa,2002-12-01,Ibar,1.4678161144256592,1.4678937196731567,7.76052474975586e-05
goa,2003-01-01,Ibar,1.3409072160720825,1.3409556150436401,4.839897155761719e-05
goa,2003-02-01,Ibar,1.5235700607299805,1.523728609085083,0.00015854835510253906
goa,1998-02-01,Dbar,9.318846702575684,9.317995071411133,-0.0008516311645507812
goa,1998-03-01,Dbar,15.251619338989258,15.251742362976074,0.00012302398681640625
goa,2001-01-01,Dbar,5.337349891662598,5.30809211730957,-0.029257774353027344
goa,2002-12-01,Dbar,13.488935470581055,13.489078521728516,0.0001430511474609375
goa,2003-01-01,Dbar,9.228361129760742,9.228328704833984,-3.24249267578125e-05
goa,2003-02-01,Dbar,12.832629203796387,12.833399772644043,0.00077056884765625
goa,1998-02-01,Cbar,14.736502647399902,14.735517501831055,-0.0009851455688476562
goa,1998-03-01,Cbar,24.732053756713867,24.732351303100586,0.00029754638671875
goa,2001-01-01,Cbar,7.2650041580200195,7.232490062713623,-0.032514095306396484
goa,2002-12-01,Cbar,22.260332107543945,22.260684967041016,0.0003528594970703125
goa,2003-01-01,Cbar,13.10842514038086,13.108467102050781,4.1961669921875e-05
goa,2003-02-01,Cbar,19.20206642150879,19.20340347290039,0.0013370513916015625
goa,1998-02-01,Obar,0.01408978458493948,0.014098177663981915,8.393079042434692e-06
goa,1998-03-01,Obar,0.012702099978923798,0.012703120708465576,1.0207295417785645e-06
goa,2001-01-01,Obar,0.02176598459482193,0.02181004360318184,4.405900835990906e-05
goa,2002-12-01,Obar,0.008103203028440475,0.008103970438241959,7.674098014831543e-07
goa,2003-01-01,Obar,0.015990888699889183,0.01599164865911007,7.599592208862305e-07
goa,2003-02-01,Obar,0.012060626409947872,0.012061181478202343,5.550682544708252e-07
ai,1985-01-01,area_frac,0.07280723005533218,0.0727958157658577,-1.1414289474487305e-05
ai,1995-12-01,area_frac,0.09820881485939026,0.09818556159734726,-2.3253262042999268e-05
ai,1998-03-01,area_frac,0.1254434883594513,0.1254318654537201,-1.1622905731201172e-05
ai,2003-03-01,area_frac,0.2043558955192566,0.20434421300888062,-1.1682510375976562e-05
ai,1985-01-01,Ibar,1.1787210702896118,1.1789792776107788,0.0002582073211669922
ai,1995-12-01,Ibar,1.0208615064620972,1.0209523439407349,9.083747863769531e-05
ai,1998-03-01,Ibar,1.2493665218353271,1.249481439590454,0.00011491775512695312
ai,2003-03-01,Ibar,0.9907565116882324,0.9908296465873718,7.31348991394043e-05
ai,1985-01-01,Dbar,15.677061080932617,15.677718162536621,0.0006570816040039062
ai,1995-12-01,Dbar,4.54123067855835,4.541027545928955,-0.00020313262939453125
ai,1998-03-01,Dbar,9.225085258483887,9.225439071655273,0.00035381317138671875
ai,2003-03-01,Dbar,9.654821395874023,9.654989242553711,0.0001678466796875
ai,1985-01-01,Cbar,22.406362533569336,22.4088134765625,0.0024509429931640625
ai,1995-12-01,Cbar,4.804694652557373,4.804574489593506,-0.0001201629638671875
ai,1998-03-01,Cbar,11.98787784576416,11.987923622131348,4.57763671875e-05
ai,2003-03-01,Cbar,10.384675025939941,10.384671211242676,-3.814697265625e-06
ai,1985-01-01,Obar,0.005563472397625446,0.005564834922552109,1.362524926662445e-06
ai,1995-12-01,Obar,0.027177194133400917,0.02717847377061844,1.2796372175216675e-06
ai,1998-03-01,Obar,0.013406888581812382,0.013408769853413105,1.8812716007232666e-06
ai,2003-03-01,Obar,0.012027894146740437,0.01202796958386898,7.543712854385376e-08
