zone,changed_date,column,old,new,delta,rule
sebs,2002-12-02,area_frac,0.03500194847583771,0.03429751470685005,-0.0007044337689876556,detected_area
sebs,2003-02-27,area_frac,0.4386916756629944,0.4379326403141022,-0.0007590353488922119,detected_area
sebs,2003-11-08,area_frac,0.5596344470977783,0.5588607788085938,-0.0007736682891845703,detected_area
sebs,2003-11-09,area_frac,0.6169472932815552,0.6161736249923706,-0.0007736682891845703,detected_area
sebs,2003-11-18,area_frac,0.4148367941379547,0.4140680134296417,-0.0007687807083129883,detected_area
sebs,2019-04-30,area_frac,0.8341753482818604,0.8334861397743225,-0.0006892085075378418,detected_area
sebs,2019-05-01,area_frac,0.8847079277038574,0.8840186595916748,-0.0006892681121826172,detected_area
sebs,2002-12-02,Ibar,2.0194103717803955,2.060886859893799,0.04147648811340332,detected_area
sebs,2003-02-27,Ibar,1.9916322231292725,1.9950841665267944,0.0034519433975219727,detected_area
sebs,2003-11-08,Ibar,1.5407453775405884,1.542878270149231,0.002132892608642578,detected_area
sebs,2003-11-09,Ibar,1.618561029434204,1.6205933094024658,0.0020322799682617188,detected_area
sebs,2003-11-18,Ibar,1.6226584911346436,1.625671148300171,0.0030126571655273438,detected_area
sebs,2019-04-30,Ibar,1.9648628234863281,1.9664876461029053,0.0016248226165771484,detected_area
sebs,2019-05-01,Ibar,2.0426828861236572,2.0442755222320557,0.0015926361083984375,detected_area
sebs,2002-12-02,Dbar,8.09249210357666,8.135469436645508,0.042977333068847656,detected_area
sebs,2003-02-27,Dbar,8.315593719482422,8.31787395477295,0.0022802352905273438,detected_area
sebs,2003-11-08,Dbar,5.480225563049316,5.473968505859375,-0.006257057189941406,detected_area
sebs,2003-11-09,Dbar,5.971126556396484,5.964812278747559,-0.006314277648925781,detected_area
sebs,2003-11-18,Dbar,14.622340202331543,14.634635925292969,0.012295722961425781,detected_area
sebs,2019-04-30,Dbar,15.180312156677246,15.186249732971191,0.0059375762939453125,detected_area
sebs,2019-05-01,Dbar,15.304973602294922,15.30988883972168,0.0049152374267578125,detected_area
sebs,2002-12-02,Cbar,17.316192626953125,17.514293670654297,0.19810104370117188,detected_area
sebs,2003-02-27,Cbar,15.511998176574707,15.518178939819336,0.006180763244628906,detected_area
sebs,2003-11-08,Cbar,7.844859600067139,7.841228008270264,-0.003631591796875,detected_area
sebs,2003-11-09,Cbar,8.73465347290039,8.732476234436035,-0.0021772384643554688,detected_area
sebs,2003-11-18,Cbar,24.03206443786621,24.054527282714844,0.022462844848632812,detected_area
sebs,2019-04-30,Cbar,29.377086639404297,29.39204978942871,0.014963150024414062,detected_area
sebs,2019-05-01,Cbar,29.733787536621094,29.748172760009766,0.014385223388671875,detected_area
sebs,2002-12-02,Obar,0.0027073954697698355,0.002763002412393689,5.5606942623853683e-05,detected_area
sebs,2003-02-27,Obar,0.00809286069124937,0.008106887340545654,1.4026649296283722e-05,detected_area
sebs,2003-11-08,Obar,0.028736967593431473,0.0287767481058836,3.978051245212555e-05,detected_area
sebs,2003-11-09,Obar,0.011394796893000603,0.011409103870391846,1.4306977391242981e-05,detected_area
sebs,2003-11-18,Obar,0.0009849952766671777,0.0009868241613730788,1.828884705901146e-06,detected_area
sebs,2019-04-30,Obar,0.006740792654454708,0.006746366620063782,5.573965609073639e-06,detected_area
sebs,2019-05-01,Obar,0.011220773681998253,0.011229521594941616,8.74791294336319e-06,detected_area
sebs,1983-03-25,n_cells_valid,1070.0,1068.0,-2.0,mask
sebs,1983-03-26,n_cells_valid,1082.0,1079.0,-3.0,mask
sebs,1983-03-27,n_cells_valid,1085.0,1080.0,-5.0,mask
sebs,1983-03-28,n_cells_valid,1093.0,1088.0,-5.0,mask
sebs,1983-03-29,n_cells_valid,1088.0,1087.0,-1.0,mask
sebs,1983-03-30,n_cells_valid,1102.0,1097.0,-5.0,mask
sebs,1983-03-31,n_cells_valid,1095.0,1090.0,-5.0,mask
sebs,1983-04-01,n_cells_valid,1081.0,1080.0,-1.0,mask
sebs,1983-04-02,n_cells_valid,1091.0,1089.0,-2.0,mask
sebs,1983-04-03,n_cells_valid,1061.0,1058.0,-3.0,mask
sebs,1983-04-04,n_cells_valid,1047.0,1043.0,-4.0,mask
sebs,1983-04-05,n_cells_valid,1059.0,1053.0,-6.0,mask
sebs,1983-04-06,n_cells_valid,1040.0,1035.0,-5.0,mask
sebs,1983-04-07,n_cells_valid,1022.0,1017.0,-5.0,mask
sebs,1983-04-08,n_cells_valid,1064.0,1062.0,-2.0,mask
sebs,1983-04-09,n_cells_valid,1040.0,1037.0,-3.0,mask
sebs,1983-12-23,n_cells_valid,1347.0,1346.0,-1.0,mask
sebs,1983-12-24,n_cells_valid,1356.0,1355.0,-1.0,mask
sebs,1983-12-28,n_cells_valid,1368.0,1367.0,-1.0,mask
sebs,1983-12-29,n_cells_valid,1368.0,1367.0,-1.0,mask
sebs,1983-12-30,n_cells_valid,1366.0,1365.0,-1.0,mask
sebs,1983-12-31,n_cells_valid,1365.0,1364.0,-1.0,mask
sebs,1984-01-01,n_cells_valid,1353.0,1352.0,-1.0,mask
sebs,1984-01-11,n_cells_valid,1341.0,1337.0,-4.0,mask
sebs,1984-01-12,n_cells_valid,1352.0,1347.0,-5.0,mask
sebs,1984-01-13,n_cells_valid,1343.0,1340.0,-3.0,mask
sebs,1984-01-14,n_cells_valid,1330.0,1327.0,-3.0,mask
sebs,1984-03-19,n_cells_valid,753.0,752.0,-1.0,mask
sebs,1984-03-20,n_cells_valid,778.0,777.0,-1.0,mask
sebs,1984-03-30,n_cells_valid,892.0,891.0,-1.0,mask
sebs,1984-04-01,n_cells_valid,931.0,930.0,-1.0,mask
sebs,1984-04-02,n_cells_valid,954.0,952.0,-2.0,mask
sebs,1984-04-03,n_cells_valid,958.0,957.0,-1.0,mask
sebs,1984-04-04,n_cells_valid,994.0,993.0,-1.0,mask
sebs,1984-04-05,n_cells_valid,1020.0,1019.0,-1.0,mask
sebs,1984-04-07,n_cells_valid,1041.0,1040.0,-1.0,mask
sebs,1984-12-23,n_cells_valid,1356.0,1355.0,-1.0,mask
sebs,1985-01-05,n_cells_valid,1365.0,1364.0,-1.0,mask
sebs,1985-01-07,n_cells_valid,1360.0,1359.0,-1.0,mask
sebs,1985-01-08,n_cells_valid,1353.0,1351.0,-2.0,mask
sebs,1985-01-09,n_cells_valid,1361.0,1358.0,-3.0,mask
sebs,1985-01-10,n_cells_valid,1366.0,1357.0,-9.0,mask
sebs,1985-01-11,n_cells_valid,1368.0,1350.0,-18.0,mask
sebs,1985-01-12,n_cells_valid,1361.0,1345.0,-16.0,mask
sebs,1985-01-13,n_cells_valid,1358.0,1346.0,-12.0,mask
sebs,1985-01-14,n_cells_valid,1357.0,1346.0,-11.0,mask
sebs,1985-01-15,n_cells_valid,1351.0,1347.0,-4.0,mask
sebs,1985-01-16,n_cells_valid,1341.0,1338.0,-3.0,mask
sebs,1985-01-17,n_cells_valid,1348.0,1344.0,-4.0,mask
sebs,1985-01-18,n_cells_valid,1340.0,1338.0,-2.0,mask
sebs,1985-01-19,n_cells_valid,1344.0,1340.0,-4.0,mask
sebs,1985-01-20,n_cells_valid,1349.0,1345.0,-4.0,mask
sebs,1985-01-21,n_cells_valid,1351.0,1348.0,-3.0,mask
sebs,1985-01-22,n_cells_valid,1356.0,1352.0,-4.0,mask
sebs,1985-01-23,n_cells_valid,1361.0,1360.0,-1.0,mask
sebs,1985-01-24,n_cells_valid,1355.0,1354.0,-1.0,mask
sebs,1985-02-06,n_cells_valid,1364.0,1363.0,-1.0,mask
sebs,1985-02-07,n_cells_valid,1365.0,1360.0,-5.0,mask
sebs,1985-12-23,n_cells_valid,1370.0,1369.0,-1.0,mask
sebs,1985-12-24,n_cells_valid,1355.0,1354.0,-1.0,mask
sebs,1985-12-28,n_cells_valid,1369.0,1368.0,-1.0,mask
sebs,1985-12-29,n_cells_valid,1366.0,1365.0,-1.0,mask
sebs,1985-12-30,n_cells_valid,1366.0,1365.0,-1.0,mask
sebs,1985-12-31,n_cells_valid,1364.0,1363.0,-1.0,mask
sebs,1986-01-01,n_cells_valid,1360.0,1359.0,-1.0,mask
sebs,1986-01-02,n_cells_valid,1354.0,1353.0,-1.0,mask
sebs,1986-02-10,n_cells_valid,1199.0,1198.0,-1.0,mask
sebs,1986-02-11,n_cells_valid,1211.0,1210.0,-1.0,mask
sebs,1986-12-23,n_cells_valid,1367.0,1366.0,-1.0,mask
sebs,1986-12-24,n_cells_valid,1359.0,1358.0,-1.0,mask
sebs,1987-03-20,n_cells_valid,1185.0,1184.0,-1.0,mask
sebs,1987-03-22,n_cells_valid,1177.0,1176.0,-1.0,mask
sebs,1987-03-23,n_cells_valid,1172.0,1168.0,-4.0,mask
sebs,1987-03-24,n_cells_valid,1180.0,1176.0,-4.0,mask
sebs,1987-03-25,n_cells_valid,1175.0,1171.0,-4.0,mask
sebs,1987-03-26,n_cells_valid,1197.0,1196.0,-1.0,mask
sebs,1987-03-27,n_cells_valid,1215.0,1211.0,-4.0,mask
sebs,1987-03-28,n_cells_valid,1223.0,1219.0,-4.0,mask
sebs,1987-03-29,n_cells_valid,1247.0,1243.0,-4.0,mask
sebs,1987-03-30,n_cells_valid,1264.0,1260.0,-4.0,mask
sebs,1987-03-31,n_cells_valid,1270.0,1269.0,-1.0,mask
sebs,1987-04-01,n_cells_valid,1305.0,1304.0,-1.0,mask
sebs,1987-04-02,n_cells_valid,1354.0,1350.0,-4.0,mask
sebs,1987-04-03,n_cells_valid,1357.0,1350.0,-7.0,mask
sebs,1987-04-04,n_cells_valid,1357.0,1353.0,-4.0,mask
sebs,1987-04-05,n_cells_valid,1367.0,1361.0,-6.0,mask
sebs,1987-04-06,n_cells_valid,1361.0,1355.0,-6.0,mask
sebs,1987-04-07,n_cells_valid,1367.0,1360.0,-7.0,mask
sebs,1987-04-08,n_cells_valid,1365.0,1360.0,-5.0,mask
sebs,1987-04-09,n_cells_valid,1368.0,1363.0,-5.0,mask
sebs,1987-04-10,n_cells_valid,1361.0,1360.0,-1.0,mask
sebs,2025-04-05,n_cells_valid,1136.0,1135.0,-1.0,mask
sebs,2025-04-07,n_cells_valid,1190.0,1188.0,-2.0,mask
sebs,2025-04-08,n_cells_valid,1210.0,1208.0,-2.0,mask
sebs,2025-04-09,n_cells_valid,1209.0,1208.0,-1.0,mask
nbs,1982-02-05,area_frac,0.004459664691239595,0.003332804422825575,-0.0011268602684140205,mask
nbs,1982-02-06,area_frac,0.004459664691239595,0.003332804422825575,-0.0011268602684140205,mask
nbs,1982-02-07,area_frac,0.009261774830520153,0.008134914562106133,-0.0011268602684140205,mask
nbs,1982-02-08,area_frac,0.009261774830520153,0.008134914562106133,-0.0011268602684140205,mask
nbs,1982-02-09,area_frac,0.009261774830520153,0.008134914562106133,-0.0011268602684140205,mask
nbs,1984-12-31,area_frac,0.010612338781356812,0.009448467753827572,-0.0011638710275292397,mask
nbs,1985-01-01,area_frac,0.010612338781356812,0.009448467753827572,-0.0011638710275292397,mask
nbs,1985-01-02,area_frac,0.009476193226873875,0.008312322199344635,-0.0011638710275292397,mask
nbs,1985-01-03,area_frac,0.0011638711439445615,0.0,-0.0011638711439445615,mask
nbs,1985-01-04,area_frac,0.0011638711439445615,0.0,-0.0011638711439445615,mask
nbs,1985-01-05,area_frac,0.0011638711439445615,0.0,-0.0011638711439445615,mask
nbs,1985-01-06,area_frac,0.0011638711439445615,0.0,-0.0011638711439445615,mask
nbs,1985-01-19,area_frac,0.022953199222683907,0.019480222836136818,-0.0034729763865470886,mask
nbs,1985-01-20,area_frac,0.023008715361356735,0.019535738974809647,-0.0034729763865470886,mask
nbs,1985-01-21,area_frac,0.027636364102363586,0.023036528378725052,-0.0045998357236385345,mask
nbs,1985-01-22,area_frac,0.02989893965423107,0.0253082774579525,-0.004590662196278572,mask
nbs,1985-01-23,area_frac,0.039805978536605835,0.03521531820297241,-0.004590660333633423,mask
nbs,1985-01-24,area_frac,0.042096447199583054,0.03750578686594963,-0.004590660333633423,mask
nbs,1985-01-25,area_frac,0.04794244468212128,0.043351784348487854,-0.004590660333633423,mask
nbs,1985-01-26,area_frac,0.0955161303281784,0.09090691804885864,-0.004609212279319763,mask
nbs,1985-01-27,area_frac,0.1481475830078125,0.14467443525791168,-0.003473147749900818,mask
nbs,1985-01-28,area_frac,0.1724119633436203,0.16666652262210846,-0.005745440721511841,mask
nbs,1985-01-29,area_frac,0.17474064230918884,0.15985055267810822,-0.014890089631080627,mask
nbs,1985-01-30,area_frac,0.18412423133850098,0.16698043048381805,-0.017143800854682922,mask
nbs,1985-01-31,area_frac,0.19775618612766266,0.17282669246196747,-0.02492949366569519,mask
nbs,1985-02-01,area_frac,0.20340827107429504,0.17633652687072754,-0.027071744203567505,mask
nbs,1985-02-02,area_frac,0.20586535334587097,0.17993901669979095,-0.025926336646080017,mask
nbs,1985-02-03,area_frac,0.2083861231803894,0.18588675558567047,-0.022499367594718933,mask
nbs,1985-02-04,area_frac,0.2069554179906845,0.1980431079864502,-0.008912310004234314,mask
nbs,1985-02-05,area_frac,0.20779162645339966,0.19887931644916534,-0.008912310004234314,mask
nbs,1985-02-06,area_frac,0.2190578430891037,0.21461567282676697,-0.004442170262336731,mask
nbs,1985-02-07,area_frac,0.2157726138830185,0.21133045852184296,-0.004442155361175537,mask
nbs,1985-02-08,area_frac,0.21246664226055145,0.21023154258728027,-0.002235099673271179,mask
nbs,1985-02-09,area_frac,0.210036963224411,0.20780186355113983,-0.002235099673271179,mask
nbs,1982-02-05,Ibar,0.7409217357635498,0.6661549210548401,-0.07476681470870972,mask
nbs,1982-02-06,Ibar,0.8913218975067139,0.7608717083930969,-0.13045018911361694,mask
nbs,1982-02-07,Ibar,1.167726755142212,1.1819270849227905,0.014200329780578613,mask
nbs,1982-02-08,Ibar,1.1412996053695679,1.1850510835647583,0.04375147819519043,mask
nbs,1982-02-09,Ibar,1.097054362297058,1.1430068016052246,0.045952439308166504,mask
nbs,1984-12-31,Ibar,1.3641846179962158,1.303468942642212,-0.060715675354003906,mask
nbs,1985-01-01,Ibar,1.7985846996307373,1.759139060974121,-0.03944563865661621,mask
nbs,1985-01-02,Ibar,2.0109715461730957,1.9871879816055298,-0.023783564567565918,mask
nbs,1985-01-03,Ibar,0.8699999451637268,0.0,-0.8699999451637268,mask
nbs,1985-01-04,Ibar,0.8699999451637268,0.0,-0.8699999451637268,mask
nbs,1985-01-05,Ibar,1.0899999141693115,0.0,-1.0899999141693115,mask
nbs,1985-01-06,Ibar,1.5999999046325684,0.0,-1.5999999046325684,mask
nbs,1985-01-19,Ibar,0.8283131122589111,0.8665518164634705,0.038238704204559326,mask
nbs,1985-01-20,Ibar,0.8725551962852478,0.9167284369468689,0.044173240661621094,mask
nbs,1985-01-21,Ibar,0.802193284034729,0.8394692540168762,0.03727596998214722,mask
nbs,1985-01-22,Ibar,0.8362707495689392,0.8716500401496887,0.03537929058074951,mask
nbs,1985-01-23,Ibar,0.9111543297767639,0.9104074239730835,-0.0007469058036804199,mask
nbs,1985-01-24,Ibar,0.9783541560173035,0.9710744023323059,-0.007279753684997559,mask
nbs,1985-01-25,Ibar,0.9495214223861694,0.9467991590499878,-0.0027222633361816406,mask
nbs,1985-01-26,Ibar,1.1289751529693604,1.1607234477996826,0.031748294830322266,mask
nbs,1985-01-27,Ibar,1.2311137914657593,1.2465142011642456,0.015400409698486328,mask
nbs,1985-01-28,Ibar,1.3766833543777466,1.3989431858062744,0.022259831428527832,mask
nbs,1985-01-29,Ibar,1.3981252908706665,1.4579936265945435,0.05986833572387695,mask
nbs,1985-01-30,Ibar,1.354595422744751,1.4128903150558472,0.05829489231109619,mask
nbs,1985-01-31,Ibar,1.2961324453353882,1.357067346572876,0.06093490123748779,mask
nbs,1985-02-01,Ibar,1.3178091049194336,1.37654447555542,0.05873537063598633,mask
nbs,1985-02-02,Ibar,1.2635239362716675,1.3379268646240234,0.07440292835235596,mask
nbs,1985-02-03,Ibar,1.2737427949905396,1.3812177181243896,0.1074749231338501,mask
nbs,1985-02-04,Ibar,1.300230622291565,1.3403087854385376,0.040078163146972656,mask
nbs,1985-02-05,Ibar,1.2742106914520264,1.3175561428070068,0.04334545135498047,mask
nbs,1985-02-06,Ibar,1.3000123500823975,1.3216677904129028,0.02165544033050537,mask
nbs,1985-02-07,Ibar,1.2991667985916138,1.3223358392715454,0.02316904067993164,mask
nbs,1985-02-08,Ibar,1.3054629564285278,1.3174896240234375,0.012026667594909668,mask
nbs,1985-02-09,Ibar,1.3056308031082153,1.3102248907089233,0.004594087600708008,mask
nbs,1982-02-05,Dbar,2.041534662246704,2.3936898708343506,0.3521552085876465,mask
nbs,1982-02-06,Dbar,3.041534662246704,3.3936898708343506,0.3521552085876465,mask
nbs,1982-02-07,Dbar,2.464538335800171,2.3903653621673584,-0.0741729736328125,mask
nbs,1982-02-08,Dbar,3.464538335800171,3.3903653621673584,-0.0741729736328125,mask
nbs,1982-02-09,Dbar,4.46453857421875,4.3903656005859375,-0.0741729736328125,mask
nbs,1984-12-31,Dbar,4.515319347381592,4.948339462280273,0.43302011489868164,mask
nbs,1985-01-01,Dbar,5.515319347381592,5.948339462280273,0.43302011489868164,mask
nbs,1985-01-02,Dbar,5.3781561851501465,5.711139678955078,0.33298349380493164,mask
nbs,1985-01-03,Dbar,4.0,0.0,-4.0,mask
nbs,1985-01-04,Dbar,5.0,0.0,-5.0,mask
nbs,1985-01-05,Dbar,6.0,0.0,-6.0,mask
nbs,1985-01-06,Dbar,7.0,0.0,-7.0,mask
nbs,1985-01-19,Dbar,4.984710216522217,5.695112705230713,0.7104024887084961,mask
nbs,1985-01-20,Dbar,5.681257724761963,6.335695266723633,0.6544375419616699,mask
nbs,1985-01-21,Dbar,5.72994327545166,6.372879505157471,0.6429362297058105,mask
nbs,1985-01-22,Dbar,6.296335220336914,6.800829887390137,0.5044946670532227,mask
nbs,1985-01-23,Dbar,5.729282855987549,5.887568950653076,0.15828609466552734,mask
nbs,1985-01-24,Dbar,6.417552471160889,6.528016567230225,0.11046409606933594,mask
nbs,1985-01-25,Dbar,6.635010242462158,6.647712230682373,0.012701988220214844,mask
nbs,1985-01-26,Dbar,4.055285930633545,3.854975938796997,-0.20030999183654785,mask
nbs,1985-01-27,Dbar,3.3874573707580566,3.0837790966033936,-0.3036782741546631,mask
nbs,1985-01-28,Dbar,3.91072416305542,3.676866292953491,-0.2338578701019287,mask
nbs,1985-01-29,Dbar,4.706305027008057,3.8665413856506348,-0.8397636413574219,mask
nbs,1985-01-30,Dbar,5.466455936431885,4.701444625854492,-0.7650113105773926,mask
nbs,1985-01-31,Dbar,6.089635848999023,5.542407035827637,-0.5472288131713867,mask
nbs,1985-02-01,Dbar,6.92042350769043,6.4320902824401855,-0.48833322525024414,mask
nbs,1985-02-02,Dbar,7.7833170890808105,7.24095344543457,-0.5423636436462402,mask
nbs,1985-02-03,Dbar,8.487626075744629,7.783334732055664,-0.7042913436889648,mask
nbs,1985-02-04,Dbar,9.401941299438477,8.154718399047852,-1.247222900390625,mask
nbs,1985-02-05,Dbar,10.283615112304688,9.036334037780762,-1.2472810745239258,mask
nbs,1985-02-06,Dbar,10.642406463623047,9.373758316040039,-1.2686481475830078,mask
nbs,1985-02-07,Dbar,11.650721549987793,10.362526893615723,-1.2881946563720703,mask
nbs,1985-02-08,Dbar,12.55965805053711,11.225435256958008,-1.3342227935791016,mask
nbs,1985-02-09,Dbar,13.593202590942383,12.24374008178711,-1.3494625091552734,mask
nbs,1985-02-10,Dbar,14.012388229370117,13.217574119567871,-0.7948141098022461,mask
nbs,1985-02-11,Dbar,14.793383598327637,14.738399505615234,-0.054984092712402344,mask
nbs,1982-02-05,Cbar,1.383147120475769,1.5255242586135864,0.14237713813781738,mask
nbs,1982-02-06,Cbar,2.2744691371917725,2.286396026611328,0.011926889419555664,mask
nbs,1982-02-07,Cbar,2.2629129886627197,2.1186437606811523,-0.14426922798156738,mask
nbs,1982-02-08,Cbar,3.404212713241577,3.3036949634552,-0.10051774978637695,mask
nbs,1982-02-09,Cbar,4.501266956329346,4.446701526641846,-0.0545654296875,mask
nbs,1984-12-31,Cbar,5.283133029937744,5.705157279968262,0.4220242500305176,mask
nbs,1985-01-01,Cbar,7.0817179679870605,7.464296340942383,0.38257837295532227,mask
nbs,1985-01-02,Cbar,8.12780475616455,8.403790473937988,0.2759857177734375,mask
nbs,1985-01-03,Cbar,7.026726245880127,0.0,-7.026726245880127,mask
nbs,1985-01-04,Cbar,7.896726131439209,0.0,-7.896726131439209,mask
nbs,1985-01-05,Cbar,8.986725807189941,0.0,-8.986725807189941,mask
nbs,1985-01-06,Cbar,10.586725234985352,0.0,-10.586725234985352,mask
nbs,1985-01-19,Cbar,4.1686320304870605,4.802390098571777,0.6337580680847168,mask
nbs,1985-01-20,Cbar,4.8451619148254395,5.486443519592285,0.6412816047668457,mask
nbs,1985-01-21,Cbar,4.836043357849121,5.492155075073242,0.6561117172241211,mask
nbs,1985-01-22,Cbar,5.3063507080078125,5.870811939239502,0.5644612312316895,mask
nbs,1985-01-23,Cbar,4.896843433380127,5.129598140716553,0.23275470733642578,mask
nbs,1985-01-24,Cbar,5.608760356903076,5.78740930557251,0.1786489486694336,mask
nbs,1985-01-25,Cbar,5.874361515045166,5.953774929046631,0.07941341400146484,mask
nbs,1985-01-26,Cbar,3.8440725803375244,3.7457869052886963,-0.09828567504882812,mask
nbs,1985-01-27,Cbar,3.552638292312622,3.2739830017089844,-0.2786552906036377,mask
nbs,1985-01-28,Cbar,4.4293413162231445,4.240915775299072,-0.18842554092407227,mask
nbs,1985-01-29,Cbar,5.6732330322265625,5.0676116943359375,-0.605621337890625,mask
nbs,1985-01-30,Cbar,6.738700866699219,6.264120578765869,-0.4745802879333496,mask
nbs,1985-01-31,Cbar,7.570313453674316,7.409289360046387,-0.1610240936279297,mask
nbs,1985-02-01,Cbar,8.677766799926758,8.638358116149902,-0.03940868377685547,mask
nbs,1985-02-02,Cbar,9.78980541229248,9.748522758483887,-0.04128265380859375,mask
nbs,1985-02-03,Cbar,10.797465324401855,10.652289390563965,-0.14517593383789062,mask
nbs,1985-02-04,Cbar,11.992472648620605,11.150774002075195,-0.8416986465454102,mask
nbs,1985-02-05,Cbar,13.11954402923584,12.318137168884277,-0.8014068603515625,mask
nbs,1985-02-06,Cbar,13.702078819274902,12.73659610748291,-0.9654827117919922,mask
nbs,1985-02-07,Cbar,15.055022239685059,14.098830223083496,-0.9561920166015625,mask
nbs,1985-02-08,Cbar,16.428050994873047,15.356161117553711,-1.071889877319336,mask
nbs,1985-02-09,Cbar,17.79224395751953,16.713043212890625,-1.0792007446289062,mask
nbs,1985-02-10,Cbar,19.39217758178711,18.685691833496094,-0.7064857482910156,mask
nbs,1985-02-11,Cbar,21.54584503173828,21.5018253326416,-0.04401969909667969,mask
nbs,1982-02-05,Obar,0.15065912902355194,0.022148065268993378,-0.12851106375455856,mask
nbs,1982-02-07,Obar,0.0629957914352417,0.07172206044197083,0.008726269006729126,mask
nbs,1984-12-31,Obar,0.054936282336711884,0.0,-0.054936282336711884,mask
nbs,1985-01-10,Obar,0.07695887237787247,0.07731281965970993,0.0003539472818374634,mask
nbs,1985-01-11,Obar,0.00356902158819139,0.003259791759774089,-0.0003092298284173012,mask
nbs,1985-01-13,Obar,0.01849374920129776,0.018957247957587242,0.0004634987562894821,mask
nbs,1985-01-19,Obar,0.02507704868912697,0.012646223418414593,-0.012430825270712376,mask
nbs,1985-01-20,Obar,0.0030669397674500942,0.003612166503444314,0.0005452267359942198,mask
nbs,1985-01-21,Obar,0.023301683366298676,0.015218935906887054,-0.008082747459411621,mask
nbs,1985-01-22,Obar,0.013106441125273705,0.01297345943748951,-0.00013298168778419495,mask
nbs,1985-01-23,Obar,0.01329414639621973,0.015027168206870556,0.0017330218106508255,mask
nbs,1985-01-24,Obar,0.003025874262675643,0.003396237501874566,0.0003703632391989231,mask
nbs,1985-01-25,Obar,0.007607927545905113,0.008413555100560188,0.0008056275546550751,mask
nbs,1985-01-26,Obar,0.08521296828985214,0.0895334780216217,0.004320509731769562,mask
nbs,1985-01-27,Obar,0.09152726829051971,0.09372453391551971,0.002197265625,mask
nbs,1985-01-28,Obar,0.022500962018966675,0.021456480026245117,-0.0010444819927215576,mask
nbs,1985-01-29,Obar,0.004172406159341335,0.0035511956084519625,-0.0006212105508893728,mask
nbs,1985-01-30,Obar,0.008422264829277992,0.0068230824545025826,-0.0015991823747754097,mask
nbs,1985-01-31,Obar,0.01247483491897583,0.005211798474192619,-0.007263036444783211,mask
nbs,1985-02-01,Obar,0.002364399842917919,0.02096542902290821,0.01860102917999029,mask
nbs,1985-02-02,Obar,0.0020736216101795435,0.009389780461788177,0.007316158851608634,mask
nbs,1985-02-03,Obar,0.00191041873767972,0.0040605696849524975,0.0021501509472727776,mask
nbs,1985-02-04,Obar,0.0015173606807366014,0.009022527374327183,0.007505166693590581,mask
nbs,1985-02-05,Obar,0.0021792936604470015,0.002276953775435686,9.766011498868465e-05,mask
nbs,1985-02-06,Obar,0.008900285698473454,0.009084505960345268,0.00018422026187181473,mask
nbs,1985-02-08,Obar,0.0014691257383674383,0.0014847449492663145,1.561921089887619e-05,mask
nbs,1985-02-09,Obar,0.002463332377374172,0.0024898280389606953,2.6495661586523056e-05,mask
nbs,1982-02-05,n_cells_valid,175.0,173.0,-2.0,mask
nbs,1982-02-06,n_cells_valid,201.0,196.0,-5.0,mask
nbs,1982-02-07,n_cells_valid,231.0,223.0,-8.0,mask
nbs,1982-02-08,n_cells_valid,216.0,212.0,-4.0,mask
nbs,1982-02-09,n_cells_valid,233.0,228.0,-5.0,mask
nbs,1983-12-20,n_cells_valid,652.0,651.0,-1.0,mask
nbs,1983-12-21,n_cells_valid,730.0,722.0,-8.0,mask
nbs,1983-12-22,n_cells_valid,752.0,733.0,-19.0,mask
nbs,1983-12-23,n_cells_valid,759.0,733.0,-26.0,mask
nbs,1983-12-24,n_cells_valid,762.0,734.0,-28.0,mask
nbs,1983-12-25,n_cells_valid,760.0,726.0,-34.0,mask
nbs,1983-12-26,n_cells_valid,756.0,717.0,-39.0,mask
nbs,1983-12-27,n_cells_valid,752.0,719.0,-33.0,mask
nbs,1983-12-28,n_cells_valid,738.0,709.0,-29.0,mask
nbs,1983-12-29,n_cells_valid,707.0,689.0,-18.0,mask
nbs,1984-01-09,n_cells_valid,466.0,465.0,-1.0,mask
nbs,1984-01-10,n_cells_valid,468.0,467.0,-1.0,mask
nbs,1984-01-11,n_cells_valid,462.0,461.0,-1.0,mask
nbs,1984-12-25,n_cells_valid,482.0,481.0,-1.0,mask
nbs,1984-12-27,n_cells_valid,469.0,468.0,-1.0,mask
nbs,1984-12-31,n_cells_valid,445.0,444.0,-1.0,mask
nbs,1985-01-01,n_cells_valid,456.0,455.0,-1.0,mask
nbs,1985-01-02,n_cells_valid,453.0,450.0,-3.0,mask
nbs,1985-01-03,n_cells_valid,451.0,450.0,-1.0,mask
nbs,1985-01-04,n_cells_valid,465.0,461.0,-4.0,mask
nbs,1985-01-05,n_cells_valid,467.0,463.0,-4.0,mask
nbs,1985-01-06,n_cells_valid,469.0,464.0,-5.0,mask
nbs,1985-01-07,n_cells_valid,473.0,472.0,-1.0,mask
nbs,1985-01-08,n_cells_valid,455.0,454.0,-1.0,mask
nbs,1985-01-09,n_cells_valid,456.0,454.0,-2.0,mask
nbs,1985-01-10,n_cells_valid,456.0,454.0,-2.0,mask
nbs,1985-01-11,n_cells_valid,452.0,449.0,-3.0,mask
nbs,1985-01-12,n_cells_valid,457.0,453.0,-4.0,mask
nbs,1985-01-13,n_cells_valid,447.0,443.0,-4.0,mask
nbs,1985-01-14,n_cells_valid,431.0,428.0,-3.0,mask
nbs,1985-01-15,n_cells_valid,423.0,422.0,-1.0,mask
nbs,1985-01-16,n_cells_valid,408.0,407.0,-1.0,mask
nbs,1985-01-17,n_cells_valid,419.0,418.0,-1.0,mask
nbs,1985-01-18,n_cells_valid,412.0,411.0,-1.0,mask
nbs,1985-01-19,n_cells_valid,429.0,428.0,-1.0,mask
nbs,1985-01-20,n_cells_valid,442.0,428.0,-14.0,mask
nbs,1985-01-21,n_cells_valid,436.0,419.0,-17.0,mask
nbs,1985-01-22,n_cells_valid,449.0,438.0,-11.0,mask
nbs,1985-01-23,n_cells_valid,437.0,426.0,-11.0,mask
nbs,1985-01-24,n_cells_valid,433.0,422.0,-11.0,mask
nbs,1985-01-25,n_cells_valid,446.0,435.0,-11.0,mask
nbs,1985-01-26,n_cells_valid,429.0,421.0,-8.0,mask
nbs,1985-01-27,n_cells_valid,448.0,435.0,-13.0,mask
nbs,1985-01-28,n_cells_valid,460.0,436.0,-24.0,mask
nbs,1985-01-29,n_cells_valid,486.0,426.0,-60.0,mask
nbs,1985-01-30,n_cells_valid,523.0,434.0,-89.0,mask
nbs,1985-01-31,n_cells_valid,587.0,444.0,-143.0,mask
nbs,1985-02-01,n_cells_valid,621.0,456.0,-165.0,mask
nbs,1985-02-02,n_cells_valid,635.0,467.0,-168.0,mask
nbs,1985-02-03,n_cells_valid,643.0,489.0,-154.0,mask
nbs,1985-02-04,n_cells_valid,644.0,517.0,-127.0,mask
nbs,1985-02-05,n_cells_valid,651.0,530.0,-121.0,mask
nbs,1985-02-06,n_cells_valid,631.0,541.0,-90.0,mask
nbs,1985-02-07,n_cells_valid,597.0,550.0,-47.0,mask
nbs,1985-02-08,n_cells_valid,507.0,502.0,-5.0,mask
nbs,1985-02-09,n_cells_valid,493.0,487.0,-6.0,mask
nbs,1985-12-20,n_cells_valid,526.0,525.0,-1.0,mask
nbs,1985-12-21,n_cells_valid,531.0,530.0,-1.0,mask
nbs,1985-12-22,n_cells_valid,567.0,565.0,-2.0,mask
nbs,1985-12-23,n_cells_valid,569.0,566.0,-3.0,mask
nbs,1985-12-24,n_cells_valid,576.0,571.0,-5.0,mask
nbs,1985-12-25,n_cells_valid,604.0,595.0,-9.0,mask
nbs,1985-12-26,n_cells_valid,619.0,597.0,-22.0,mask
nbs,1985-12-27,n_cells_valid,636.0,610.0,-26.0,mask
nbs,1985-12-28,n_cells_valid,662.0,622.0,-40.0,mask
nbs,1985-12-29,n_cells_valid,637.0,608.0,-29.0,mask
nbs,1985-12-30,n_cells_valid,654.0,612.0,-42.0,mask
nbs,1985-12-31,n_cells_valid,620.0,600.0,-20.0,mask
nbs,1986-01-01,n_cells_valid,557.0,553.0,-4.0,mask
nbs,1986-12-17,n_cells_valid,517.0,516.0,-1.0,mask
nbs,1986-12-19,n_cells_valid,506.0,505.0,-1.0,mask
nbs,1986-12-20,n_cells_valid,485.0,484.0,-1.0,mask
nbs,1987-02-09,n_cells_valid,69.0,68.0,-1.0,mask
nbs,1987-04-03,n_cells_valid,84.0,83.0,-1.0,mask
nbs,1987-04-05,n_cells_valid,135.0,134.0,-1.0,mask
nbs,1987-04-06,n_cells_valid,161.0,159.0,-2.0,mask
nbs,1987-04-07,n_cells_valid,123.0,122.0,-1.0,mask
nbs,1987-04-08,n_cells_valid,141.0,139.0,-2.0,mask
nbs,1987-04-09,n_cells_valid,91.0,90.0,-1.0,mask
nbs,1987-04-10,n_cells_valid,77.0,76.0,-1.0,mask
nbs,1989-02-12,n_cells_valid,271.0,270.0,-1.0,mask
nbs,1989-03-13,n_cells_valid,334.0,333.0,-1.0,mask
nbs,1989-03-14,n_cells_valid,333.0,331.0,-2.0,mask
nbs,1989-03-15,n_cells_valid,317.0,315.0,-2.0,mask
nbs,1989-03-16,n_cells_valid,302.0,300.0,-2.0,mask
nbs,1989-03-17,n_cells_valid,282.0,281.0,-1.0,mask
nbs,1989-04-06,n_cells_valid,136.0,135.0,-1.0,mask
nbs,1989-04-07,n_cells_valid,146.0,144.0,-2.0,mask
nbs,1989-04-08,n_cells_valid,149.0,147.0,-2.0,mask
nbs,1989-04-09,n_cells_valid,153.0,151.0,-2.0,mask
nbs,1989-04-10,n_cells_valid,159.0,158.0,-1.0,mask
nbs,1989-04-15,n_cells_valid,348.0,347.0,-1.0,mask
nbs,1989-04-16,n_cells_valid,426.0,422.0,-4.0,mask
nbs,1989-04-17,n_cells_valid,473.0,470.0,-3.0,mask
nbs,1989-04-18,n_cells_valid,519.0,516.0,-3.0,mask
nbs,1989-04-19,n_cells_valid,538.0,534.0,-4.0,mask
nbs,1989-04-20,n_cells_valid,540.0,536.0,-4.0,mask
nbs,1989-04-21,n_cells_valid,534.0,532.0,-2.0,mask
nbs,2022-03-02,n_cells_valid,17.0,13.0,-4.0,mask
nbs,2022-03-03,n_cells_valid,19.0,14.0,-5.0,mask
nbs,2022-03-04,n_cells_valid,19.0,15.0,-4.0,mask
nbs,2022-03-05,n_cells_valid,21.0,18.0,-3.0,mask
nbs,2022-03-06,n_cells_valid,17.0,14.0,-3.0,mask
nbs,2025-03-15,n_cells_valid,66.0,65.0,-1.0,mask
nbs,2025-03-16,n_cells_valid,66.0,65.0,-1.0,mask
nbs,2025-04-07,n_cells_valid,127.0,126.0,-1.0,mask
nbs,2025-04-08,n_cells_valid,127.0,126.0,-1.0,mask
nbs,2025-04-09,n_cells_valid,128.0,126.0,-2.0,mask
nbs,2025-04-10,n_cells_valid,124.0,121.0,-3.0,mask
nbs,2025-04-11,n_cells_valid,124.0,121.0,-3.0,mask
nbs,2025-04-12,n_cells_valid,124.0,121.0,-3.0,mask
nbs,2025-04-13,n_cells_valid,122.0,119.0,-3.0,mask
nbs,2025-04-14,n_cells_valid,114.0,111.0,-3.0,mask
nbs,2025-04-15,n_cells_valid,106.0,103.0,-3.0,mask
nbs,2025-04-16,n_cells_valid,91.0,89.0,-2.0,mask
nbs,2025-04-17,n_cells_valid,79.0,77.0,-2.0,mask
nbs,2025-04-18,n_cells_valid,73.0,71.0,-2.0,mask
nbs,2025-04-19,n_cells_valid,69.0,67.0,-2.0,mask
nbs,2025-04-20,n_cells_valid,65.0,63.0,-2.0,mask
nbs,2025-04-21,n_cells_valid,65.0,63.0,-2.0,mask
nbs,2025-04-22,n_cells_valid,65.0,64.0,-1.0,mask
nbs,2025-04-23,n_cells_valid,67.0,66.0,-1.0,mask
nbs,2025-04-27,n_cells_valid,111.0,108.0,-3.0,mask
nbs,2025-04-28,n_cells_valid,111.0,108.0,-3.0,mask
nbs,2025-04-29,n_cells_valid,161.0,155.0,-6.0,mask
nbs,2025-04-30,n_cells_valid,184.0,178.0,-6.0,mask
nbs,2025-05-01,n_cells_valid,186.0,183.0,-3.0,mask
nbs,2025-05-02,n_cells_valid,193.0,190.0,-3.0,mask
nbs,2025-05-03,n_cells_valid,198.0,195.0,-3.0,mask
nbs,2025-05-04,n_cells_valid,193.0,191.0,-2.0,mask
nbs,2025-05-05,n_cells_valid,212.0,210.0,-2.0,mask
nbs,2025-05-06,n_cells_valid,233.0,231.0,-2.0,mask
nbs,2025-05-07,n_cells_valid,243.0,242.0,-1.0,mask
nbs,2025-05-08,n_cells_valid,272.0,271.0,-1.0,mask
nbs,2025-05-09,n_cells_valid,294.0,293.0,-1.0,mask
nbs,2025-05-10,n_cells_valid,323.0,322.0,-1.0,mask
nbs,2025-05-11,n_cells_valid,358.0,357.0,-1.0,mask
nbs,2025-05-14,n_cells_valid,407.0,405.0,-2.0,mask
nbs,2025-05-15,n_cells_valid,398.0,396.0,-2.0,mask
nbs,2025-05-16,n_cells_valid,447.0,445.0,-2.0,mask
nbs,2025-05-17,n_cells_valid,565.0,563.0,-2.0,mask
nbs,2025-05-18,n_cells_valid,602.0,600.0,-2.0,mask
nbs,2025-05-19,n_cells_valid,609.0,607.0,-2.0,mask
nbs,2025-05-20,n_cells_valid,624.0,622.0,-2.0,mask
nbs,2025-12-18,n_cells_valid,484.0,483.0,-1.0,mask
nbs,2025-12-19,n_cells_valid,484.0,482.0,-2.0,mask
nbs,2025-12-20,n_cells_valid,488.0,486.0,-2.0,mask
nbs,2025-12-21,n_cells_valid,481.0,480.0,-1.0,mask
nbs,2025-12-22,n_cells_valid,481.0,480.0,-1.0,mask
nbs,2025-12-23,n_cells_valid,493.0,492.0,-1.0,mask
nbs,2025-12-24,n_cells_valid,503.0,501.0,-2.0,mask
nbs,2025-12-25,n_cells_valid,506.0,504.0,-2.0,mask
nbs,2025-12-26,n_cells_valid,542.0,539.0,-3.0,mask
nbs,2025-12-27,n_cells_valid,542.0,539.0,-3.0,mask
nbs,2025-12-28,n_cells_valid,542.0,539.0,-3.0,mask
nbs,2025-12-29,n_cells_valid,535.0,532.0,-3.0,mask
nbs,2025-12-30,n_cells_valid,499.0,496.0,-3.0,mask
nbs,2025-12-31,n_cells_valid,473.0,470.0,-3.0,mask
nbs,2026-01-01,n_cells_valid,466.0,464.0,-2.0,mask
nbs,2026-01-02,n_cells_valid,448.0,447.0,-1.0,mask
nbs,2026-01-03,n_cells_valid,426.0,425.0,-1.0,mask
nbs,2026-01-04,n_cells_valid,426.0,425.0,-1.0,mask
nbs,2026-01-05,n_cells_valid,408.0,407.0,-1.0,mask
nbs,2026-01-06,n_cells_valid,381.0,380.0,-1.0,mask
nbs,2026-01-07,n_cells_valid,354.0,353.0,-1.0,mask
nbs,2026-01-08,n_cells_valid,326.0,325.0,-1.0,mask
nbs,2026-01-09,n_cells_valid,289.0,288.0,-1.0,mask
nbs,2026-01-10,n_cells_valid,231.0,230.0,-1.0,mask
nbs,2026-01-11,n_cells_valid,208.0,207.0,-1.0,mask
nbs,2026-01-12,n_cells_valid,184.0,183.0,-1.0,mask
nbs,2026-01-13,n_cells_valid,170.0,169.0,-1.0,mask
nbs,2026-01-14,n_cells_valid,152.0,151.0,-1.0,mask
nbs,2026-01-15,n_cells_valid,152.0,151.0,-1.0,mask
nbs,2026-01-16,n_cells_valid,148.0,147.0,-1.0,mask
nbs,2026-01-17,n_cells_valid,140.0,139.0,-1.0,mask
nbs,2026-01-18,n_cells_valid,128.0,127.0,-1.0,mask
nbs,2026-01-19,n_cells_valid,118.0,117.0,-1.0,mask
nbs,2026-01-20,n_cells_valid,114.0,113.0,-1.0,mask
nbs,2026-01-21,n_cells_valid,114.0,113.0,-1.0,mask
nbs,2026-01-22,n_cells_valid,114.0,113.0,-1.0,mask
nbs,2026-01-23,n_cells_valid,114.0,113.0,-1.0,mask
nbs,2026-01-25,n_cells_valid,126.0,124.0,-2.0,mask
nbs,2026-01-26,n_cells_valid,136.0,134.0,-2.0,mask
nbs,2026-01-27,n_cells_valid,140.0,138.0,-2.0,mask
nbs,2026-01-28,n_cells_valid,140.0,138.0,-2.0,mask
nbs,2026-01-29,n_cells_valid,137.0,136.0,-1.0,mask
nbs,2026-01-30,n_cells_valid,129.0,128.0,-1.0,mask
nbs,2026-01-31,n_cells_valid,103.0,102.0,-1.0,mask
nbs,2026-02-01,n_cells_valid,101.0,100.0,-1.0,mask
nbs,2026-02-02,n_cells_valid,95.0,94.0,-1.0,mask
nbs,2026-02-03,n_cells_valid,91.0,90.0,-1.0,mask
nbs,2026-02-04,n_cells_valid,87.0,86.0,-1.0,mask
nbs,2026-02-05,n_cells_valid,87.0,86.0,-1.0,mask
nbs,2026-02-06,n_cells_valid,87.0,86.0,-1.0,mask
nbs,2026-02-07,n_cells_valid,70.0,69.0,-1.0,mask
nbs,2026-02-08,n_cells_valid,62.0,61.0,-1.0,mask
nbs,2026-02-09,n_cells_valid,62.0,61.0,-1.0,mask
nbs,2026-02-10,n_cells_valid,62.0,61.0,-1.0,mask
nbs,2026-02-11,n_cells_valid,62.0,60.0,-2.0,mask
nbs,2026-02-12,n_cells_valid,62.0,60.0,-2.0,mask
nbs,2026-03-02,n_cells_valid,85.0,83.0,-2.0,mask
nbs,2026-03-03,n_cells_valid,69.0,67.0,-2.0,mask
nbs,2026-03-04,n_cells_valid,68.0,66.0,-2.0,mask
nbs,2026-03-05,n_cells_valid,62.0,60.0,-2.0,mask
nbs,2026-03-06,n_cells_valid,58.0,56.0,-2.0,mask
nbs,2026-03-07,n_cells_valid,48.0,46.0,-2.0,mask
nbs,2026-03-08,n_cells_valid,48.0,46.0,-2.0,mask
nbs,2026-03-09,n_cells_valid,48.0,46.0,-2.0,mask
nbs,2026-03-10,n_cells_valid,48.0,46.0,-2.0,mask
nbs,2026-03-11,n_cells_valid,52.0,50.0,-2.0,mask
nbs,2026-03-12,n_cells_valid,52.0,50.0,-2.0,mask
nbs,2026-03-13,n_cells_valid,52.0,50.0,-2.0,mask
nbs,2026-03-14,n_cells_valid,52.0,51.0,-1.0,mask
nbs,2026-03-15,n_cells_valid,42.0,41.0,-1.0,mask
nbs,2026-03-16,n_cells_valid,39.0,38.0,-1.0,mask
nbs,2026-04-07,n_cells_valid,42.0,41.0,-1.0,mask
nbs,2026-04-08,n_cells_valid,42.0,41.0,-1.0,mask
nbs,2026-04-09,n_cells_valid,38.0,36.0,-2.0,mask
nbs,2026-04-10,n_cells_valid,38.0,35.0,-3.0,mask
nbs,2026-04-11,n_cells_valid,38.0,35.0,-3.0,mask
nbs,2026-04-12,n_cells_valid,38.0,35.0,-3.0,mask
nbs,2026-04-13,n_cells_valid,40.0,37.0,-3.0,mask
nbs,2026-04-14,n_cells_valid,57.0,54.0,-3.0,mask
nbs,2026-04-15,n_cells_valid,73.0,70.0,-3.0,mask
nbs,2026-04-16,n_cells_valid,77.0,75.0,-2.0,mask
nbs,2026-04-17,n_cells_valid,77.0,75.0,-2.0,mask
nbs,2026-04-18,n_cells_valid,77.0,75.0,-2.0,mask
nbs,2026-04-19,n_cells_valid,77.0,75.0,-2.0,mask
nbs,2026-04-20,n_cells_valid,73.0,71.0,-2.0,mask
nbs,2026-04-21,n_cells_valid,67.0,65.0,-2.0,mask
nbs,2026-04-22,n_cells_valid,59.0,58.0,-1.0,mask
nbs,2026-04-23,n_cells_valid,51.0,50.0,-1.0,mask
wgoa,1998-02-08,area_frac,0.074434794485569,0.07376959919929504,-0.0006651952862739563,detected_area
wgoa,1998-02-09,area_frac,0.13456383347511292,0.13389864563941956,-0.0006651878356933594,detected_area
wgoa,2003-01-18,area_frac,0.43437451124191284,0.4336909353733063,-0.0006835758686065674,detected_area
wgoa,2003-02-06,area_frac,0.2596304416656494,0.25894683599472046,-0.0006836056709289551,detected_area
wgoa,2003-02-07,area_frac,0.2641548812389374,0.2634713053703308,-0.0006835758686065674,detected_area
wgoa,1998-02-08,Ibar,1.6998717784881592,1.7151998281478882,0.015328049659729004,detected_area
wgoa,1998-02-09,Ibar,1.843681812286377,1.8528411388397217,0.009159326553344727,detected_area
wgoa,2003-01-18,Ibar,1.3159804344177246,1.3180546760559082,0.0020742416381835938,detected_area
wgoa,2003-02-06,Ibar,1.42958664894104,1.4333605766296387,0.003773927688598633,detected_area
wgoa,2003-02-07,Ibar,1.4062645435333252,1.409913182258606,0.0036486387252807617,detected_area
wgoa,1998-02-08,Dbar,7.609859466552734,7.615358352661133,0.0054988861083984375,detected_area
wgoa,1998-02-09,Dbar,5.209439277648926,5.195576190948486,-0.013863086700439453,detected_area
wgoa,2003-01-18,Dbar,4.2408952713012695,4.236546516418457,-0.0043487548828125,detected_area
wgoa,2003-02-06,Dbar,12.903377532958984,12.921601295471191,0.01822376251220703,detected_area
wgoa,2003-02-07,Dbar,12.887421607971191,12.90269660949707,0.015275001525878906,detected_area
wgoa,1998-02-08,Cbar,13.342529296875,13.354992866516113,0.012463569641113281,detected_area
wgoa,1998-02-09,Cbar,9.22418212890625,9.210589408874512,-0.013592720031738281,detected_area
wgoa,2003-01-18,Cbar,5.331701278686523,5.329381942749023,-0.0023193359375,detected_area
wgoa,2003-02-06,Cbar,18.61676788330078,18.646522521972656,0.029754638671875,detected_area
wgoa,2003-02-07,Cbar,18.53978729248047,18.568832397460938,0.02904510498046875,detected_area
wgoa,1998-02-08,Obar,0.012160108424723148,0.012269758619368076,0.00010965019464492798,detected_area
wgoa,1998-02-09,Obar,0.06559815257787704,0.0659240335226059,0.0003258809447288513,detected_area
wgoa,2003-01-18,Obar,0.023776110261678696,0.023813586682081223,3.7476420402526855e-05,detected_area
wgoa,2003-02-06,Obar,0.002472897060215473,0.0024794251658022404,6.528105586767197e-06,detected_area
wgoa,2003-02-07,Obar,0.007241927552968264,0.007260716985911131,1.878943294286728e-05,detected_area
egoa,1998-02-11,area_frac,0.2712498903274536,0.270218163728714,-0.001031726598739624,detected_area
egoa,1998-02-17,area_frac,0.3445356488227844,0.3434542417526245,-0.0010814070701599121,detected_area
egoa,1998-03-17,area_frac,0.46628230810165405,0.4652721881866455,-0.001010119915008545,detected_area
egoa,2001-01-15,area_frac,0.006735475733876228,0.005769054405391216,-0.0009664213284850121,detected_area
egoa,2001-01-16,area_frac,0.006735475733876228,0.005769054405391216,-0.0009664213284850121,detected_area
egoa,2002-12-09,area_frac,0.7086743116378784,0.7076932787895203,-0.0009810328483581543,detected_area
egoa,2002-12-10,area_frac,0.7565733194351196,0.7555922865867615,-0.0009810328483581543,detected_area
egoa,1998-02-11,Ibar,1.3765826225280762,1.3818385601043701,0.005255937576293945,detected_area
egoa,1998-02-17,Ibar,1.569076657295227,1.5740171670913696,0.004940509796142578,detected_area
egoa,1998-03-17,Ibar,1.4386637210845947,1.4417871236801147,0.0031234025955200195,detected_area
egoa,2001-01-15,Ibar,1.5416876077651978,1.7999483346939087,0.25826072692871094,detected_area
egoa,2001-01-16,Ibar,1.5596367120742798,1.8209041357040405,0.26126742362976074,detected_area
egoa,2002-12-09,Ibar,1.770937204360962,1.7733922004699707,0.002454996109008789,detected_area
egoa,2002-12-10,Ibar,1.7643163204193115,1.7666071653366089,0.0022908449172973633,detected_area
egoa,1998-02-11,Dbar,7.901360034942627,7.870438575744629,-0.030921459197998047,detected_area
egoa,1998-02-17,Dbar,9.671045303344727,9.651117324829102,-0.019927978515625,detected_area
egoa,1998-03-17,Dbar,17.903356552124023,17.91400146484375,0.010644912719726562,detected_area
egoa,2001-01-15,Dbar,7.312070369720459,6.694275379180908,-0.6177949905395508,detected_area
egoa,2001-01-16,Dbar,8.3120698928833,7.694275379180908,-0.6177945137023926,detected_area
egoa,2002-12-09,Dbar,12.317911148071289,12.326669692993164,0.008758544921875,detected_area
egoa,2002-12-10,Dbar,12.423083305358887,12.430124282836914,0.007040977478027344,detected_area
egoa,1998-02-11,Cbar,10.673798561096191,10.64132022857666,-0.03247833251953125,detected_area
egoa,1998-02-17,Cbar,13.506948471069336,13.480658531188965,-0.026289939880371094,detected_area
egoa,1998-03-17,Cbar,25.8846492767334,25.902193069458008,0.017543792724609375,detected_area
egoa,2001-01-15,Cbar,10.58560848236084,9.982290267944336,-0.6033182144165039,detected_area
egoa,2001-01-16,Cbar,12.145245552062988,11.803194046020508,-0.34205150604248047,detected_area
egoa,2002-12-09,Cbar,20.86850929260254,20.886272430419922,0.017763137817382812,detected_area
egoa,2002-12-10,Cbar,21.12540054321289,21.142370223999023,0.016969680786132812,detected_area
egoa,1998-02-11,Obar,0.021774036809802055,0.02185717411339283,8.313730359077454e-05,detected_area
egoa,1998-02-17,Obar,0.00610888609662652,0.006128120701760054,1.9234605133533478e-05,detected_area
egoa,1998-03-17,Obar,0.0047748880460858345,0.004785254597663879,1.0366551578044891e-05,detected_area
egoa,2002-12-09,Obar,0.003671296639367938,0.003676386084407568,5.089445039629936e-06,detected_area
egoa,2002-12-10,Obar,0.01992207020521164,0.01994793675839901,2.58665531873703e-05,detected_area
ai_east,1985-01-17,area_frac,0.2987082004547119,0.2965967357158661,-0.002111464738845825,detected_area
ai_east,1995-12-30,area_frac,0.5240036845207214,0.5218538641929626,-0.002149820327758789,detected_area
ai_east,1995-12-31,area_frac,0.5749542117118835,0.57280433177948,-0.0021498799324035645,detected_area
ai_east,1998-03-30,area_frac,0.2528943717479706,0.2507445216178894,-0.0021498501300811768,detected_area
ai_east,2003-03-12,area_frac,0.2642332911491394,0.26207074522972107,-0.002162545919418335,detected_area
ai_east,1985-01-17,Ibar,1.1711785793304443,1.1795161962509155,0.008337616920471191,detected_area
ai_east,1995-12-30,Ibar,0.9820848107337952,0.9861306548118591,0.004045844078063965,detected_area
ai_east,1995-12-31,Ibar,0.9841082692146301,0.9878018498420715,0.0036935806274414062,detected_area
ai_east,1998-03-30,Ibar,1.2829102277755737,1.2939096689224243,0.010999441146850586,detected_area
ai_east,2003-03-12,Ibar,1.3516016006469727,1.3627547025680542,0.011153101921081543,detected_area
ai_east,1985-01-17,Dbar,19.452001571655273,19.47657585144043,0.02457427978515625,detected_area
ai_east,1995-12-30,Dbar,4.305646896362305,4.298666954040527,-0.006979942321777344,detected_area
ai_east,1995-12-31,Dbar,4.924095153808594,4.916304111480713,-0.007791042327880859,detected_area
ai_east,1998-03-30,Dbar,17.90886688232422,17.933807373046875,0.02494049072265625,detected_area
ai_east,2003-03-12,Dbar,19.001903533935547,19.067934036254883,0.06603050231933594,detected_area
ai_east,1985-01-17,Cbar,28.55742645263672,28.64129638671875,0.08386993408203125,detected_area
ai_east,1995-12-30,Cbar,4.196315765380859,4.191771030426025,-0.004544734954833984,detected_area
ai_east,1995-12-31,Cbar,4.808560848236084,4.806718349456787,-0.001842498779296875,detected_area
ai_east,1998-03-30,Cbar,26.963106155395508,26.97885513305664,0.015748977661132812,detected_area
ai_east,2003-03-12,Cbar,26.95515251159668,27.050294876098633,0.09514236450195312,detected_area
ai_east,1985-01-17,Obar,0.0037344470620155334,0.0037610323633998632,2.6585301384329796e-05,detected_area
ai_east,1995-12-30,Obar,0.005302832927554846,0.005324678961187601,2.184603363275528e-05,detected_area
ai_east,1995-12-31,Obar,0.010441616177558899,0.010480805300176144,3.918912261724472e-05,detected_area
ai_east,1998-03-30,Obar,0.05235445126891136,0.05280333012342453,0.00044887885451316833,detected_area
chukchi,1990-08-13,area_frac,0.18213361501693726,0.181063711643219,-0.0010699033737182617,detected_area
chukchi,2019-08-09,area_frac,0.708175778388977,0.7044362425804138,-0.0037395358085632324,detected_area
chukchi,2019-08-10,area_frac,0.6998750567436218,0.6961354613304138,-0.003739595413208008,detected_area
chukchi,2022-11-06,area_frac,0.07691973447799683,0.07506179809570312,-0.0018579363822937012,detected_area
chukchi,1990-08-13,Ibar,3.054441452026367,3.0724902153015137,0.018048763275146484,detected_area
chukchi,2019-08-09,Ibar,3.645230770111084,3.664581775665283,0.01935100555419922,detected_area
chukchi,2019-08-10,Ibar,3.7186622619628906,3.7386386394500732,0.019976377487182617,detected_area
chukchi,2022-11-06,Ibar,1.927148699760437,1.9748497009277344,0.04770100116729736,detected_area
chukchi,1990-08-13,Dbar,9.178082466125488,9.149589538574219,-0.02849292755126953,detected_area
chukchi,2019-08-09,Dbar,21.387388229370117,21.446420669555664,0.059032440185546875,detected_area
chukchi,2019-08-10,Dbar,22.325244903564453,22.384647369384766,0.0594024658203125,detected_area
chukchi,2022-11-06,Dbar,5.940654277801514,5.939185619354248,-0.001468658447265625,detected_area
chukchi,1990-08-13,Cbar,27.19929313659668,27.16078758239746,-0.03850555419921875,detected_area
chukchi,2019-08-09,Cbar,82.98896789550781,83.22614288330078,0.23717498779296875,detected_area
chukchi,2019-08-10,Cbar,86.79148864746094,87.05191802978516,0.26042938232421875,detected_area
chukchi,2022-11-06,Cbar,11.577615737915039,11.652198791503906,0.07458305358886719,detected_area
chukchi,1990-08-13,Obar,0.038079310208559036,0.038304321467876434,0.00022501125931739807,detected_area
chukchi,2019-08-09,Obar,0.01892191916704178,0.019022367894649506,0.00010044872760772705,detected_area
chukchi,2019-08-10,Obar,0.00031925473012961447,0.0003209697315469384,1.715001417323947e-06,detected_area
chukchi,1986-05-15,n_cells_valid,39.0,37.0,-2.0,mask
chukchi,1986-05-16,n_cells_valid,39.0,37.0,-2.0,mask
chukchi,1986-05-17,n_cells_valid,39.0,37.0,-2.0,mask
chukchi,1986-05-18,n_cells_valid,44.0,42.0,-2.0,mask
chukchi,1986-05-19,n_cells_valid,74.0,66.0,-8.0,mask
chukchi,1986-05-20,n_cells_valid,74.0,68.0,-6.0,mask
chukchi,1986-05-21,n_cells_valid,81.0,74.0,-7.0,mask
chukchi,1986-05-22,n_cells_valid,74.0,70.0,-4.0,mask
chukchi,1986-05-23,n_cells_valid,61.0,57.0,-4.0,mask
chukchi,1986-05-24,n_cells_valid,76.0,75.0,-1.0,mask
chukchi,2022-07-05,n_cells_valid,574.0,540.0,-34.0,mask
chukchi,2022-07-06,n_cells_valid,543.0,539.0,-4.0,mask
chukchi,2022-11-22,n_cells_valid,654.0,652.0,-2.0,mask
chukchi,2022-11-23,n_cells_valid,674.0,671.0,-3.0,mask
chukchi,2022-11-24,n_cells_valid,645.0,644.0,-1.0,mask
chukchi,2022-12-07,n_cells_valid,240.0,236.0,-4.0,mask
chukchi,2022-12-08,n_cells_valid,242.0,238.0,-4.0,mask
chukchi,2025-05-14,n_cells_valid,18.0,16.0,-2.0,mask
chukchi,2025-05-15,n_cells_valid,18.0,16.0,-2.0,mask
chukchi,2025-05-16,n_cells_valid,22.0,20.0,-2.0,mask
chukchi,2025-05-17,n_cells_valid,40.0,37.0,-3.0,mask
chukchi,2025-05-18,n_cells_valid,46.0,43.0,-3.0,mask
chukchi,2025-05-19,n_cells_valid,50.0,48.0,-2.0,mask
chukchi,2025-05-20,n_cells_valid,61.0,58.0,-3.0,mask
chukchi,2025-05-21,n_cells_valid,61.0,60.0,-1.0,mask
chukchi,2025-05-22,n_cells_valid,65.0,63.0,-2.0,mask
chukchi,2025-05-23,n_cells_valid,57.0,54.0,-3.0,mask
chukchi,2025-05-24,n_cells_valid,57.0,56.0,-1.0,mask
chukchi,2026-05-21,n_cells_valid,83.0,82.0,-1.0,mask
chukchi,2026-05-22,n_cells_valid,87.0,85.0,-2.0,mask
chukchi,2026-05-23,n_cells_valid,108.0,105.0,-3.0,mask
chukchi,2026-05-24,n_cells_valid,125.0,124.0,-1.0,mask
beaufort,2021-10-17,area_frac,0.0082213981077075,0.005855402443557978,-0.0023659956641495228,detected_area
beaufort,2021-10-18,area_frac,0.005885195918381214,0.0035192000214010477,-0.0023659958969801664,detected_area
beaufort,2023-08-03,area_frac,0.27488043904304504,0.27378717064857483,-0.0010932683944702148,detected_area
beaufort,2023-08-04,area_frac,0.27604854106903076,0.27495524287223816,-0.0010932981967926025,detected_area
beaufort,2023-09-24,area_frac,0.26769495010375977,0.2653438448905945,-0.002351105213165283,detected_area
beaufort,2025-11-06,area_frac,0.011934050358831882,0.010751052759587765,-0.0011829975992441177,mask
beaufort,2025-11-07,area_frac,0.011934050358831882,0.010751052759587765,-0.0011829975992441177,mask
beaufort,2025-11-08,area_frac,0.0156167047098279,0.014433707110583782,-0.0011829975992441177,mask
beaufort,2025-11-09,area_frac,0.0156167047098279,0.014433707110583782,-0.0011829975992441177,mask
beaufort,2025-11-10,area_frac,0.0156167047098279,0.014433707110583782,-0.0011829975992441177,mask
beaufort,2021-10-17,Ibar,1.1541231870651245,1.620470404624939,0.46634721755981445,detected_area
beaufort,2021-10-18,Ibar,0.837135374546051,1.399950385093689,0.5628150105476379,detected_area
beaufort,2023-08-03,Ibar,5.239141941070557,5.260063171386719,0.02092123031616211,detected_area
beaufort,2023-08-04,Ibar,4.995847702026367,5.015712261199951,0.019864559173583984,detected_area
beaufort,2023-09-24,Ibar,2.2846426963806152,2.3048858642578125,0.020243167877197266,detected_area
beaufort,2025-11-06,Ibar,1.223643183708191,1.3145502805709839,0.09090709686279297,mask
beaufort,2025-11-07,Ibar,1.066499948501587,1.1290029287338257,0.06250298023223877,mask
beaufort,2025-11-08,Ibar,0.9487807750701904,0.9864542484283447,0.0376734733581543,mask
beaufort,2025-11-09,Ibar,0.9799870848655701,1.0218679904937744,0.041880905628204346,mask
beaufort,2025-11-10,Ibar,0.8833219408988953,0.9245681762695312,0.041246235370635986,mask
beaufort,2021-10-17,Dbar,18.143892288208008,18.0,-0.1438922882080078,detected_area
beaufort,2021-10-18,Dbar,19.201011657714844,19.0,-0.20101165771484375,detected_area
beaufort,2023-08-03,Dbar,11.708874702453613,11.731671333312988,0.022796630859375,detected_area
beaufort,2023-08-04,Dbar,12.59666633605957,12.61892032623291,0.022253990173339844,detected_area
beaufort,2023-09-24,Dbar,7.931207656860352,7.899614334106445,-0.03159332275390625,detected_area
beaufort,2025-11-06,Dbar,10.36092472076416,11.390958786010742,1.030034065246582,mask
beaufort,2025-11-07,Dbar,11.36092472076416,12.390958786010742,1.030034065246582,mask
beaufort,2025-11-08,Dbar,9.68184757232666,10.229496955871582,0.5476493835449219,mask
beaufort,2025-11-09,Dbar,10.68184757232666,11.229496955871582,0.5476493835449219,mask
beaufort,2025-11-10,Dbar,11.68184757232666,12.229496955871582,0.5476493835449219,mask
beaufort,2021-10-17,Cbar,35.986976623535156,34.24445724487305,-1.7425193786621094,detected_area
beaufort,2021-10-18,Cbar,37.81291198730469,36.14122772216797,-1.6716842651367188,detected_area
beaufort,2023-08-03,Cbar,56.47226333618164,56.62797927856445,0.1557159423828125,detected_area
beaufort,2023-08-04,Cbar,61.01812744140625,61.19125747680664,0.17313003540039062,detected_area
beaufort,2023-09-24,Cbar,19.0208797454834,18.97321319580078,-0.04766654968261719,detected_area
beaufort,2025-11-06,Cbar,14.728639602661133,16.30557632446289,1.5769367218017578,mask
beaufort,2025-11-07,Cbar,15.795140266418457,17.434579849243164,1.639439582824707,mask
beaufort,2025-11-08,Cbar,13.01918888092041,13.972728729248047,0.9535398483276367,mask
beaufort,2025-11-09,Cbar,13.999176025390625,14.994597434997559,0.9954214096069336,mask
beaufort,2025-11-10,Cbar,14.882497787475586,15.91916561126709,1.036667823791504,mask
beaufort,2023-08-04,Obar,0.008218413218855858,0.008251091465353966,3.267824649810791e-05,detected_area
beaufort,2023-09-24,Obar,0.004763042088598013,0.004805245436728001,4.220334812998772e-05,detected_area
beaufort,2025-11-06,Obar,0.011323320679366589,0.0,-0.011323320679366589,mask
beaufort,2025-11-08,Obar,0.04236951097846031,0.04584214836359024,0.0034726373851299286,mask
beaufort,2022-11-24,n_cells_valid,8.0,7.0,-1.0,mask
beaufort,2023-11-01,n_cells_valid,805.0,804.0,-1.0,mask
beaufort,2023-11-02,n_cells_valid,774.0,773.0,-1.0,mask
beaufort,2023-11-04,n_cells_valid,497.0,495.0,-2.0,mask
beaufort,2023-11-05,n_cells_valid,399.0,395.0,-4.0,mask
beaufort,2023-11-06,n_cells_valid,319.0,314.0,-5.0,mask
beaufort,2025-10-31,n_cells_valid,241.0,240.0,-1.0,mask
beaufort,2025-11-01,n_cells_valid,237.0,235.0,-2.0,mask
beaufort,2025-11-02,n_cells_valid,217.0,214.0,-3.0,mask
beaufort,2025-11-03,n_cells_valid,217.0,214.0,-3.0,mask
beaufort,2025-11-04,n_cells_valid,205.0,200.0,-5.0,mask
beaufort,2025-11-05,n_cells_valid,205.0,196.0,-9.0,mask
beaufort,2025-11-06,n_cells_valid,201.0,188.0,-13.0,mask
beaufort,2025-11-07,n_cells_valid,197.0,179.0,-18.0,mask
beaufort,2025-11-08,n_cells_valid,205.0,170.0,-35.0,mask
beaufort,2025-11-09,n_cells_valid,199.0,159.0,-40.0,mask
beaufort,2025-11-10,n_cells_valid,199.0,152.0,-47.0,mask
beaufort,2025-11-11,n_cells_valid,195.0,140.0,-55.0,mask
beaufort,2025-11-12,n_cells_valid,183.0,133.0,-50.0,mask
beaufort,2025-11-13,n_cells_valid,103.0,78.0,-25.0,mask
beaufort,2025-11-14,n_cells_valid,80.0,57.0,-23.0,mask
beaufort,2025-11-15,n_cells_valid,49.0,36.0,-13.0,mask
beaufort,2025-11-16,n_cells_valid,10.0,6.0,-4.0,mask
ebs,1982-02-05,area_frac,0.04454432800412178,0.04413917660713196,-0.0004051513969898224,mask
ebs,1982-02-06,area_frac,0.0440676212310791,0.04366246983408928,-0.0004051513969898224,mask
ebs,1982-02-07,area_frac,0.04772873967885971,0.04732358828186989,-0.0004051513969898224,mask
ebs,1982-02-08,area_frac,0.04866592958569527,0.048260778188705444,-0.0004051513969898224,mask
ebs,1982-02-09,area_frac,0.05093136802315712,0.0505262166261673,-0.0004051513969898224,mask
ebs,1984-12-31,area_frac,0.04909129440784454,0.04867283254861832,-0.0004184618592262268,mask
ebs,1985-01-01,area_frac,0.06679092347621918,0.06637246906757355,-0.0004184544086456299,mask
ebs,1985-01-02,area_frac,0.06684669852256775,0.06642823666334152,-0.0004184618592262268,mask
ebs,1985-01-03,area_frac,0.05200939625501633,0.0515909381210804,-0.00041845813393592834,mask
ebs,1985-01-04,area_frac,0.051529791206121445,0.051111333072185516,-0.00041845813393592834,mask
ebs,1985-01-05,area_frac,0.06305568665266037,0.06263722479343414,-0.0004184618592262268,mask
ebs,1985-01-06,area_frac,0.06196149066090584,0.06154303252696991,-0.00041845813393592834,mask
ebs,1985-01-19,area_frac,0.18859198689460754,0.1873433142900467,-0.001248672604560852,mask
ebs,1985-01-20,area_frac,0.19750963151454926,0.1962609589099884,-0.001248672604560852,mask
ebs,1985-01-21,area_frac,0.20291928946971893,0.20126545429229736,-0.0016538351774215698,mask
ebs,1985-01-22,area_frac,0.20753325521945953,0.205882728099823,-0.0016505271196365356,mask
ebs,1985-01-23,area_frac,0.2110055834054947,0.20935505628585815,-0.0016505271196365356,mask
ebs,1985-01-24,area_frac,0.22796522080898285,0.2263146936893463,-0.0016505271196365356,mask
ebs,1985-01-25,area_frac,0.25041717290878296,0.24876664578914642,-0.0016505271196365356,mask
ebs,1985-01-26,area_frac,0.30546098947525024,0.30380380153656006,-0.0016571879386901855,mask
ebs,1985-01-27,area_frac,0.3333328068256378,0.332084059715271,-0.0012487471103668213,mask
ebs,1985-01-28,area_frac,0.3493883013725281,0.34732258319854736,-0.002065718173980713,mask
ebs,1985-01-29,area_frac,0.3495820462703705,0.34422844648361206,-0.005353599786758423,mask
ebs,1985-01-30,area_frac,0.3490391671657562,0.34287527203559875,-0.006163895130157471,mask
ebs,1985-01-31,area_frac,0.3457273542881012,0.3367641866207123,-0.008963167667388916,mask
ebs,1985-02-01,area_frac,0.35736167430877686,0.34762826561927795,-0.009733408689498901,mask
ebs,1985-02-02,area_frac,0.3599560260772705,0.3506344258785248,-0.009321600198745728,mask
ebs,1985-02-03,area_frac,0.3774205446243286,0.36933109164237976,-0.008089452981948853,mask
ebs,1985-02-04,area_frac,0.37919536232948303,0.37599101662635803,-0.003204345703125,mask
ebs,1985-02-05,area_frac,0.346632719039917,0.343428373336792,-0.003204345703125,mask
ebs,1985-02-06,area_frac,0.3265407085418701,0.32494357228279114,-0.0015971362590789795,mask
ebs,1985-02-07,area_frac,0.3179394602775574,0.3163423240184784,-0.0015971362590789795,mask
ebs,1985-02-08,area_frac,0.302236407995224,0.3014327883720398,-0.0008036196231842041,mask
ebs,1985-02-09,area_frac,0.27286237478256226,0.27205875515937805,-0.0008036196231842041,mask
ebs,2002-12-02,area_frac,0.05874277651309967,0.05829161778092384,-0.000451158732175827,detected_area
ebs,2003-02-27,area_frac,0.282931387424469,0.2824452519416809,-0.00048613548278808594,detected_area
ebs,2003-11-08,area_frac,0.44522523880004883,0.444729745388031,-0.0004954934120178223,detected_area
ebs,2003-11-09,area_frac,0.4885111451148987,0.48801565170288086,-0.0004954934120178223,detected_area
ebs,2003-11-18,area_frac,0.3705716133117676,0.37007924914360046,-0.0004923641681671143,detected_area
ebs,2019-04-30,area_frac,0.5556233525276184,0.5551819205284119,-0.00044143199920654297,detected_area
ebs,2019-05-01,area_frac,0.5910022854804993,0.5905608534812927,-0.00044143199920654297,detected_area
ebs,1982-02-05,Ibar,0.9331405162811279,0.9328751564025879,-0.00026535987854003906,mask
ebs,1982-02-06,Ibar,0.9625577926635742,0.9596386551856995,-0.002919137477874756,mask
ebs,1982-02-07,Ibar,1.0015404224395752,1.0009952783584595,-0.0005451440811157227,mask
ebs,1982-02-08,Ibar,0.9890210032463074,0.990394115447998,0.0013731122016906738,mask
ebs,1982-02-09,Ibar,0.9219487905502319,0.923204779624939,0.0012559890747070312,mask
ebs,1984-12-31,Ibar,1.3512499332427979,1.3469010591506958,-0.004348874092102051,mask
ebs,1985-01-01,Ibar,1.3844858407974243,1.3798561096191406,-0.004629731178283691,mask
ebs,1985-01-02,Ibar,1.4488624334335327,1.4442514181137085,-0.004611015319824219,mask
ebs,1985-01-03,Ibar,1.4966307878494263,1.5017133951187134,0.005082607269287109,mask
ebs,1985-01-04,Ibar,1.4614534378051758,1.4662957191467285,0.004842281341552734,mask
ebs,1985-01-05,Ibar,1.4372200965881348,1.4395397901535034,0.0023196935653686523,mask
ebs,1985-01-06,Ibar,1.4049264192581177,1.4035999774932861,-0.001326441764831543,mask
ebs,1985-01-19,Ibar,1.4334216117858887,1.4388843774795532,0.005462765693664551,mask
ebs,1985-01-20,Ibar,1.444764494895935,1.4499859809875488,0.0052214860916137695,mask
ebs,1985-01-21,Ibar,1.4631353616714478,1.4701004028320312,0.006965041160583496,mask
ebs,1985-01-22,Ibar,1.494781255722046,1.5016241073608398,0.006842851638793945,mask
ebs,1985-01-23,Ibar,1.425750494003296,1.4297622442245483,0.004011750221252441,mask
ebs,1985-01-24,Ibar,1.4046883583068848,1.4073638916015625,0.0026755332946777344,mask
ebs,1985-01-25,Ibar,1.4021005630493164,1.4049328565597534,0.0028322935104370117,mask
ebs,1985-01-26,Ibar,1.4822359085083008,1.4875785112380981,0.005342602729797363,mask
ebs,1985-01-27,Ibar,1.5298627614974976,1.5333985090255737,0.003535747528076172,mask
ebs,1985-01-28,Ibar,1.5770705938339233,1.58210289478302,0.00503230094909668,mask
ebs,1985-01-29,Ibar,1.5503075122833252,1.5626699924468994,0.012362480163574219,mask
ebs,1985-01-30,Ibar,1.5267893075942993,1.5400919914245605,0.01330268383026123,mask
ebs,1985-01-31,Ibar,1.5588138103485107,1.577048659324646,0.018234848976135254,mask
ebs,1985-02-01,Ibar,1.5761477947235107,1.5940933227539062,0.017945528030395508,mask
ebs,1985-02-02,Ibar,1.5684806108474731,1.590315818786621,0.02183520793914795,mask
ebs,1985-02-03,Ibar,1.5650784969329834,1.590908169746399,0.025829672813415527,mask
ebs,1985-02-04,Ibar,1.5681358575820923,1.578009009361267,0.009873151779174805,mask
ebs,1985-02-05,Ibar,1.5460925102233887,1.5576542615890503,0.011561751365661621,mask
ebs,1985-02-06,Ibar,1.5928950309753418,1.5994770526885986,0.006582021713256836,mask
ebs,1985-02-07,Ibar,1.6307295560836792,1.6379685401916504,0.007238984107971191,mask
ebs,1985-02-08,Ibar,1.6483882665634155,1.6523182392120361,0.0039299726486206055,mask
ebs,1985-02-09,Ibar,1.6129114627838135,1.615080714225769,0.0021692514419555664,mask
ebs,2002-12-02,Ibar,2.008478879928589,2.02402400970459,0.015545129776000977,detected_area
ebs,2003-02-27,Ibar,1.983481526374817,1.9868954420089722,0.0034139156341552734,detected_area
ebs,2003-11-08,Ibar,1.6395596265792847,1.6413863897323608,0.0018267631530761719,detected_area
ebs,2003-11-09,Ibar,1.6853406429290771,1.687051773071289,0.001711130142211914,detected_area
ebs,2003-11-18,Ibar,1.7068945169448853,1.7091654539108276,0.002270936965942383,detected_area
ebs,2019-04-30,Ibar,1.9460196495056152,1.9475669860839844,0.0015473365783691406,detected_area
ebs,2019-05-01,Ibar,2.0263636112213135,2.0278782844543457,0.0015146732330322266,detected_area
ebs,1982-02-05,Dbar,6.383633136749268,6.433049201965332,0.04941606521606445,mask
ebs,1982-02-06,Dbar,7.322877407073975,7.372269630432129,0.0493922233581543,mask
ebs,1982-02-07,Dbar,7.573915958404541,7.613074779510498,0.03915882110595703,mask
ebs,1982-02-08,Dbar,8.428060531616211,8.46523380279541,0.03717327117919922,mask
ebs,1982-02-09,Dbar,8.955801963806152,8.98752212524414,0.03172016143798828,mask
ebs,1984-12-31,Dbar,6.418254375457764,6.464837074279785,0.046582698822021484,mask
ebs,1985-01-01,Dbar,5.645812511444092,5.668798446655273,0.02298593521118164,mask
ebs,1985-01-02,Dbar,6.437560558319092,6.45921516418457,0.021654605865478516,mask
ebs,1985-01-03,Dbar,5.698516368865967,5.7122931480407715,0.013776779174804688,mask
ebs,1985-01-04,Dbar,6.586984634399414,6.599977493286133,0.01299285888671875,mask
ebs,1985-01-05,Dbar,6.382955551147461,6.385513782501221,0.0025582313537597656,mask
ebs,1985-01-06,Dbar,6.820613384246826,6.819393634796143,-0.0012197494506835938,mask
ebs,1985-01-19,Dbar,7.246906280517578,7.288543224334717,0.04163694381713867,mask
ebs,1985-01-20,Dbar,7.802375316619873,7.839292049407959,0.03691673278808594,mask
ebs,1985-01-21,Dbar,8.496920585632324,8.54611587524414,0.049195289611816406,mask
ebs,1985-01-22,Dbar,9.276164054870605,9.32235050201416,0.04618644714355469,mask
ebs,1985-01-23,Dbar,9.487454414367676,9.526656150817871,0.03920173645019531,mask
ebs,1985-01-24,Dbar,9.587325096130371,9.617024421691895,0.029699325561523438,mask
ebs,1985-01-25,Dbar,9.426142692565918,9.445457458496094,0.01931476593017578,mask
ebs,1985-01-26,Dbar,8.457907676696777,8.460372924804688,0.0024652481079101562,mask
ebs,1985-01-27,Dbar,8.64157772064209,8.613767623901367,-0.027810096740722656,mask
ebs,1985-01-28,Dbar,9.168848991394043,9.159774780273438,-0.009074211120605469,mask
ebs,1985-01-29,Dbar,9.843412399291992,9.783099174499512,-0.06031322479248047,mask
ebs,1985-01-30,Dbar,10.513851165771484,10.470637321472168,-0.043213844299316406,mask
ebs,1985-01-31,Dbar,11.020149230957031,11.050405502319336,0.030256271362304688,mask
ebs,1985-02-01,Dbar,11.485284805297852,11.52403736114502,0.03875255584716797,mask
ebs,1985-02-02,Dbar,12.303746223449707,12.32384967803955,0.02010345458984375,mask
ebs,1985-02-03,Dbar,12.637494087219238,12.600940704345703,-0.036553382873535156,mask
ebs,1985-02-04,Dbar,13.481742858886719,13.280315399169922,-0.20142745971679688,mask
ebs,1985-02-05,Dbar,14.30182933807373,14.07962417602539,-0.22220516204833984,mask
ebs,1985-02-06,Dbar,15.20727825164795,14.928454399108887,-0.2788238525390625,mask
ebs,1985-02-07,Dbar,16.28073501586914,15.99470043182373,-0.28603458404541016,mask
ebs,1985-02-08,Dbar,17.455440521240234,17.13392448425293,-0.3215160369873047,mask
ebs,1985-02-09,Dbar,18.000228881835938,17.642656326293945,-0.3575725555419922,mask
ebs,1985-02-10,Dbar,18.366222381591797,18.14529800415039,-0.22092437744140625,mask
ebs,1985-02-11,Dbar,19.331796646118164,19.31509780883789,-0.016698837280273438,mask
ebs,2002-12-02,Dbar,6.159409046173096,6.160643100738525,0.0012340545654296875,detected_area
ebs,2003-02-27,Dbar,8.335620880126953,8.337920188903809,0.0022993087768554688,detected_area
ebs,2003-11-08,Dbar,6.70589017868042,6.702220439910889,-0.00366973876953125,detected_area
ebs,2003-11-09,Dbar,7.096311092376709,7.092347621917725,-0.003963470458984375,detected_area
ebs,2003-11-18,Dbar,15.768518447875977,15.778853416442871,0.010334968566894531,detected_area
ebs,2019-04-30,Dbar,14.719916343688965,14.725259780883789,0.005343437194824219,detected_area
ebs,2019-05-01,Dbar,14.830812454223633,14.83517074584961,0.0043582916259765625,detected_area
ebs,1982-02-05,Cbar,6.1177592277526855,6.165083408355713,0.047324180603027344,mask
ebs,1982-02-06,Cbar,7.030872821807861,7.07533597946167,0.044463157653808594,mask
ebs,1982-02-07,Cbar,7.3004679679870605,7.33467960357666,0.03421163558959961,mask
ebs,1982-02-08,Cbar,8.14889907836914,8.182639122009277,0.03374004364013672,mask
ebs,1982-02-09,Cbar,8.5759859085083,8.605500221252441,0.029514312744140625,mask
ebs,1984-12-31,Cbar,8.549724578857422,8.607263565063477,0.05753898620605469,mask
ebs,1985-01-01,Cbar,7.576906681060791,7.599609851837158,0.022703170776367188,mask
ebs,1985-01-02,Cbar,8.802531242370605,8.819198608398438,0.01666736602783203,mask
ebs,1985-01-03,Cbar,8.554222106933594,8.566612243652344,0.01239013671875,mask
ebs,1985-01-04,Cbar,9.88143253326416,9.89768123626709,0.016248703002929688,mask
ebs,1985-01-05,Cbar,9.512434005737305,9.515946388244629,0.0035123825073242188,mask
ebs,1985-01-06,Cbar,10.26903247833252,10.26687240600586,-0.0021600723266601562,mask
ebs,1985-01-19,Cbar,10.20556354522705,10.26949405670166,0.06393051147460938,mask
ebs,1985-01-20,Cbar,10.998781204223633,11.060883522033691,0.062102317810058594,mask
ebs,1985-01-21,Cbar,11.995445251464844,12.081275939941406,0.0858306884765625,mask
ebs,1985-01-22,Cbar,13.186209678649902,13.274328231811523,0.0881185531616211,mask
ebs,1985-01-23,Cbar,13.434680938720703,13.516068458557129,0.08138751983642578,mask
ebs,1985-01-24,Cbar,13.595572471618652,13.66446590423584,0.0688934326171875,mask
ebs,1985-01-25,Cbar,13.278365135192871,13.332465171813965,0.05410003662109375,mask
ebs,1985-01-26,Cbar,11.985807418823242,12.019645690917969,0.03383827209472656,mask
ebs,1985-01-27,Cbar,12.38240909576416,12.371964454650879,-0.01044464111328125,mask
ebs,1985-01-28,Cbar,13.283424377441406,13.30357551574707,0.020151138305664062,mask
ebs,1985-01-29,Cbar,14.522285461425781,14.558794975280762,0.03650951385498047,mask
ebs,1985-01-30,Cbar,15.518213272094727,15.59294605255127,0.07473278045654297,mask
ebs,1985-01-31,Cbar,16.205215454101562,16.40532684326172,0.20011138916015625,mask
ebs,1985-02-01,Cbar,17.041595458984375,17.268590927124023,0.22699546813964844,mask
ebs,1985-02-02,Cbar,18.358430862426758,18.578609466552734,0.22017860412597656,mask
ebs,1985-02-03,Cbar,18.96916961669922,19.121883392333984,0.15271377563476562,mask
ebs,1985-02-04,Cbar,20.326915740966797,20.23854637145996,-0.08836936950683594,mask
ebs,1985-02-05,Cbar,21.841032028198242,21.75554656982422,-0.08548545837402344,mask
ebs,1985-02-06,Cbar,23.38423728942871,23.202556610107422,-0.18168067932128906,mask
ebs,1985-02-07,Cbar,25.18484115600586,25.006319046020508,-0.17852210998535156,mask
ebs,1985-02-08,Cbar,27.30020523071289,27.06040382385254,-0.23980140686035156,mask
ebs,1985-02-09,Cbar,28.67615509033203,28.41193199157715,-0.2642230987548828,mask
ebs,1985-02-10,Cbar,30.27994728088379,30.083576202392578,-0.19637107849121094,mask
ebs,1985-02-11,Cbar,32.99037551879883,32.97700881958008,-0.01336669921875,mask
ebs,2002-12-02,Cbar,13.08477783203125,13.126678466796875,0.041900634765625,detected_area
ebs,2003-02-27,Cbar,15.468995094299316,15.475059509277344,0.006064414978027344,detected_area
ebs,2003-11-08,Cbar,10.752238273620605,10.752553939819336,0.00031566619873046875,detected_area
ebs,2003-11-09,Cbar,11.456242561340332,11.457244873046875,0.0010023117065429688,detected_area
ebs,2003-11-18,Cbar,27.734113693237305,27.75513458251953,0.021020889282226562,detected_area
ebs,2019-04-30,Cbar,28.427051544189453,28.440683364868164,0.013631820678710938,detected_area
ebs,2019-05-01,Cbar,28.744001388549805,28.75705337524414,0.013051986694335938,detected_area
ebs,1982-02-05,Obar,0.00945986621081829,0.0046750144101679325,-0.004784851800650358,mask
ebs,1982-02-07,Obar,0.01152725424617529,0.011625942774116993,9.86885279417038e-05,mask
ebs,1982-02-08,Obar,0.001630299142561853,0.0016439856262877584,1.3686483725905418e-05,mask
ebs,1982-02-09,Obar,0.007466067094355822,0.007525934837758541,5.98677434027195e-05,mask
ebs,1984-12-31,Obar,0.00744917755946517,0.003206644905731082,-0.004242532653734088,mask
ebs,1985-01-01,Obar,0.04369964823126793,0.043975163251161575,0.00027551501989364624,mask
ebs,1985-01-02,Obar,0.003785887500271201,0.0038097365759313107,2.384907566010952e-05,mask
ebs,1985-01-03,Obar,0.02838076464831829,0.028610965237021446,0.00023020058870315552,mask
ebs,1985-01-04,Obar,0.0023663348983973265,0.0023857085034251213,1.9373605027794838e-05,mask
ebs,1985-01-05,Obar,0.034625787287950516,0.03485710918903351,0.00023132190108299255,mask
ebs,1985-01-06,Obar,0.03483963757753372,0.035076528787612915,0.00023689121007919312,mask
ebs,1985-01-10,Obar,0.01821264438331127,0.018227215856313705,1.4571473002433777e-05,mask
ebs,1985-01-11,Obar,0.018801294267177582,0.018790051341056824,-1.1242926120758057e-05,mask
ebs,1985-01-13,Obar,0.019302848726511,0.01932801865041256,2.5169923901557922e-05,mask
ebs,1985-01-19,Obar,0.009181056171655655,0.008610372431576252,-0.0005706837400794029,mask
ebs,1985-01-20,Obar,0.004642167594283819,0.0046717026270926,2.953503280878067e-05,mask
ebs,1985-01-21,Obar,0.0035826738458126783,0.0030880144331604242,-0.0004946594126522541,mask
ebs,1985-01-22,Obar,0.0020675312262028456,0.0019731565844267607,-9.43746417760849e-05,mask
ebs,1985-01-23,Obar,0.004521484021097422,0.004557130858302116,3.564683720469475e-05,mask
ebs,1985-01-24,Obar,0.01083277352154255,0.01091177761554718,7.900409400463104e-05,mask
ebs,1985-01-25,Obar,0.01647219806909561,0.016581488773226738,0.0001092907041311264,mask
ebs,1985-01-26,Obar,0.02519671618938446,0.025334160774946213,0.00013744458556175232,mask
ebs,1985-01-27,Obar,0.017640890553593636,0.017707224935293198,6.633438169956207e-05,mask
ebs,1985-01-28,Obar,0.008112363517284393,0.007846581749618053,-0.0002657817676663399,mask
ebs,1985-01-29,Obar,0.005274941213428974,0.005188370123505592,-8.65710899233818e-05,mask
ebs,1985-01-30,Obar,0.003564596874639392,0.0031972588039934635,-0.0003673380706459284,mask
ebs,1985-01-31,Obar,0.015732241794466972,0.014478796161711216,-0.0012534456327557564,mask
ebs,1985-02-01,Obar,0.010589232668280602,0.014211966656148434,0.003622733987867832,mask
ebs,1985-02-02,Obar,0.0018783306004479527,0.0032230408396571875,0.0013447102392092347,mask
ebs,1985-02-03,Obar,0.00619006110355258,0.006672887597233057,0.00048282649368047714,mask
ebs,1985-02-04,Obar,0.005248507019132376,0.006701622623950243,0.0014531156048178673,mask
ebs,1985-02-05,Obar,0.0007417133310809731,0.000748633814509958,6.9204834289848804e-06,mask
ebs,1985-02-06,Obar,0.0024248005356639624,0.0024367186706513166,1.1918134987354279e-05,mask
ebs,1985-02-07,Obar,7.7111239079386e-05,7.750055374344811e-05,3.8931466406211257e-07,mask
ebs,1985-02-08,Obar,0.0007902371580712497,0.0007923439261503518,2.1067680791020393e-06,mask
ebs,1985-02-09,Obar,0.0008859890513122082,0.0008886061259545386,2.617074642330408e-06,mask
ebs,2002-12-02,Obar,0.0010331914527341723,0.0010411880211904645,7.996568456292152e-06,detected_area
ebs,2003-02-27,Obar,0.008036588318645954,0.008050420321524143,1.3832002878189087e-05,detected_area
ebs,2003-11-08,Obar,0.024434344843029976,0.024461567401885986,2.7222558856010437e-05,detected_area
ebs,2003-11-09,Obar,0.011029594577848911,0.011040792800486088,1.1198222637176514e-05,detected_area
ebs,2003-11-18,Obar,0.0012286605779081583,0.0012302952818572521,1.6347039490938187e-06,detected_area
ebs,2019-04-30,Obar,0.007876673713326454,0.007882936857640743,6.263144314289093e-06,detected_area
ebs,2019-05-01,Obar,0.011196058243513107,0.011204427108168602,8.36886465549469e-06,detected_area
ebs,1982-02-05,n_cells_valid,1477.0,1475.0,-2.0,mask
ebs,1982-02-06,n_cells_valid,1518.0,1513.0,-5.0,mask
ebs,1982-02-07,n_cells_valid,1561.0,1553.0,-8.0,mask
ebs,1982-02-08,n_cells_valid,1547.0,1543.0,-4.0,mask
ebs,1982-02-09,n_cells_valid,1559.0,1554.0,-5.0,mask
ebs,1983-03-25,n_cells_valid,1096.0,1094.0,-2.0,mask
ebs,1983-03-26,n_cells_valid,1108.0,1105.0,-3.0,mask
ebs,1983-03-27,n_cells_valid,1113.0,1108.0,-5.0,mask
ebs,1983-03-28,n_cells_valid,1121.0,1116.0,-5.0,mask
ebs,1983-03-29,n_cells_valid,1115.0,1114.0,-1.0,mask
ebs,1983-03-30,n_cells_valid,1130.0,1125.0,-5.0,mask
ebs,1983-03-31,n_cells_valid,1123.0,1118.0,-5.0,mask
ebs,1983-04-01,n_cells_valid,1109.0,1108.0,-1.0,mask
ebs,1983-04-02,n_cells_valid,1119.0,1117.0,-2.0,mask
ebs,1983-04-03,n_cells_valid,1089.0,1086.0,-3.0,mask
ebs,1983-04-04,n_cells_valid,1073.0,1069.0,-4.0,mask
ebs,1983-04-05,n_cells_valid,1087.0,1081.0,-6.0,mask
ebs,1983-04-06,n_cells_valid,1068.0,1063.0,-5.0,mask
ebs,1983-04-07,n_cells_valid,1050.0,1045.0,-5.0,mask
ebs,1983-04-08,n_cells_valid,1092.0,1090.0,-2.0,mask
ebs,1983-04-09,n_cells_valid,1067.0,1064.0,-3.0,mask
ebs,1983-12-20,n_cells_valid,2014.0,2013.0,-1.0,mask
ebs,1983-12-21,n_cells_valid,2088.0,2080.0,-8.0,mask
ebs,1983-12-22,n_cells_valid,2107.0,2088.0,-19.0,mask
ebs,1983-12-23,n_cells_valid,2106.0,2079.0,-27.0,mask
ebs,1983-12-24,n_cells_valid,2118.0,2089.0,-29.0,mask
ebs,1983-12-25,n_cells_valid,2107.0,2073.0,-34.0,mask
ebs,1983-12-26,n_cells_valid,2115.0,2076.0,-39.0,mask
ebs,1983-12-27,n_cells_valid,2120.0,2087.0,-33.0,mask
ebs,1983-12-28,n_cells_valid,2106.0,2076.0,-30.0,mask
ebs,1983-12-29,n_cells_valid,2075.0,2056.0,-19.0,mask
ebs,1983-12-30,n_cells_valid,1954.0,1953.0,-1.0,mask
ebs,1983-12-31,n_cells_valid,1900.0,1899.0,-1.0,mask
ebs,1984-01-01,n_cells_valid,1855.0,1854.0,-1.0,mask
ebs,1984-01-09,n_cells_valid,1804.0,1803.0,-1.0,mask
ebs,1984-01-10,n_cells_valid,1800.0,1799.0,-1.0,mask
ebs,1984-01-11,n_cells_valid,1803.0,1798.0,-5.0,mask
ebs,1984-01-12,n_cells_valid,1803.0,1798.0,-5.0,mask
ebs,1984-01-13,n_cells_valid,1784.0,1781.0,-3.0,mask
ebs,1984-01-14,n_cells_valid,1768.0,1765.0,-3.0,mask
ebs,1984-03-19,n_cells_valid,779.0,778.0,-1.0,mask
ebs,1984-03-20,n_cells_valid,805.0,804.0,-1.0,mask
ebs,1984-03-30,n_cells_valid,917.0,916.0,-1.0,mask
ebs,1984-04-01,n_cells_valid,957.0,956.0,-1.0,mask
ebs,1984-04-02,n_cells_valid,980.0,978.0,-2.0,mask
ebs,1984-04-03,n_cells_valid,984.0,983.0,-1.0,mask
ebs,1984-04-04,n_cells_valid,1022.0,1021.0,-1.0,mask
ebs,1984-04-05,n_cells_valid,1058.0,1057.0,-1.0,mask
ebs,1984-04-07,n_cells_valid,1079.0,1078.0,-1.0,mask
ebs,1984-12-23,n_cells_valid,1848.0,1847.0,-1.0,mask
ebs,1984-12-25,n_cells_valid,1824.0,1823.0,-1.0,mask
ebs,1984-12-27,n_cells_valid,1807.0,1806.0,-1.0,mask
ebs,1984-12-31,n_cells_valid,1789.0,1788.0,-1.0,mask
ebs,1985-01-01,n_cells_valid,1807.0,1806.0,-1.0,mask
ebs,1985-01-02,n_cells_valid,1809.0,1806.0,-3.0,mask
ebs,1985-01-03,n_cells_valid,1800.0,1799.0,-1.0,mask
ebs,1985-01-04,n_cells_valid,1824.0,1820.0,-4.0,mask
ebs,1985-01-05,n_cells_valid,1832.0,1827.0,-5.0,mask
ebs,1985-01-06,n_cells_valid,1825.0,1820.0,-5.0,mask
ebs,1985-01-07,n_cells_valid,1833.0,1831.0,-2.0,mask
ebs,1985-01-08,n_cells_valid,1808.0,1805.0,-3.0,mask
ebs,1985-01-09,n_cells_valid,1817.0,1812.0,-5.0,mask
ebs,1985-01-10,n_cells_valid,1822.0,1811.0,-11.0,mask
ebs,1985-01-11,n_cells_valid,1820.0,1799.0,-21.0,mask
ebs,1985-01-12,n_cells_valid,1818.0,1798.0,-20.0,mask
ebs,1985-01-13,n_cells_valid,1805.0,1789.0,-16.0,mask
ebs,1985-01-14,n_cells_valid,1788.0,1774.0,-14.0,mask
ebs,1985-01-15,n_cells_valid,1774.0,1769.0,-5.0,mask
ebs,1985-01-16,n_cells_valid,1749.0,1745.0,-4.0,mask
ebs,1985-01-17,n_cells_valid,1767.0,1762.0,-5.0,mask
ebs,1985-01-18,n_cells_valid,1752.0,1749.0,-3.0,mask
ebs,1985-01-19,n_cells_valid,1773.0,1768.0,-5.0,mask
ebs,1985-01-20,n_cells_valid,1791.0,1773.0,-18.0,mask
ebs,1985-01-21,n_cells_valid,1787.0,1767.0,-20.0,mask
ebs,1985-01-22,n_cells_valid,1805.0,1790.0,-15.0,mask
ebs,1985-01-23,n_cells_valid,1798.0,1786.0,-12.0,mask
ebs,1985-01-24,n_cells_valid,1788.0,1776.0,-12.0,mask
ebs,1985-01-25,n_cells_valid,1805.0,1794.0,-11.0,mask
ebs,1985-01-26,n_cells_valid,1791.0,1783.0,-8.0,mask
ebs,1985-01-27,n_cells_valid,1806.0,1793.0,-13.0,mask
ebs,1985-01-28,n_cells_valid,1814.0,1790.0,-24.0,mask
ebs,1985-01-29,n_cells_valid,1845.0,1785.0,-60.0,mask
ebs,1985-01-30,n_cells_valid,1878.0,1789.0,-89.0,mask
ebs,1985-01-31,n_cells_valid,1945.0,1802.0,-143.0,mask
ebs,1985-02-01,n_cells_valid,1982.0,1817.0,-165.0,mask
ebs,1985-02-02,n_cells_valid,1997.0,1829.0,-168.0,mask
ebs,1985-02-03,n_cells_valid,2005.0,1851.0,-154.0,mask
ebs,1985-02-04,n_cells_valid,2008.0,1881.0,-127.0,mask
ebs,1985-02-05,n_cells_valid,2015.0,1894.0,-121.0,mask
ebs,1985-02-06,n_cells_valid,1995.0,1904.0,-91.0,mask
ebs,1985-02-07,n_cells_valid,1962.0,1910.0,-52.0,mask
ebs,1985-02-08,n_cells_valid,1862.0,1857.0,-5.0,mask
ebs,1985-02-09,n_cells_valid,1829.0,1823.0,-6.0,mask
ebs,1985-12-20,n_cells_valid,1879.0,1878.0,-1.0,mask
ebs,1985-12-21,n_cells_valid,1895.0,1894.0,-1.0,mask
ebs,1985-12-22,n_cells_valid,1936.0,1934.0,-2.0,mask
ebs,1985-12-23,n_cells_valid,1939.0,1935.0,-4.0,mask
ebs,1985-12-24,n_cells_valid,1931.0,1925.0,-6.0,mask
ebs,1985-12-25,n_cells_valid,1974.0,1965.0,-9.0,mask
ebs,1985-12-26,n_cells_valid,1976.0,1954.0,-22.0,mask
ebs,1985-12-27,n_cells_valid,2003.0,1977.0,-26.0,mask
ebs,1985-12-28,n_cells_valid,2031.0,1990.0,-41.0,mask
ebs,1985-12-29,n_cells_valid,2003.0,1973.0,-30.0,mask
ebs,1985-12-30,n_cells_valid,2020.0,1977.0,-43.0,mask
ebs,1985-12-31,n_cells_valid,1984.0,1963.0,-21.0,mask
ebs,1986-01-01,n_cells_valid,1917.0,1912.0,-5.0,mask
ebs,1986-01-02,n_cells_valid,1872.0,1871.0,-1.0,mask
ebs,1986-02-10,n_cells_valid,1323.0,1322.0,-1.0,mask
ebs,1986-02-11,n_cells_valid,1339.0,1338.0,-1.0,mask
ebs,1986-12-17,n_cells_valid,1864.0,1863.0,-1.0,mask
ebs,1986-12-19,n_cells_valid,1856.0,1855.0,-1.0,mask
ebs,1986-12-20,n_cells_valid,1849.0,1848.0,-1.0,mask
ebs,1986-12-23,n_cells_valid,1825.0,1824.0,-1.0,mask
ebs,1986-12-24,n_cells_valid,1800.0,1799.0,-1.0,mask
ebs,1987-02-09,n_cells_valid,1297.0,1296.0,-1.0,mask
ebs,1987-03-20,n_cells_valid,1246.0,1245.0,-1.0,mask
ebs,1987-03-22,n_cells_valid,1223.0,1222.0,-1.0,mask
ebs,1987-03-23,n_cells_valid,1214.0,1210.0,-4.0,mask
ebs,1987-03-24,n_cells_valid,1219.0,1215.0,-4.0,mask
ebs,1987-03-25,n_cells_valid,1211.0,1207.0,-4.0,mask
ebs,1987-03-26,n_cells_valid,1236.0,1235.0,-1.0,mask
ebs,1987-03-27,n_cells_valid,1253.0,1249.0,-4.0,mask
ebs,1987-03-28,n_cells_valid,1264.0,1260.0,-4.0,mask
ebs,1987-03-29,n_cells_valid,1290.0,1286.0,-4.0,mask
ebs,1987-03-30,n_cells_valid,1313.0,1309.0,-4.0,mask
ebs,1987-03-31,n_cells_valid,1325.0,1324.0,-1.0,mask
ebs,1987-04-01,n_cells_valid,1364.0,1363.0,-1.0,mask
ebs,1987-04-02,n_cells_valid,1434.0,1430.0,-4.0,mask
ebs,1987-04-03,n_cells_valid,1441.0,1433.0,-8.0,mask
ebs,1987-04-04,n_cells_valid,1476.0,1472.0,-4.0,mask
ebs,1987-04-05,n_cells_valid,1502.0,1495.0,-7.0,mask
ebs,1987-04-06,n_cells_valid,1522.0,1514.0,-8.0,mask
ebs,1987-04-07,n_cells_valid,1490.0,1482.0,-8.0,mask
ebs,1987-04-08,n_cells_valid,1506.0,1499.0,-7.0,mask
ebs,1987-04-09,n_cells_valid,1459.0,1453.0,-6.0,mask
ebs,1987-04-10,n_cells_valid,1438.0,1436.0,-2.0,mask
ebs,1989-02-12,n_cells_valid,1507.0,1506.0,-1.0,mask
ebs,1989-03-13,n_cells_valid,1445.0,1444.0,-1.0,mask
ebs,1989-03-14,n_cells_valid,1444.0,1442.0,-2.0,mask
ebs,1989-03-15,n_cells_valid,1422.0,1420.0,-2.0,mask
ebs,1989-03-16,n_cells_valid,1404.0,1402.0,-2.0,mask
ebs,1989-03-17,n_cells_valid,1382.0,1381.0,-1.0,mask
ebs,1989-04-06,n_cells_valid,1260.0,1259.0,-1.0,mask
ebs,1989-04-07,n_cells_valid,1311.0,1309.0,-2.0,mask
ebs,1989-04-08,n_cells_valid,1333.0,1331.0,-2.0,mask
ebs,1989-04-09,n_cells_valid,1362.0,1360.0,-2.0,mask
ebs,1989-04-10,n_cells_valid,1382.0,1381.0,-1.0,mask
ebs,1989-04-15,n_cells_valid,1646.0,1645.0,-1.0,mask
ebs,1989-04-16,n_cells_valid,1738.0,1734.0,-4.0,mask
ebs,1989-04-17,n_cells_valid,1804.0,1801.0,-3.0,mask
ebs,1989-04-18,n_cells_valid,1855.0,1852.0,-3.0,mask
ebs,1989-04-19,n_cells_valid,1875.0,1871.0,-4.0,mask
ebs,1989-04-20,n_cells_valid,1879.0,1875.0,-4.0,mask
ebs,1989-04-21,n_cells_valid,1872.0,1870.0,-2.0,mask
ebs,2022-03-02,n_cells_valid,996.0,992.0,-4.0,mask
ebs,2022-03-03,n_cells_valid,1001.0,996.0,-5.0,mask
ebs,2022-03-04,n_cells_valid,998.0,994.0,-4.0,mask
ebs,2022-03-05,n_cells_valid,1029.0,1026.0,-3.0,mask
ebs,2022-03-06,n_cells_valid,1041.0,1038.0,-3.0,mask
ebs,2025-03-15,n_cells_valid,1371.0,1370.0,-1.0,mask
ebs,2025-03-16,n_cells_valid,1371.0,1370.0,-1.0,mask
ebs,2025-04-05,n_cells_valid,1254.0,1253.0,-1.0,mask
ebs,2025-04-07,n_cells_valid,1317.0,1314.0,-3.0,mask
ebs,2025-04-08,n_cells_valid,1337.0,1334.0,-3.0,mask
ebs,2025-04-09,n_cells_valid,1337.0,1334.0,-3.0,mask
ebs,2025-04-10,n_cells_valid,1325.0,1322.0,-3.0,mask
ebs,2025-04-11,n_cells_valid,1318.0,1315.0,-3.0,mask
ebs,2025-04-12,n_cells_valid,1294.0,1291.0,-3.0,mask
ebs,2025-04-13,n_cells_valid,1282.0,1279.0,-3.0,mask
ebs,2025-04-14,n_cells_valid,1262.0,1259.0,-3.0,mask
ebs,2025-04-15,n_cells_valid,1246.0,1243.0,-3.0,mask
ebs,2025-04-16,n_cells_valid,1225.0,1223.0,-2.0,mask
ebs,2025-04-17,n_cells_valid,1193.0,1191.0,-2.0,mask
ebs,2025-04-18,n_cells_valid,1171.0,1169.0,-2.0,mask
ebs,2025-04-19,n_cells_valid,1153.0,1151.0,-2.0,mask
ebs,2025-04-20,n_cells_valid,1153.0,1151.0,-2.0,mask
ebs,2025-04-21,n_cells_valid,1153.0,1151.0,-2.0,mask
ebs,2025-04-22,n_cells_valid,1180.0,1179.0,-1.0,mask
ebs,2025-04-23,n_cells_valid,1180.0,1179.0,-1.0,mask
ebs,2025-04-27,n_cells_valid,1276.0,1273.0,-3.0,mask
ebs,2025-04-28,n_cells_valid,1292.0,1289.0,-3.0,mask
ebs,2025-04-29,n_cells_valid,1346.0,1340.0,-6.0,mask
ebs,2025-04-30,n_cells_valid,1387.0,1381.0,-6.0,mask
ebs,2025-05-01,n_cells_valid,1407.0,1404.0,-3.0,mask
ebs,2025-05-02,n_cells_valid,1430.0,1427.0,-3.0,mask
ebs,2025-05-03,n_cells_valid,1433.0,1430.0,-3.0,mask
ebs,2025-05-04,n_cells_valid,1436.0,1434.0,-2.0,mask
ebs,2025-05-05,n_cells_valid,1447.0,1445.0,-2.0,mask
ebs,2025-05-06,n_cells_valid,1466.0,1464.0,-2.0,mask
ebs,2025-05-07,n_cells_valid,1470.0,1469.0,-1.0,mask
ebs,2025-05-08,n_cells_valid,1491.0,1490.0,-1.0,mask
ebs,2025-05-09,n_cells_valid,1503.0,1502.0,-1.0,mask
ebs,2025-05-10,n_cells_valid,1524.0,1523.0,-1.0,mask
ebs,2025-05-11,n_cells_valid,1561.0,1560.0,-1.0,mask
ebs,2025-05-14,n_cells_valid,1648.0,1646.0,-2.0,mask
ebs,2025-05-15,n_cells_valid,1645.0,1643.0,-2.0,mask
ebs,2025-05-16,n_cells_valid,1778.0,1776.0,-2.0,mask
ebs,2025-05-17,n_cells_valid,1918.0,1916.0,-2.0,mask
ebs,2025-05-18,n_cells_valid,1973.0,1971.0,-2.0,mask
ebs,2025-05-19,n_cells_valid,1980.0,1978.0,-2.0,mask
ebs,2025-05-20,n_cells_valid,1997.0,1995.0,-2.0,mask
ebs,2025-12-18,n_cells_valid,1784.0,1783.0,-1.0,mask
ebs,2025-12-19,n_cells_valid,1768.0,1766.0,-2.0,mask
ebs,2025-12-20,n_cells_valid,1768.0,1766.0,-2.0,mask
ebs,2025-12-21,n_cells_valid,1754.0,1753.0,-1.0,mask
ebs,2025-12-22,n_cells_valid,1754.0,1753.0,-1.0,mask
ebs,2025-12-23,n_cells_valid,1757.0,1756.0,-1.0,mask
ebs,2025-12-24,n_cells_valid,1765.0,1763.0,-2.0,mask
ebs,2025-12-25,n_cells_valid,1770.0,1768.0,-2.0,mask
ebs,2025-12-26,n_cells_valid,1823.0,1820.0,-3.0,mask
ebs,2025-12-27,n_cells_valid,1826.0,1823.0,-3.0,mask
ebs,2025-12-28,n_cells_valid,1823.0,1820.0,-3.0,mask
ebs,2025-12-29,n_cells_valid,1816.0,1813.0,-3.0,mask
ebs,2025-12-30,n_cells_valid,1768.0,1765.0,-3.0,mask
ebs,2025-12-31,n_cells_valid,1704.0,1701.0,-3.0,mask
ebs,2026-01-01,n_cells_valid,1680.0,1678.0,-2.0,mask
ebs,2026-01-02,n_cells_valid,1622.0,1621.0,-1.0,mask
ebs,2026-01-03,n_cells_valid,1596.0,1595.0,-1.0,mask
ebs,2026-01-04,n_cells_valid,1584.0,1583.0,-1.0,mask
ebs,2026-01-05,n_cells_valid,1562.0,1561.0,-1.0,mask
ebs,2026-01-06,n_cells_valid,1531.0,1530.0,-1.0,mask
ebs,2026-01-07,n_cells_valid,1501.0,1500.0,-1.0,mask
ebs,2026-01-08,n_cells_valid,1473.0,1472.0,-1.0,mask
ebs,2026-01-09,n_cells_valid,1436.0,1435.0,-1.0,mask
ebs,2026-01-10,n_cells_valid,1366.0,1365.0,-1.0,mask
ebs,2026-01-11,n_cells_valid,1316.0,1315.0,-1.0,mask
ebs,2026-01-12,n_cells_valid,1264.0,1263.0,-1.0,mask
ebs,2026-01-13,n_cells_valid,1222.0,1221.0,-1.0,mask
ebs,2026-01-14,n_cells_valid,1174.0,1173.0,-1.0,mask
ebs,2026-01-15,n_cells_valid,1154.0,1153.0,-1.0,mask
ebs,2026-01-16,n_cells_valid,1118.0,1117.0,-1.0,mask
ebs,2026-01-17,n_cells_valid,1080.0,1079.0,-1.0,mask
ebs,2026-01-18,n_cells_valid,1064.0,1063.0,-1.0,mask
ebs,2026-01-19,n_cells_valid,1052.0,1051.0,-1.0,mask
ebs,2026-01-20,n_cells_valid,1048.0,1047.0,-1.0,mask
ebs,2026-01-21,n_cells_valid,1074.0,1073.0,-1.0,mask
ebs,2026-01-22,n_cells_valid,1094.0,1093.0,-1.0,mask
ebs,2026-01-23,n_cells_valid,1134.0,1133.0,-1.0,mask
ebs,2026-01-25,n_cells_valid,1197.0,1195.0,-2.0,mask
ebs,2026-01-26,n_cells_valid,1224.0,1222.0,-2.0,mask
ebs,2026-01-27,n_cells_valid,1226.0,1224.0,-2.0,mask
ebs,2026-01-28,n_cells_valid,1217.0,1215.0,-2.0,mask
ebs,2026-01-29,n_cells_valid,1206.0,1205.0,-1.0,mask
ebs,2026-01-30,n_cells_valid,1175.0,1174.0,-1.0,mask
ebs,2026-01-31,n_cells_valid,1131.0,1130.0,-1.0,mask
ebs,2026-02-01,n_cells_valid,1087.0,1086.0,-1.0,mask
ebs,2026-02-02,n_cells_valid,1075.0,1074.0,-1.0,mask
ebs,2026-02-03,n_cells_valid,1032.0,1031.0,-1.0,mask
ebs,2026-02-04,n_cells_valid,1024.0,1023.0,-1.0,mask
ebs,2026-02-05,n_cells_valid,1020.0,1019.0,-1.0,mask
ebs,2026-02-06,n_cells_valid,1020.0,1019.0,-1.0,mask
ebs,2026-02-07,n_cells_valid,931.0,930.0,-1.0,mask
ebs,2026-02-08,n_cells_valid,891.0,890.0,-1.0,mask
ebs,2026-02-09,n_cells_valid,903.0,902.0,-1.0,mask
ebs,2026-02-10,n_cells_valid,921.0,920.0,-1.0,mask
ebs,2026-02-11,n_cells_valid,928.0,926.0,-2.0,mask
ebs,2026-02-12,n_cells_valid,940.0,938.0,-2.0,mask
ebs,2026-03-02,n_cells_valid,1092.0,1090.0,-2.0,mask
ebs,2026-03-03,n_cells_valid,1004.0,1002.0,-2.0,mask
ebs,2026-03-04,n_cells_valid,931.0,929.0,-2.0,mask
ebs,2026-03-05,n_cells_valid,893.0,891.0,-2.0,mask
ebs,2026-03-06,n_cells_valid,857.0,855.0,-2.0,mask
ebs,2026-03-07,n_cells_valid,804.0,802.0,-2.0,mask
ebs,2026-03-08,n_cells_valid,804.0,802.0,-2.0,mask
ebs,2026-03-09,n_cells_valid,804.0,802.0,-2.0,mask
ebs,2026-03-10,n_cells_valid,804.0,802.0,-2.0,mask
ebs,2026-03-11,n_cells_valid,816.0,814.0,-2.0,mask
ebs,2026-03-12,n_cells_valid,822.0,820.0,-2.0,mask
ebs,2026-03-13,n_cells_valid,822.0,820.0,-2.0,mask
ebs,2026-03-14,n_cells_valid,822.0,821.0,-1.0,mask
ebs,2026-03-15,n_cells_valid,666.0,665.0,-1.0,mask
ebs,2026-03-16,n_cells_valid,621.0,620.0,-1.0,mask
ebs,2026-04-07,n_cells_valid,537.0,536.0,-1.0,mask
ebs,2026-04-08,n_cells_valid,537.0,536.0,-1.0,mask
ebs,2026-04-09,n_cells_valid,527.0,525.0,-2.0,mask
ebs,2026-04-10,n_cells_valid,543.0,540.0,-3.0,mask
ebs,2026-04-11,n_cells_valid,578.0,575.0,-3.0,mask
ebs,2026-04-12,n_cells_valid,595.0,592.0,-3.0,mask
ebs,2026-04-13,n_cells_valid,621.0,618.0,-3.0,mask
ebs,2026-04-14,n_cells_valid,672.0,669.0,-3.0,mask
ebs,2026-04-15,n_cells_valid,747.0,744.0,-3.0,mask
ebs,2026-04-16,n_cells_valid,788.0,786.0,-2.0,mask
ebs,2026-04-17,n_cells_valid,807.0,805.0,-2.0,mask
ebs,2026-04-18,n_cells_valid,833.0,831.0,-2.0,mask
ebs,2026-04-19,n_cells_valid,901.0,899.0,-2.0,mask
ebs,2026-04-20,n_cells_valid,972.0,970.0,-2.0,mask
ebs,2026-04-21,n_cells_valid,981.0,979.0,-2.0,mask
ebs,2026-04-22,n_cells_valid,1030.0,1029.0,-1.0,mask
ebs,2026-04-23,n_cells_valid,1084.0,1083.0,-1.0,mask
goa,1998-02-08,area_frac,0.123124860227108,0.12272042036056519,-0.00040443986654281616,detected_area
goa,1998-02-09,area_frac,0.16091446578502655,0.16051003336906433,-0.00040443241596221924,detected_area
goa,1998-02-11,area_frac,0.25831764936447144,0.257913202047348,-0.0004044473171234131,detected_area
goa,1998-02-17,area_frac,0.26965150237083435,0.2692275941371918,-0.0004239082336425781,detected_area
goa,1998-03-17,area_frac,0.2821994423866272,0.2818034589290619,-0.0003959834575653076,detected_area
goa,2001-01-15,area_frac,0.006043741479516029,0.005664902273565531,-0.0003788392059504986,detected_area
goa,2001-01-16,area_frac,0.00646766135469079,0.006088822148740292,-0.0003788392059504986,detected_area
goa,2002-12-09,area_frac,0.5009568333625793,0.5005722641944885,-0.0003845691680908203,detected_area
goa,2002-12-10,area_frac,0.5299028158187866,0.5295182466506958,-0.0003845691680908203,detected_area
goa,2003-01-18,area_frac,0.37044093012809753,0.37002530694007874,-0.00041562318801879883,detected_area
goa,2003-02-06,area_frac,0.28797808289527893,0.28756245970726013,-0.00041562318801879883,detected_area
goa,2003-02-07,area_frac,0.25894802808761597,0.25853240489959717,-0.00041562318801879883,detected_area
goa,1998-02-08,Ibar,1.4207433462142944,1.4254255294799805,0.004682183265686035,detected_area
goa,1998-02-09,Ibar,1.5415714979171753,1.545455813407898,0.0038843154907226562,detected_area
goa,1998-02-11,Ibar,1.620247483253479,1.6227881908416748,0.0025407075881958008,detected_area
goa,1998-02-17,Ibar,1.6298222541809082,1.6323884725570679,0.002566218376159668,detected_area
goa,1998-03-17,Ibar,1.538264513015747,1.5404260158538818,0.0021615028381347656,detected_area
goa,2001-01-15,Ibar,1.4533642530441284,1.5505577325820923,0.09719347953796387,detected_area
goa,2001-01-16,Ibar,1.4297873973846436,1.5187469720840454,0.08895957469940186,detected_area
goa,2002-12-09,Ibar,1.6046911478042603,1.6059240102767944,0.0012328624725341797,detected_area
goa,2002-12-10,Ibar,1.61182701587677,1.6129976511001587,0.0011706352233886719,detected_area
goa,2003-01-18,Ibar,1.3371555805206299,1.3386574983596802,0.001501917839050293,detected_area
goa,2003-02-06,Ibar,1.4728851318359375,1.4750138521194458,0.0021287202835083008,detected_area
goa,2003-02-07,Ibar,1.4383571147918701,1.4406694173812866,0.002312302589416504,detected_area
goa,1998-02-08,Dbar,8.253260612487793,8.257390975952148,0.004130363464355469,detected_area
goa,1998-02-09,Dbar,6.9708943367004395,6.968301296234131,-0.0025930404663085938,detected_area
goa,1998-02-11,Dbar,5.868942737579346,5.853055953979492,-0.015886783599853516,detected_area
goa,1998-02-17,Dbar,9.974034309387207,9.964545249938965,-0.009489059448242188,detected_area
goa,1998-03-17,Dbar,15.725813865661621,15.729644775390625,0.0038309097290039062,detected_area
goa,2001-01-15,Dbar,4.103913307189941,3.6427388191223145,-0.46117448806762695,detected_area
goa,2001-01-16,Dbar,4.834924221038818,4.3891215324401855,-0.4458026885986328,detected_area
goa,2002-12-09,Dbar,9.251690864562988,9.254189491271973,0.002498626708984375,detected_area
goa,2002-12-10,Dbar,9.655367851257324,9.657296180725098,0.0019283294677734375,detected_area
goa,2003-01-18,Dbar,6.095364570617676,6.094348430633545,-0.0010161399841308594,detected_area
goa,2003-02-06,Dbar,13.384629249572754,13.395301818847656,0.010672569274902344,detected_area
goa,2003-02-07,Dbar,13.784975051879883,13.795883178710938,0.010908126831054688,detected_area
goa,1998-02-08,Cbar,12.348992347717285,12.350273132324219,0.0012807846069335938,detected_area
goa,1998-02-09,Cbar,10.52668285369873,10.523070335388184,-0.003612518310546875,detected_area
goa,1998-02-11,Cbar,9.05378532409668,9.0379056930542,-0.01587963104248047,detected_area
goa,1998-02-17,Cbar,15.90678596496582,15.897417068481445,-0.009368896484375,detected_area
goa,1998-03-17,Cbar,24.344974517822266,24.354167938232422,0.00919342041015625,detected_area
goa,2001-01-15,Cbar,5.8758087158203125,5.319991588592529,-0.5558171272277832,detected_area
goa,2001-01-16,Cbar,6.920468807220459,6.46834659576416,-0.45212221145629883,detected_area
goa,2002-12-09,Cbar,15.031454086303711,15.036813735961914,0.005359649658203125,detected_area
goa,2002-12-10,Cbar,15.679662704467773,15.685199737548828,0.0055370330810546875,detected_area
goa,2003-01-18,Cbar,7.962521553039551,7.963823318481445,0.0013017654418945312,detected_area
goa,2003-02-06,Cbar,19.235565185546875,19.252750396728516,0.017185211181640625,detected_area
goa,2003-02-07,Cbar,19.972496032714844,19.992795944213867,0.020299911499023438,detected_area
goa,1998-02-08,Obar,0.004469610750675201,0.004484341014176607,1.4730263501405716e-05,detected_area
goa,1998-02-09,Obar,0.041950929909944534,0.04205663502216339,0.00010570511221885681,detected_area
goa,1998-02-11,Obar,0.06992092728614807,0.070030577480793,0.00010965019464492798,detected_area
goa,1998-02-17,Obar,0.0031226894352585077,0.00312760635279119,4.916917532682419e-06,detected_area
goa,1998-03-17,Obar,0.022539379075169563,0.022571049630641937,3.167055547237396e-05,detected_area
goa,2001-01-15,Obar,0.018040308728814125,0.019246749579906464,0.0012064408510923386,detected_area
goa,2001-01-16,Obar,0.0025622337125241756,0.00272165285423398,0.00015941914170980453,detected_area
goa,2002-12-09,Obar,0.01821485348045826,0.018228847533464432,1.399405300617218e-05,detected_area
goa,2002-12-10,Obar,0.013485176488757133,0.01349497027695179,9.793788194656372e-06,detected_area
goa,2003-01-18,Obar,0.02098846808075905,0.021012041717767715,2.3573637008666992e-05,detected_area
goa,2003-02-06,Obar,0.0013555146288126707,0.0013574737822636962,1.959153451025486e-06,detected_area
goa,2003-02-07,Obar,0.008451691828668118,0.008465278893709183,1.3587065041065216e-05,detected_area
ai,1985-01-17,area_frac,0.05155524984002113,0.05120134353637695,-0.0003539063036441803,detected_area
ai,1995-12-30,area_frac,0.2153138667345047,0.21495352685451508,-0.000360339879989624,detected_area
ai,1995-12-31,area_frac,0.2515553832054138,0.2511950433254242,-0.000360339879989624,detected_area
ai,1998-03-30,area_frac,0.12203477323055267,0.12167443335056305,-0.000360339879989624,detected_area
ai,2003-03-12,area_frac,0.16100972890853882,0.16064725816249847,-0.00036247074604034424,detected_area
ai,1985-01-17,Ibar,1.1582974195480347,1.1663036346435547,0.00800621509552002,detected_area
ai,1995-12-30,Ibar,0.9151634573936462,0.91669762134552,0.0015341639518737793,detected_area
ai,1995-12-31,Ibar,0.8931556344032288,0.8944368958473206,0.0012812614440917969,detected_area
ai,1998-03-30,Ibar,1.2028285264968872,1.2063907384872437,0.0035622119903564453,detected_area
ai,2003-03-12,Ibar,1.0046175718307495,1.0068843364715576,0.0022667646408081055,detected_area
ai,1985-01-17,Dbar,18.948537826538086,18.968917846679688,0.020380020141601562,detected_area
ai,1995-12-30,Dbar,4.38619327545166,4.383487701416016,-0.0027055740356445312,detected_area
ai,1995-12-31,Dbar,4.4893293380737305,4.485727787017822,-0.003601551055908203,detected_area
ai,1998-03-30,Dbar,18.71873664855957,18.72974967956543,0.011013031005859375,detected_area
ai,2003-03-12,Dbar,13.310325622558594,13.31553840637207,0.0052127838134765625,detected_area
ai,1985-01-17,Cbar,27.772600173950195,27.848608016967773,0.07600784301757812,detected_area
ai,1995-12-30,Cbar,4.072526931762695,4.070470333099365,-0.002056598663330078,detected_area
ai,1995-12-31,Cbar,4.123744010925293,4.1220574378967285,-0.0016865730285644531,detected_area
ai,1998-03-30,Cbar,25.601734161376953,25.60314178466797,0.001407623291015625,detected_area
ai,2003-03-12,Cbar,15.370832443237305,15.370709419250488,-0.00012302398681640625,detected_area
ai,1985-01-17,Obar,0.006109125446528196,0.0061513520777225494,4.2226631194353104e-05,detected_area
ai,1995-12-30,Obar,0.01067988108843565,0.010697784833610058,1.790374517440796e-05,detected_area
ai,1995-12-31,Obar,0.015188805758953094,0.015210594050586224,2.178829163312912e-05,detected_area
ai,1998-03-30,Obar,0.019694743677973747,0.019753068685531616,5.832500755786896e-05,detected_area
ai,2003-03-12,Obar,0.0010381094180047512,0.001040451810695231,2.3423926904797554e-06,detected_area
