zone,changed_date,column,old,new,delta,days_before_2026_07_01
nbs,2026-06-28,area_frac,0.20651310682296753,0.21100188791751862,0.004488781094551086,3
nbs,2026-06-29,area_frac,0.18597815930843353,0.19275768101215363,0.006779521703720093,2
nbs,2026-06-30,area_frac,0.17732840776443481,0.19432181119918823,0.016993403434753418,1
nbs,2026-07-01,area_frac,0.1728506088256836,0.20230267941951752,0.029452070593833923,0
nbs,2026-06-28,Ibar,4.546994686126709,4.4927496910095215,-0.0542449951171875,3
nbs,2026-06-29,Ibar,4.3613457679748535,4.286931991577148,-0.07441377639770508,2
nbs,2026-06-30,Ibar,4.166471004486084,4.015068054199219,-0.15140295028686523,1
nbs,2026-07-01,Ibar,4.215596675872803,4.007853984832764,-0.20774269104003906,0
nbs,2026-06-28,Dbar,9.434219360351562,9.254792213439941,-0.1794271469116211,3
nbs,2026-06-29,Dbar,10.707436561584473,10.389302253723145,-0.3181343078613281,2
nbs,2026-06-30,Dbar,11.918627738952637,11.139167785644531,-0.7794599533081055,1
nbs,2026-07-01,Dbar,12.936561584472656,11.662677764892578,-1.2738838195800781,0
nbs,2026-06-28,Cbar,43.2467155456543,42.36918258666992,-0.877532958984375,3
nbs,2026-06-29,Cbar,50.082305908203125,48.44634246826172,-1.6359634399414062,2
nbs,2026-06-30,Cbar,55.56279754638672,51.49882507324219,-4.063972473144531,1
nbs,2026-07-01,Cbar,60.20968246459961,53.33519744873047,-6.874485015869141,0
nbs,2026-06-13,Obar,0.014914965257048607,0.01379720214754343,-0.0011177631095051765,18
nbs,2026-06-19,Obar,0.06520857661962509,0.06389720737934113,-0.001311369240283966,12
nbs,2026-06-22,Obar,0.1091616228222847,0.09472619742155075,-0.014435425400733948,9
nbs,2026-06-23,Obar,0.10827624797821045,0.10095944255590439,-0.007316805422306061,8
nbs,2026-06-24,Obar,0.02263384871184826,0.02226131409406662,-0.0003725346177816391,7
nbs,2026-06-25,Obar,0.009845474734902382,0.009365847334265709,-0.000479627400636673,6
nbs,2026-06-26,Obar,0.023458929732441902,0.02367798238992691,0.00021905265748500824,5
nbs,2026-06-28,Obar,0.0,0.00532342866063118,0.00532342866063118,3
nbs,2026-06-29,Obar,0.0,0.002403539139777422,0.002403539139777422,2
nbs,2026-06-30,Obar,0.0,0.013300806283950806,0.013300806283950806,1
nbs,2026-07-01,Obar,0.0,0.01056352723389864,0.01056352723389864,0
ebs,2026-06-28,area_frac,0.08487635850906372,0.08649025857448578,0.001613900065422058,3
ebs,2026-06-29,area_frac,0.06775287538766861,0.07019038498401642,0.002437509596347809,2
ebs,2026-06-30,area_frac,0.06375682353973389,0.06986664980649948,0.0061098262667655945,1
ebs,2026-07-01,area_frac,0.0621468760073185,0.07273609936237335,0.010589223355054855,0
ebs,2026-06-28,Ibar,4.330694675445557,4.287150859832764,-0.04354381561279297,3
ebs,2026-06-29,Ibar,4.338337421417236,4.265662670135498,-0.07267475128173828,2
ebs,2026-06-30,Ibar,4.166471004486084,4.015068054199219,-0.15140295028686523,1
ebs,2026-07-01,Ibar,4.215596675872803,4.007853984832764,-0.20774269104003906,0
ebs,2026-06-28,Dbar,10.378578186035156,10.203575134277344,-0.1750030517578125,3
ebs,2026-06-29,Dbar,10.873953819274902,10.554052352905273,-0.3199014663696289,2
ebs,2026-06-30,Dbar,11.918627738952637,11.139167785644531,-0.7794599533081055,1
ebs,2026-07-01,Dbar,12.936561584472656,11.662677764892578,-1.2738838195800781,0
ebs,2026-06-28,Cbar,45.48746871948242,44.675941467285156,-0.8115272521972656,3
ebs,2026-06-29,Cbar,50.72153091430664,49.08401870727539,-1.63751220703125,2
ebs,2026-06-30,Cbar,55.56279754638672,51.49882507324219,-4.063972473144531,1
ebs,2026-07-01,Cbar,60.20968246459961,53.33519744873047,-6.874485015869141,0
ebs,2026-06-13,Obar,0.04564416781067848,0.04500162601470947,-0.0006425417959690094,18
ebs,2026-06-19,Obar,0.04729599505662918,0.046344857662916183,-0.0009511373937129974,12
ebs,2026-06-22,Obar,0.09378839284181595,0.08314833790063858,-0.010640054941177368,9
ebs,2026-06-23,Obar,0.08978204429149628,0.08399148285388947,-0.0057905614376068115,8
ebs,2026-06-24,Obar,0.018306924030184746,0.018005607649683952,-0.00030131638050079346,7
ebs,2026-06-25,Obar,0.008019154891371727,0.007628497201949358,-0.000390657689422369,6
ebs,2026-06-26,Obar,0.019536111503839493,0.019718535244464874,0.00018242374062538147,5
ebs,2026-06-28,Obar,0.0,0.004669377114623785,0.004669377114623785,3
ebs,2026-06-29,Obar,0.0,0.0023731959518045187,0.0023731959518045187,2
ebs,2026-06-30,Obar,0.0,0.013300806283950806,0.013300806283950806,1
ebs,2026-07-01,Obar,0.0,0.01056352723389864,0.01056352723389864,0
