region,lat,lon,depth_m,area_km2,bottom_temp_c
chukchi,66.0,-169.5,52.4,313.2,1.842
chukchi,66.0,-169.25,52.3,313.2,1.943
chukchi,66.0,-169.0,54.4,313.2,2.398
chukchi,66.0,-168.75,54.6,313.2,3.0
chukchi,66.0,-168.5,55.2,313.2,3.561
chukchi,66.0,-168.25,45.3,313.2,5.115
chukchi,66.0,-168.0,21.7,313.2,6.723
chukchi,66.0,-167.5,20.5,313.2,7.256
chukchi,66.0,-167.25,18.4,313.2,7.317
chukchi,66.0,-167.0,13.9,313.2,7.755
chukchi,66.0,-166.75,11.3,313.2,8.109
chukchi,66.0,-163.5,7.7,313.2,10.652
chukchi,66.0,-163.25,8.4,313.2,10.601
chukchi,66.0,-162.5,8.9,313.2,10.484
chukchi,66.0,-162.25,9.4,313.2,10.909
chukchi,66.0,-161.75,3.9,313.2,11.363
chukchi,66.25,-170.0,44.0,310.1,2.29
chukchi,66.25,-169.5,54.7,310.1,2.028
chukchi,66.25,-169.25,55.9,310.1,2.077
chukchi,66.25,-169.0,55.5,310.1,2.567
chukchi,66.25,-168.75,54.4,310.1,3.205
chukchi,66.25,-168.5,53.7,310.1,3.948
chukchi,66.25,-168.25,37.8,310.1,4.988
chukchi,66.25,-168.0,22.7,310.1,6.184
chukchi,66.25,-167.5,26.2,310.1,6.53
chukchi,66.25,-167.25,28.0,310.1,6.649
chukchi,66.25,-167.0,24.6,310.1,6.961
chukchi,66.25,-166.75,17.4,310.1,7.345
chukchi,66.25,-166.5,15.2,310.1,7.682
chukchi,66.25,-166.25,13.9,310.1,8.224
chukchi,66.25,-163.75,6.2,310.1,10.848
chukchi,66.25,-163.5,12.3,310.1,9.406
chukchi,66.25,-163.25,14.6,310.1,8.939
chukchi,66.25,-163.0,14.1,310.1,8.981
chukchi,66.25,-162.75,13.6,310.1,9.242
chukchi,66.25,-162.5,13.3,310.1,9.691
chukchi,66.25,-162.25,12.3,310.1,10.237
chukchi,66.25,-161.75,4.7,310.1,11.51
chukchi,66.5,-170.75,39.4,307.1,3.082
chukchi,66.5,-170.5,43.4,307.1,2.914
chukchi,66.5,-170.25,45.5,307.1,2.221
chukchi,66.5,-170.0,48.2,307.1,2.112
chukchi,66.5,-169.5,49.6,307.1,2.37
chukchi,66.5,-169.25,47.2,307.1,2.832
chukchi,66.5,-169.0,47.3,307.1,3.366
chukchi,66.5,-168.75,45.2,307.1,3.944
chukchi,66.5,-168.5,39.5,307.1,4.521
chukchi,66.5,-168.25,29.1,307.1,5.046
chukchi,66.5,-168.0,27.0,307.1,5.657
chukchi,66.5,-167.5,28.7,307.1,5.827
chukchi,66.5,-167.25,30.2,307.1,5.913
chukchi,66.5,-167.0,30.2,307.1,6.272
chukchi,66.5,-166.75,27.8,307.1,6.73
chukchi,66.5,-166.5,19.3,307.1,7.077
chukchi,66.5,-166.25,18.6,307.1,7.367
chukchi,66.5,-165.75,19.1,307.1,7.468
chukchi,66.5,-165.5,19.2,307.1,7.793
chukchi,66.5,-165.25,17.2,307.1,7.838
chukchi,66.5,-163.5,19.4,307.1,8.571
chukchi,66.5,-163.25,18.2,307.1,7.019
chukchi,66.5,-163.0,16.3,307.1,7.288
chukchi,66.5,-162.75,14.0,307.1,8.206
chukchi,66.5,-162.5,10.7,307.1,9.288
chukchi,66.5,-162.25,6.8,307.1,10.173
chukchi,66.75,-171.0,40.3,304.0,2.9
chukchi,66.75,-170.75,42.0,304.0,2.225
chukchi,66.75,-170.5,43.1,304.0,2.096
chukchi,66.75,-170.25,44.4,304.0,2.212
chukchi,66.75,-170.0,45.5,304.0,2.522
chukchi,66.75,-169.5,46.9,304.0,2.968
chukchi,66.75,-169.25,46.5,304.0,3.489
chukchi,66.75,-169.0,46.4,304.0,4.051
chukchi,66.75,-168.75,38.8,304.0,4.421
chukchi,66.75,-168.5,33.0,304.0,4.618
chukchi,66.75,-168.25,33.1,304.0,4.801
chukchi,66.75,-168.0,31.8,304.0,4.922
chukchi,66.75,-167.5,35.4,304.0,4.997
chukchi,66.75,-167.25,36.4,304.0,5.136
chukchi,66.75,-167.0,35.8,304.0,5.492
chukchi,66.75,-166.75,31.4,304.0,5.995
chukchi,66.75,-166.5,28.4,304.0,6.398
chukchi,66.75,-166.25,23.8,304.0,6.56
chukchi,66.75,-165.75,20.9,304.0,6.66
chukchi,66.75,-165.5,21.7,304.0,6.805
chukchi,66.75,-165.25,23.1,304.0,7.058
chukchi,66.75,-165.0,22.5,304.0,7.32
chukchi,66.75,-164.75,24.1,304.0,7.568
chukchi,66.75,-164.5,24.8,304.0,7.599
chukchi,66.75,-164.25,24.0,304.0,7.301
chukchi,66.75,-163.75,18.4,304.0,6.467
chukchi,66.75,-163.5,14.2,304.0,6.432
chukchi,66.75,-163.25,11.3,304.0,6.503
chukchi,66.75,-163.0,9.0,304.0,7.35
chukchi,66.75,-162.75,5.4,304.0,8.258
chukchi,67.0,-172.0,39.4,300.9,2.138
chukchi,67.0,-171.75,41.6,300.9,2.045
chukchi,67.0,-171.25,42.4,300.9,2.269
chukchi,67.0,-171.0,42.5,300.9,2.079
chukchi,67.0,-170.75,43.5,300.9,2.055
chukchi,67.0,-170.5,44.8,300.9,2.132
chukchi,67.0,-170.25,47.0,300.9,2.305
chukchi,67.0,-170.0,48.9,300.9,2.555
chukchi,67.0,-169.5,48.8,300.9,2.878
chukchi,67.0,-169.25,48.7,300.9,3.308
chukchi,67.0,-169.0,48.9,300.9,3.757
chukchi,67.0,-168.75,46.0,300.9,4.136
chukchi,67.0,-168.5,40.1,300.9,4.364
chukchi,67.0,-168.25,38.8,300.9,4.389
chukchi,67.0,-168.0,37.0,300.9,4.383
chukchi,67.0,-167.5,36.2,300.9,4.364
chukchi,67.0,-167.25,39.9,300.9,4.485
chukchi,67.0,-167.0,40.2,300.9,4.831
chukchi,67.0,-166.75,39.2,300.9,5.248
chukchi,67.0,-166.5,34.5,300.9,5.597
chukchi,67.0,-166.25,30.7,300.9,5.921
chukchi,67.0,-165.75,26.2,300.9,5.989
chukchi,67.0,-165.5,28.3,300.9,5.945
chukchi,67.0,-165.25,30.5,300.9,5.952
chukchi,67.0,-165.0,29.7,300.9,6.135
chukchi,67.0,-164.75,29.2,300.9,6.42
chukchi,67.0,-164.5,25.8,300.9,6.566
chukchi,67.0,-164.25,18.3,300.9,6.507
chukchi,67.0,-163.75,11.8,300.9,6.478
chukchi,67.0,-163.5,10.9,300.9,6.549
chukchi,67.0,-163.25,6.1,300.9,7.069
chukchi,67.0,-163.0,2.0,300.9,8.807
chukchi,67.0,-162.75,1.8,300.9,10.051
chukchi,67.25,-172.0,47.3,297.8,1.765
chukchi,67.25,-171.75,46.8,297.8,1.825
chukchi,67.25,-171.25,45.5,297.8,1.895
chukchi,67.25,-171.0,45.0,297.8,1.973
chukchi,67.25,-170.75,45.4,297.8,2.061
chukchi,67.25,-170.5,46.2,297.8,2.164
chukchi,67.25,-170.25,47.1,297.8,2.306
chukchi,67.25,-170.0,48.6,297.8,2.497
chukchi,67.25,-169.5,49.6,297.8,2.732
chukchi,67.25,-169.25,49.6,297.8,3.013
chukchi,67.25,-169.0,50.4,297.8,3.34
chukchi,67.25,-168.75,47.9,297.8,3.689
chukchi,67.25,-168.5,46.1,297.8,3.986
chukchi,67.25,-168.25,45.8,297.8,4.107
chukchi,67.25,-168.0,43.4,297.8,4.109
chukchi,67.25,-167.5,39.6,297.8,4.08
chukchi,67.25,-167.25,41.8,297.8,3.999
chukchi,67.25,-167.0,41.9,297.8,4.119
chukchi,67.25,-166.75,43.3,297.8,4.451
chukchi,67.25,-166.5,41.4,297.8,4.792
chukchi,67.25,-166.25,39.5,297.8,5.124
chukchi,67.25,-165.75,30.6,297.8,5.349
chukchi,67.25,-165.5,34.6,297.8,5.249
chukchi,67.25,-165.25,34.4,297.8,5.215
chukchi,67.25,-165.0,30.9,297.8,5.537
chukchi,67.25,-164.75,28.1,297.8,5.957
chukchi,67.25,-164.5,24.6,297.8,6.398
chukchi,67.25,-164.25,19.1,297.8,6.829
chukchi,67.5,-172.0,46.1,294.7,1.706
chukchi,67.5,-171.75,45.2,294.7,1.804
chukchi,67.5,-171.25,46.1,294.7,1.9
chukchi,67.5,-171.0,46.1,294.7,1.999
chukchi,67.5,-170.75,47.7,294.7,2.094
chukchi,67.5,-170.5,47.8,294.7,2.184
chukchi,67.5,-170.25,48.4,294.7,2.308
chukchi,67.5,-170.0,49.1,294.7,2.451
chukchi,67.5,-169.5,49.2,294.7,2.622
chukchi,67.5,-169.25,49.4,294.7,2.827
chukchi,67.5,-169.0,51.1,294.7,3.079
chukchi,67.5,-168.75,50.1,294.7,3.294
chukchi,67.5,-168.5,49.3,294.7,3.546
chukchi,67.5,-168.25,49.6,294.7,3.715
chukchi,67.5,-168.0,48.8,294.7,3.776
chukchi,67.5,-167.5,43.1,294.7,3.758
chukchi,67.5,-167.25,44.6,294.7,3.676
chukchi,67.5,-167.0,44.3,294.7,3.635
chukchi,67.5,-166.75,46.1,294.7,3.893
chukchi,67.5,-166.5,45.2,294.7,4.19
chukchi,67.5,-166.25,42.8,294.7,4.546
chukchi,67.5,-165.75,39.0,294.7,4.812
chukchi,67.5,-165.5,35.7,294.7,4.837
chukchi,67.5,-165.25,35.9,294.7,5.062
chukchi,67.5,-165.0,32.1,294.7,5.444
chukchi,67.5,-164.75,24.4,294.7,6.088
chukchi,67.5,-164.5,18.4,294.7,6.609
chukchi,67.5,-164.25,9.7,294.7,7.299
chukchi,67.75,-172.0,46.6,291.6,1.782
chukchi,67.75,-171.75,45.5,291.6,1.871
chukchi,67.75,-171.25,48.3,291.6,1.941
chukchi,67.75,-171.0,49.1,291.6,2.011
chukchi,67.75,-170.75,49.8,291.6,2.089
chukchi,67.75,-170.5,51.3,291.6,2.172
chukchi,67.75,-170.25,51.8,291.6,2.267
chukchi,67.75,-170.0,51.6,291.6,2.382
chukchi,67.75,-169.5,51.8,291.6,2.516
chukchi,67.75,-169.25,51.6,291.6,2.67
chukchi,67.75,-169.0,54.0,291.6,2.846
chukchi,67.75,-168.75,55.6,291.6,3.022
chukchi,67.75,-168.5,55.5,291.6,3.162
chukchi,67.75,-168.25,56.4,291.6,3.291
chukchi,67.75,-168.0,57.6,291.6,3.352
chukchi,67.75,-167.5,55.2,291.6,3.405
chukchi,67.75,-167.25,54.5,291.6,3.447
chukchi,67.75,-167.0,53.0,291.6,3.557
chukchi,67.75,-166.75,51.6,291.6,3.785
chukchi,67.75,-166.5,45.1,291.6,4.149
chukchi,67.75,-166.25,38.8,291.6,4.538
chukchi,67.75,-165.75,32.0,291.6,4.866
chukchi,67.75,-165.5,25.3,291.6,5.198
chukchi,67.75,-165.25,20.4,291.6,5.67
chukchi,67.75,-165.0,15.3,291.6,5.999
chukchi,67.75,-164.75,7.1,291.6,6.511
chukchi,68.0,-172.0,49.6,288.5,1.841
chukchi,68.0,-171.75,48.8,288.5,1.924
chukchi,68.0,-171.25,51.0,288.5,1.998
chukchi,68.0,-171.0,50.9,288.5,2.074
chukchi,68.0,-170.75,52.0,288.5,2.15
chukchi,68.0,-170.5,54.4,288.5,2.225
chukchi,68.0,-170.25,54.7,288.5,2.309
chukchi,68.0,-170.0,55.3,288.5,2.405
chukchi,68.0,-169.5,56.3,288.5,2.512
chukchi,68.0,-169.25,56.7,288.5,2.618
chukchi,68.0,-169.0,58.9,288.5,2.739
chukchi,68.0,-168.75,59.2,288.5,2.889
chukchi,68.0,-168.5,59.1,288.5,3.016
chukchi,68.0,-168.25,56.2,288.5,3.17
chukchi,68.0,-168.0,54.6,288.5,3.333
chukchi,68.0,-167.5,50.3,288.5,3.649
chukchi,68.0,-167.25,47.0,288.5,4.089
chukchi,68.0,-167.0,35.9,288.5,4.591
chukchi,68.0,-166.75,30.3,288.5,5.159
chukchi,68.0,-166.5,20.6,288.5,5.683
chukchi,68.0,-166.25,13.4,288.5,6.147
chukchi,68.0,-165.75,11.5,288.5,6.136
chukchi,68.0,-165.5,4.2,288.5,6.656
chukchi,68.25,-172.0,51.8,285.4,1.923
chukchi,68.25,-171.75,51.7,285.4,2.004
chukchi,68.25,-171.25,53.3,285.4,2.085
chukchi,68.25,-171.0,54.6,285.4,2.178
chukchi,68.25,-170.75,55.0,285.4,2.28
chukchi,68.25,-170.5,54.7,285.4,2.389
chukchi,68.25,-170.25,55.3,285.4,2.506
chukchi,68.25,-170.0,55.7,285.4,2.609
chukchi,68.25,-169.5,55.0,285.4,2.721
chukchi,68.25,-169.25,55.3,285.4,2.841
chukchi,68.25,-169.0,56.5,285.4,2.954
chukchi,68.25,-168.75,55.6,285.4,3.111
chukchi,68.25,-168.5,55.0,285.4,3.308
chukchi,68.25,-168.25,53.7,285.4,3.562
chukchi,68.25,-168.0,55.0,285.4,3.97
chukchi,68.25,-167.5,45.5,285.4,4.506
chukchi,68.25,-167.25,36.8,285.4,5.164
chukchi,68.25,-167.0,23.3,285.4,5.991
chukchi,68.25,-166.75,12.5,285.4,6.568
chukchi,68.25,-166.5,6.5,285.4,6.738
chukchi,68.5,-172.0,54.4,282.2,2.016
chukchi,68.5,-171.75,53.8,282.2,2.111
chukchi,68.5,-171.25,54.5,282.2,2.198
chukchi,68.5,-171.0,55.8,282.2,2.279
chukchi,68.5,-170.75,55.5,282.2,2.363
chukchi,68.5,-170.5,54.8,282.2,2.457
chukchi,68.5,-170.25,55.0,282.2,2.546
chukchi,68.5,-170.0,55.2,282.2,2.646
chukchi,68.5,-169.5,54.0,282.2,2.777
chukchi,68.5,-169.25,52.6,282.2,2.948
chukchi,68.5,-169.0,54.9,282.2,3.126
chukchi,68.5,-168.75,53.9,282.2,3.315
chukchi,68.5,-168.5,53.3,282.2,3.582
chukchi,68.5,-168.25,52.8,282.2,3.879
chukchi,68.5,-168.0,52.3,282.2,4.17
chukchi,68.5,-167.5,46.6,282.2,4.776
chukchi,68.5,-167.25,39.2,282.2,5.438
chukchi,68.5,-167.0,35.3,282.2,5.875
chukchi,68.5,-166.75,29.2,282.2,6.358
chukchi,68.5,-166.5,16.5,282.2,6.405
chukchi,68.75,-172.0,54.7,279.1,1.994
chukchi,68.75,-171.75,53.3,279.1,2.067
chukchi,68.75,-171.25,54.7,279.1,2.1
chukchi,68.75,-171.0,54.9,279.1,2.131
chukchi,68.75,-170.75,54.0,279.1,2.19
chukchi,68.75,-170.5,53.4,279.1,2.287
chukchi,68.75,-170.25,53.8,279.1,2.362
chukchi,68.75,-170.0,54.3,279.1,2.443
chukchi,68.75,-169.5,52.9,279.1,2.576
chukchi,68.75,-169.25,53.1,279.1,2.722
chukchi,68.75,-169.0,54.3,279.1,2.925
chukchi,68.75,-168.75,53.1,279.1,3.119
chukchi,68.75,-168.5,52.0,279.1,3.348
chukchi,68.75,-168.25,52.6,279.1,3.685
chukchi,68.75,-168.0,51.4,279.1,4.097
chukchi,68.75,-167.5,47.0,279.1,4.518
chukchi,68.75,-167.25,44.7,279.1,4.974
chukchi,68.75,-167.0,44.3,279.1,5.251
chukchi,68.75,-166.75,39.9,279.1,5.616
chukchi,68.75,-166.5,24.7,279.1,6.102
chukchi,68.75,-166.25,11.9,279.1,6.721
chukchi,69.0,-172.0,53.8,276.0,1.775
chukchi,69.0,-171.75,52.8,276.0,1.779
chukchi,69.0,-171.25,51.3,276.0,1.714
chukchi,69.0,-171.0,53.2,276.0,1.662
chukchi,69.0,-170.75,54.6,276.0,1.665
chukchi,69.0,-170.5,53.3,276.0,1.79
chukchi,69.0,-170.25,54.1,276.0,1.884
chukchi,69.0,-170.0,54.3,276.0,2.016
chukchi,69.0,-169.5,52.7,276.0,2.183
chukchi,69.0,-169.25,52.5,276.0,2.351
chukchi,69.0,-169.0,53.2,276.0,2.536
chukchi,69.0,-168.75,52.7,276.0,2.744
chukchi,69.0,-168.5,50.3,276.0,2.974
chukchi,69.0,-168.25,50.7,276.0,3.218
chukchi,69.0,-168.0,50.9,276.0,3.54
chukchi,69.0,-167.5,51.5,276.0,3.844
chukchi,69.0,-167.25,48.3,276.0,4.204
chukchi,69.0,-167.0,44.0,276.0,4.56
chukchi,69.0,-166.75,38.0,276.0,5.016
chukchi,69.0,-166.5,32.8,276.0,5.487
chukchi,69.0,-166.25,26.4,276.0,5.789
chukchi,69.0,-165.75,23.7,276.0,5.734
chukchi,69.0,-165.5,22.5,276.0,5.427
chukchi,69.0,-165.25,19.3,276.0,5.349
chukchi,69.0,-165.0,18.6,276.0,5.61
chukchi,69.0,-164.75,15.9,276.0,5.464
chukchi,69.0,-164.5,14.5,276.0,5.716
chukchi,69.0,-164.25,11.3,276.0,6.226
chukchi,69.0,-163.75,7.0,276.0,6.439
chukchi,69.25,-172.0,54.2,272.8,1.445
chukchi,69.25,-171.75,52.4,272.8,1.424
chukchi,69.25,-171.25,51.0,272.8,1.37
chukchi,69.25,-171.0,52.6,272.8,1.318
chukchi,69.25,-170.75,52.5,272.8,1.295
chukchi,69.25,-170.5,51.3,272.8,1.366
chukchi,69.25,-170.25,52.1,272.8,1.448
chukchi,69.25,-170.0,51.8,272.8,1.578
chukchi,69.25,-169.5,52.2,272.8,1.736
chukchi,69.25,-169.25,52.2,272.8,1.962
chukchi,69.25,-169.0,52.9,272.8,2.168
chukchi,69.25,-168.75,52.9,272.8,2.398
chukchi,69.25,-168.5,51.8,272.8,2.647
chukchi,69.25,-168.25,50.7,272.8,2.862
chukchi,69.25,-168.0,47.9,272.8,3.126
chukchi,69.25,-167.5,49.4,272.8,3.229
chukchi,69.25,-167.25,48.2,272.8,3.666
chukchi,69.25,-167.0,43.2,272.8,4.026
chukchi,69.25,-166.75,41.0,272.8,4.404
chukchi,69.25,-166.5,38.6,272.8,4.748
chukchi,69.25,-166.25,37.0,272.8,4.871
chukchi,69.25,-165.75,33.2,272.8,4.747
chukchi,69.25,-165.5,30.6,272.8,4.584
chukchi,69.25,-165.25,27.5,272.8,4.571
chukchi,69.25,-165.0,23.8,272.8,4.465
chukchi,69.25,-164.75,22.4,272.8,4.577
chukchi,69.25,-164.5,20.7,272.8,4.573
chukchi,69.25,-164.25,19.5,272.8,4.922
chukchi,69.25,-163.75,15.9,272.8,5.196
chukchi,69.25,-163.5,12.1,272.8,5.871
chukchi,69.5,-172.0,53.6,269.7,1.075
chukchi,69.5,-171.75,51.3,269.7,1.037
chukchi,69.5,-171.25,50.7,269.7,0.981
chukchi,69.5,-171.0,52.8,269.7,0.912
chukchi,69.5,-170.75,51.3,269.7,0.837
chukchi,69.5,-170.5,51.1,269.7,0.85
chukchi,69.5,-170.25,52.0,269.7,0.854
chukchi,69.5,-170.0,52.0,269.7,0.973
chukchi,69.5,-169.5,52.6,269.7,1.143
chukchi,69.5,-169.25,52.1,269.7,1.383
chukchi,69.5,-169.0,52.7,269.7,1.634
chukchi,69.5,-168.75,52.9,269.7,1.911
chukchi,69.5,-168.5,50.6,269.7,2.152
chukchi,69.5,-168.25,49.9,269.7,2.355
chukchi,69.5,-168.0,47.3,269.7,2.572
chukchi,69.5,-167.5,47.2,269.7,2.707
chukchi,69.5,-167.25,48.5,269.7,2.969
chukchi,69.5,-167.0,47.7,269.7,3.24
chukchi,69.5,-166.75,45.3,269.7,3.454
chukchi,69.5,-166.5,43.0,269.7,3.723
chukchi,69.5,-166.25,41.5,269.7,3.845
chukchi,69.5,-165.75,38.3,269.7,3.856
chukchi,69.5,-165.5,36.0,269.7,3.726
chukchi,69.5,-165.25,34.0,269.7,3.584
chukchi,69.5,-165.0,31.2,269.7,3.558
chukchi,69.5,-164.75,29.8,269.7,3.626
chukchi,69.5,-164.5,27.6,269.7,3.692
chukchi,69.5,-164.25,25.7,269.7,3.742
chukchi,69.5,-163.75,19.8,269.7,4.005
chukchi,69.5,-163.5,15.4,269.7,4.804
chukchi,69.5,-163.25,8.3,269.7,5.807
chukchi,69.75,-172.0,49.6,266.5,0.402
chukchi,69.75,-171.75,48.3,266.5,0.355
chukchi,69.75,-171.25,46.3,266.5,0.271
chukchi,69.75,-171.0,46.6,266.5,0.187
chukchi,69.75,-170.75,45.2,266.5,0.065
chukchi,69.75,-170.5,45.0,266.5,0.024
chukchi,69.75,-170.25,43.9,266.5,-0.038
chukchi,69.75,-170.0,41.1,266.5,-0.021
chukchi,69.75,-169.5,38.9,266.5,0.082
chukchi,69.75,-169.25,39.5,266.5,0.255
chukchi,69.75,-169.0,42.9,266.5,0.532
chukchi,69.75,-168.75,45.8,266.5,0.869
chukchi,69.75,-168.5,46.2,266.5,1.281
chukchi,69.75,-168.25,47.0,266.5,1.595
chukchi,69.75,-168.0,48.2,266.5,1.775
chukchi,69.75,-167.5,47.9,266.5,1.825
chukchi,69.75,-167.25,47.8,266.5,1.927
chukchi,69.75,-167.0,48.2,266.5,2.156
chukchi,69.75,-166.75,46.7,266.5,2.496
chukchi,69.75,-166.5,46.9,266.5,2.81
chukchi,69.75,-166.25,45.0,266.5,2.96
chukchi,69.75,-165.75,41.0,266.5,3.029
chukchi,69.75,-165.5,40.1,266.5,2.949
chukchi,69.75,-165.25,38.9,266.5,2.857
chukchi,69.75,-165.0,36.8,266.5,2.749
chukchi,69.75,-164.75,33.8,266.5,2.733
chukchi,69.75,-164.5,30.2,266.5,2.7
chukchi,69.75,-164.25,29.3,266.5,2.711
chukchi,69.75,-163.75,24.4,266.5,3.096
chukchi,69.75,-163.5,20.8,266.5,3.858
chukchi,69.75,-163.25,16.2,266.5,4.685
chukchi,70.0,-172.0,39.3,263.4,-0.404
chukchi,70.0,-171.75,39.7,263.4,-0.524
chukchi,70.0,-171.25,36.8,263.4,-0.603
chukchi,70.0,-171.0,34.2,263.4,-0.686
chukchi,70.0,-170.75,34.0,263.4,-0.734
chukchi,70.0,-170.5,32.2,263.4,-0.773
chukchi,70.0,-170.25,33.6,263.4,-0.799
chukchi,70.0,-170.0,31.7,263.4,-0.838
chukchi,70.0,-169.5,30.8,263.4,-0.878
chukchi,70.0,-169.25,34.6,263.4,-0.884
chukchi,70.0,-169.0,37.6,263.4,-0.807
chukchi,70.0,-168.75,41.7,263.4,-0.551
chukchi,70.0,-168.5,42.5,263.4,-0.27
chukchi,70.0,-168.25,45.8,263.4,0.091
chukchi,70.0,-168.0,47.6,263.4,0.506
chukchi,70.0,-167.5,48.4,263.4,0.81
chukchi,70.0,-167.25,47.5,263.4,1.04
chukchi,70.0,-167.0,48.2,263.4,1.282
chukchi,70.0,-166.75,47.5,263.4,1.592
chukchi,70.0,-166.5,47.0,263.4,1.907
chukchi,70.0,-166.25,46.9,263.4,2.103
chukchi,70.0,-165.75,43.5,263.4,2.256
chukchi,70.0,-165.5,42.4,263.4,2.264
chukchi,70.0,-165.25,42.2,263.4,2.133
chukchi,70.0,-165.0,41.6,263.4,2.089
chukchi,70.0,-164.75,39.9,263.4,2.102
chukchi,70.0,-164.5,37.3,263.4,2.069
chukchi,70.0,-164.25,34.6,263.4,2.06
chukchi,70.0,-163.75,28.2,263.4,2.247
chukchi,70.0,-163.5,27.4,263.4,2.659
chukchi,70.0,-163.25,23.0,263.4,3.319
chukchi,70.0,-163.0,19.4,263.4,3.77
chukchi,70.0,-162.75,14.3,263.4,4.85
chukchi,70.25,-172.0,32.8,260.2,-0.861
chukchi,70.25,-171.75,26.9,260.2,-0.918
chukchi,70.25,-171.25,25.7,260.2,-0.99
chukchi,70.25,-171.0,25.9,260.2,-1.035
chukchi,70.25,-170.75,27.8,260.2,-1.102
chukchi,70.25,-170.5,25.7,260.2,-1.138
chukchi,70.25,-170.25,25.6,260.2,-1.179
chukchi,70.25,-170.0,25.5,260.2,-1.138
chukchi,70.25,-169.5,31.4,260.2,-1.13
chukchi,70.25,-169.25,35.1,260.2,-1.142
chukchi,70.25,-169.0,38.9,260.2,-1.23
chukchi,70.25,-168.75,40.8,260.2,-1.299
chukchi,70.25,-168.5,44.8,260.2,-1.201
chukchi,70.25,-168.25,47.3,260.2,-1.138
chukchi,70.25,-168.0,48.0,260.2,-0.78
chukchi,70.25,-167.5,49.3,260.2,-0.208
chukchi,70.25,-167.25,49.5,260.2,0.309
chukchi,70.25,-167.0,48.3,260.2,0.709
chukchi,70.25,-166.75,47.4,260.2,1.054
chukchi,70.25,-166.5,44.7,260.2,1.309
chukchi,70.25,-166.25,44.7,260.2,1.442
chukchi,70.25,-165.75,43.7,260.2,1.497
chukchi,70.25,-165.5,43.9,260.2,1.473
chukchi,70.25,-165.25,43.4,260.2,1.399
chukchi,70.25,-165.0,44.2,260.2,1.37
chukchi,70.25,-164.75,44.8,260.2,1.402
chukchi,70.25,-164.5,43.1,260.2,1.47
chukchi,70.25,-164.25,41.5,260.2,1.527
chukchi,70.25,-163.75,35.9,260.2,1.632
chukchi,70.25,-163.5,34.6,260.2,1.849
chukchi,70.25,-163.25,32.1,260.2,2.146
chukchi,70.25,-163.0,30.9,260.2,2.575
chukchi,70.25,-162.75,27.2,260.2,3.055
chukchi,70.25,-162.5,22.0,260.2,3.286
chukchi,70.25,-162.25,15.6,260.2,3.704
chukchi,70.25,-161.5,14.7,260.2,4.192
chukchi,70.25,-161.25,14.7,260.2,4.053
chukchi,70.5,-172.0,31.0,257.1,-0.748
chukchi,70.5,-171.75,30.4,257.1,-0.755
chukchi,70.5,-171.25,29.5,257.1,-0.609
chukchi,70.5,-171.0,28.5,257.1,-0.691
chukchi,70.5,-170.75,27.9,257.1,-0.718
chukchi,70.5,-170.5,28.4,257.1,-0.804
chukchi,70.5,-170.25,29.2,257.1,-0.71
chukchi,70.5,-170.0,30.8,257.1,-0.758
chukchi,70.5,-169.5,35.2,257.1,-0.847
chukchi,70.5,-169.25,35.7,257.1,-1.033
chukchi,70.5,-169.0,36.5,257.1,-1.242
chukchi,70.5,-168.75,36.4,257.1,-1.377
chukchi,70.5,-168.5,40.5,257.1,-1.432
chukchi,70.5,-168.25,44.3,257.1,-1.38
chukchi,70.5,-168.0,48.3,257.1,-1.118
chukchi,70.5,-167.5,52.2,257.1,-0.685
chukchi,70.5,-167.25,52.5,257.1,-0.135
chukchi,70.5,-167.0,50.1,257.1,0.314
chukchi,70.5,-166.75,46.6,257.1,0.634
chukchi,70.5,-166.5,43.3,257.1,0.808
chukchi,70.5,-166.25,42.9,257.1,0.81
chukchi,70.5,-165.75,43.1,257.1,0.683
chukchi,70.5,-165.5,43.7,257.1,0.611
chukchi,70.5,-165.25,43.2,257.1,0.549
chukchi,70.5,-165.0,44.0,257.1,0.442
chukchi,70.5,-164.75,46.3,257.1,0.475
chukchi,70.5,-164.5,47.0,257.1,0.613
chukchi,70.5,-164.25,46.5,257.1,0.81
chukchi,70.5,-163.75,44.1,257.1,0.956
chukchi,70.5,-163.5,42.7,257.1,1.056
chukchi,70.5,-163.25,41.4,257.1,1.186
chukchi,70.5,-163.0,40.2,257.1,1.35
chukchi,70.5,-162.75,39.7,257.1,1.604
chukchi,70.5,-162.5,38.8,257.1,1.916
chukchi,70.5,-162.25,37.9,257.1,2.299
chukchi,70.5,-161.75,35.6,257.1,2.57
chukchi,70.5,-161.5,34.4,257.1,2.617
chukchi,70.5,-161.25,34.4,257.1,2.683
chukchi,70.5,-161.0,33.6,257.1,2.728
chukchi,70.5,-160.75,30.2,257.1,2.573
chukchi,70.5,-160.5,23.2,257.1,2.553
chukchi,70.75,-172.0,38.8,253.9,-0.177
chukchi,70.75,-171.75,38.9,253.9,-0.24
chukchi,70.75,-171.25,39.6,253.9,-0.257
chukchi,70.75,-171.0,39.1,253.9,-0.345
chukchi,70.75,-170.75,38.2,253.9,-0.42
chukchi,70.75,-170.5,38.7,253.9,-0.502
chukchi,70.75,-170.25,39.6,253.9,-0.576
chukchi,70.75,-170.0,39.2,253.9,-0.689
chukchi,70.75,-169.5,37.7,253.9,-0.824
chukchi,70.75,-169.25,37.5,253.9,-0.949
chukchi,70.75,-169.0,38.4,253.9,-1.085
chukchi,70.75,-168.75,41.5,253.9,-1.218
chukchi,70.75,-168.5,43.7,253.9,-1.448
chukchi,70.75,-168.25,49.1,253.9,-1.473
chukchi,70.75,-168.0,53.4,253.9,-1.259
chukchi,70.75,-167.5,50.6,253.9,-0.777
chukchi,70.75,-167.25,48.9,253.9,-0.258
chukchi,70.75,-167.0,45.6,253.9,0.057
chukchi,70.75,-166.75,42.8,253.9,0.194
chukchi,70.75,-166.5,43.8,253.9,0.235
chukchi,70.75,-166.25,41.8,253.9,0.145
chukchi,70.75,-165.75,42.6,253.9,-0.026
chukchi,70.75,-165.5,42.1,253.9,-0.203
chukchi,70.75,-165.25,41.3,253.9,-0.323
chukchi,70.75,-165.0,38.5,253.9,-0.434
chukchi,70.75,-164.75,35.5,253.9,-0.537
chukchi,70.75,-164.5,42.2,253.9,-0.535
chukchi,70.75,-164.25,44.9,253.9,-0.387
chukchi,70.75,-163.75,45.8,253.9,-0.19
chukchi,70.75,-163.5,46.1,253.9,-0.029
chukchi,70.75,-163.25,45.7,253.9,0.052
chukchi,70.75,-163.0,45.7,253.9,0.137
chukchi,70.75,-162.75,45.2,253.9,0.251
chukchi,70.75,-162.5,44.5,253.9,0.34
chukchi,70.75,-162.25,44.3,253.9,0.373
chukchi,70.75,-161.75,44.8,253.9,0.459
chukchi,70.75,-161.5,45.8,253.9,0.544
chukchi,70.75,-161.25,46.2,253.9,0.571
chukchi,70.75,-161.0,49.0,253.9,0.624
chukchi,70.75,-160.75,50.7,253.9,0.76
chukchi,70.75,-160.5,51.7,253.9,1.107
chukchi,70.75,-160.0,43.7,253.9,1.401
chukchi,70.75,-159.75,40.4,253.9,1.298
chukchi,70.75,-159.0,11.4,253.9,2.129
chukchi,70.75,-158.75,9.5,253.9,2.651
chukchi,71.0,-172.0,44.5,250.7,-0.341
chukchi,71.0,-171.75,45.9,250.7,-0.407
chukchi,71.0,-171.25,47.5,250.7,-0.46
chukchi,71.0,-171.0,46.1,250.7,-0.498
chukchi,71.0,-170.75,44.9,250.7,-0.536
chukchi,71.0,-170.5,44.3,250.7,-0.585
chukchi,71.0,-170.25,43.9,250.7,-0.656
chukchi,71.0,-170.0,43.3,250.7,-0.741
chukchi,71.0,-169.5,45.1,250.7,-0.827
chukchi,71.0,-169.25,46.4,250.7,-0.926
chukchi,71.0,-169.0,48.2,250.7,-1.065
chukchi,71.0,-168.75,48.7,250.7,-1.268
chukchi,71.0,-168.5,49.0,250.7,-1.424
chukchi,71.0,-168.25,49.9,250.7,-1.37
chukchi,71.0,-168.0,48.2,250.7,-1.107
chukchi,71.0,-167.5,47.7,250.7,-0.759
chukchi,71.0,-167.25,47.2,250.7,-0.513
chukchi,71.0,-167.0,46.6,250.7,-0.379
chukchi,71.0,-166.75,45.4,250.7,-0.32
chukchi,71.0,-166.5,44.8,250.7,-0.367
chukchi,71.0,-166.25,44.0,250.7,-0.442
chukchi,71.0,-165.75,42.9,250.7,-0.574
chukchi,71.0,-165.5,42.2,250.7,-0.744
chukchi,71.0,-165.25,42.6,250.7,-0.826
chukchi,71.0,-165.0,42.3,250.7,-0.893
chukchi,71.0,-164.75,42.6,250.7,-0.945
chukchi,71.0,-164.5,42.6,250.7,-1.057
chukchi,71.0,-164.25,43.4,250.7,-1.119
chukchi,71.0,-163.75,44.7,250.7,-1.102
chukchi,71.0,-163.5,45.2,250.7,-1.052
chukchi,71.0,-163.25,45.8,250.7,-1.008
chukchi,71.0,-163.0,46.0,250.7,-1.007
chukchi,71.0,-162.75,46.5,250.7,-0.991
chukchi,71.0,-162.5,46.7,250.7,-0.942
chukchi,71.0,-162.25,46.6,250.7,-0.89
chukchi,71.0,-161.75,47.1,250.7,-0.911
chukchi,71.0,-161.5,47.7,250.7,-0.944
chukchi,71.0,-161.25,48.9,250.7,-0.965
chukchi,71.0,-161.0,50.5,250.7,-1.013
chukchi,71.0,-160.75,51.4,250.7,-1.01
chukchi,71.0,-160.5,53.6,250.7,-0.899
chukchi,71.0,-160.0,62.2,250.7,-0.751
chukchi,71.0,-159.75,67.3,250.7,-0.245
chukchi,71.0,-159.5,74.1,250.7,-0.383
chukchi,71.0,-159.25,78.2,250.7,0.45
chukchi,71.0,-159.0,73.7,250.7,0.807
chukchi,71.0,-158.75,58.8,250.7,1.254
chukchi,71.0,-158.5,45.5,250.7,1.442
chukchi,71.0,-158.0,40.5,250.7,1.484
chukchi,71.0,-157.75,38.8,250.7,1.295
chukchi,71.0,-157.5,32.7,250.7,1.427
chukchi,71.0,-157.25,26.6,250.7,1.506
chukchi,71.25,-172.0,49.8,247.5,-0.534
chukchi,71.25,-171.75,50.0,247.5,-0.595
chukchi,71.25,-171.25,50.6,247.5,-0.651
chukchi,71.25,-171.0,50.8,247.5,-0.702
chukchi,71.25,-170.75,50.5,247.5,-0.742
chukchi,71.25,-170.5,50.4,247.5,-0.785
chukchi,71.25,-170.25,49.5,247.5,-0.836
chukchi,71.25,-170.0,49.6,247.5,-0.902
chukchi,71.25,-169.5,48.4,247.5,-0.984
chukchi,71.25,-169.25,48.0,247.5,-1.096
chukchi,71.25,-169.0,51.2,247.5,-1.212
chukchi,71.25,-168.75,50.1,247.5,-1.341
chukchi,71.25,-168.5,48.4,247.5,-1.418
chukchi,71.25,-168.25,48.2,247.5,-1.403
chukchi,71.25,-168.0,48.4,247.5,-1.311
chukchi,71.25,-167.5,48.8,247.5,-1.184
chukchi,71.25,-167.25,48.6,247.5,-1.03
chukchi,71.25,-167.0,47.4,247.5,-0.899
chukchi,71.25,-166.75,46.5,247.5,-0.817
chukchi,71.25,-166.5,45.7,247.5,-0.802
chukchi,71.25,-166.25,44.7,247.5,-0.846
chukchi,71.25,-165.75,42.3,247.5,-0.911
chukchi,71.25,-165.5,40.8,247.5,-1.033
chukchi,71.25,-165.25,41.1,247.5,-1.127
chukchi,71.25,-165.0,42.5,247.5,-1.199
chukchi,71.25,-164.75,44.1,247.5,-1.249
chukchi,71.25,-164.5,44.8,247.5,-1.296
chukchi,71.25,-164.25,44.6,247.5,-1.338
chukchi,71.25,-163.75,43.8,247.5,-1.371
chukchi,71.25,-163.5,44.5,247.5,-1.39
chukchi,71.25,-163.25,44.8,247.5,-1.396
chukchi,71.25,-163.0,45.9,247.5,-1.397
chukchi,71.25,-162.75,46.7,247.5,-1.402
chukchi,71.25,-162.5,47.0,247.5,-1.406
chukchi,71.25,-162.25,47.0,247.5,-1.414
chukchi,71.25,-161.75,48.0,247.5,-1.43
chukchi,71.25,-161.5,48.6,247.5,-1.434
chukchi,71.25,-161.25,48.8,247.5,-1.442
chukchi,71.25,-161.0,49.2,247.5,-1.45
chukchi,71.25,-160.75,50.6,247.5,-1.445
chukchi,71.25,-160.5,51.4,247.5,-1.451
chukchi,71.25,-160.0,52.5,247.5,-1.459
chukchi,71.25,-159.75,53.9,247.5,-1.454
chukchi,71.25,-159.5,56.2,247.5,-1.426
chukchi,71.25,-159.25,58.4,247.5,-1.32
chukchi,71.25,-159.0,65.9,247.5,-0.976
chukchi,71.25,-158.75,79.8,247.5,-0.699
chukchi,71.25,-158.5,92.8,247.5,-0.321
chukchi,71.25,-158.0,97.2,247.5,-0.026
chukchi,71.25,-157.75,98.9,247.5,0.05
chukchi,71.25,-157.5,100.4,247.5,0.153
chukchi,71.25,-157.25,95.1,247.5,-0.028
chukchi,71.25,-157.0,80.2,247.5,0.068
chukchi,71.25,-156.25,14.5,247.5,1.396
chukchi,71.5,-172.0,52.6,244.3,-0.849
chukchi,71.5,-171.75,53.1,244.3,-0.901
chukchi,71.5,-171.25,53.0,244.3,-0.937
chukchi,71.5,-171.0,53.0,244.3,-0.964
chukchi,71.5,-170.75,53.3,244.3,-0.986
chukchi,71.5,-170.5,53.9,244.3,-1.002
chukchi,71.5,-170.25,53.4,244.3,-1.014
chukchi,71.5,-170.0,52.8,244.3,-1.036
chukchi,71.5,-169.5,51.1,244.3,-1.103
chukchi,71.5,-169.25,49.7,244.3,-1.213
chukchi,71.5,-169.0,50.3,244.3,-1.309
chukchi,71.5,-168.75,51.1,244.3,-1.366
chukchi,71.5,-168.5,49.8,244.3,-1.409
chukchi,71.5,-168.25,49.5,244.3,-1.448
chukchi,71.5,-168.0,50.6,244.3,-1.46
chukchi,71.5,-167.5,49.5,244.3,-1.427
chukchi,71.5,-167.25,48.3,244.3,-1.342
chukchi,71.5,-167.0,46.5,244.3,-1.235
chukchi,71.5,-166.75,46.2,244.3,-1.161
chukchi,71.5,-166.5,46.5,244.3,-1.131
chukchi,71.5,-166.25,45.9,244.3,-1.136
chukchi,71.5,-165.75,42.0,244.3,-1.168
chukchi,71.5,-165.5,41.4,244.3,-1.219
chukchi,71.5,-165.25,41.7,244.3,-1.277
chukchi,71.5,-165.0,42.0,244.3,-1.332
chukchi,71.5,-164.75,41.4,244.3,-1.375
chukchi,71.5,-164.5,40.7,244.3,-1.402
chukchi,71.5,-164.25,40.6,244.3,-1.421
chukchi,71.5,-163.75,40.8,244.3,-1.438
chukchi,71.5,-163.5,41.2,244.3,-1.452
chukchi,71.5,-163.25,41.7,244.3,-1.464
chukchi,71.5,-163.0,42.8,244.3,-1.471
chukchi,71.5,-162.75,43.0,244.3,-1.475
chukchi,71.5,-162.5,43.5,244.3,-1.479
chukchi,71.5,-162.25,44.6,244.3,-1.481
chukchi,71.5,-161.75,46.9,244.3,-1.483
chukchi,71.5,-161.5,47.2,244.3,-1.486
chukchi,71.5,-161.25,47.9,244.3,-1.487
chukchi,71.5,-161.0,48.6,244.3,-1.49
chukchi,71.5,-160.75,49.8,244.3,-1.493
chukchi,71.5,-160.5,50.8,244.3,-1.494
chukchi,71.5,-160.0,50.7,244.3,-1.496
chukchi,71.5,-159.75,51.9,244.3,-1.497
chukchi,71.5,-159.5,54.0,244.3,-1.497
chukchi,71.5,-159.25,54.7,244.3,-1.491
chukchi,71.5,-159.0,56.2,244.3,-1.473
chukchi,71.5,-158.75,58.4,244.3,-1.421
chukchi,71.5,-158.5,60.8,244.3,-1.344
chukchi,71.5,-158.0,69.4,244.3,-1.103
chukchi,71.5,-157.75,73.0,244.3,-0.865
chukchi,71.5,-157.5,78.1,244.3,-0.692
chukchi,71.5,-157.25,89.2,244.3,-0.667
chukchi,71.5,-157.0,103.8,244.3,-0.631
chukchi,71.5,-156.75,117.3,244.3,-0.54
chukchi,71.5,-156.25,137.6,244.3,-0.137
chukchi,71.75,-172.0,55.6,241.2,-1.084
chukchi,71.75,-171.75,55.7,241.2,-1.125
chukchi,71.75,-171.25,55.9,241.2,-1.16
chukchi,71.75,-171.0,54.8,241.2,-1.185
chukchi,71.75,-170.75,55.6,241.2,-1.204
chukchi,71.75,-170.5,56.0,241.2,-1.212
chukchi,71.75,-170.25,55.8,241.2,-1.207
chukchi,71.75,-170.0,55.0,241.2,-1.199
chukchi,71.75,-169.5,51.0,241.2,-1.215
chukchi,71.75,-169.25,50.0,241.2,-1.263
chukchi,71.75,-169.0,50.1,241.2,-1.328
chukchi,71.75,-168.75,51.1,241.2,-1.385
chukchi,71.75,-168.5,50.4,241.2,-1.428
chukchi,71.75,-168.25,50.7,241.2,-1.463
chukchi,71.75,-168.0,50.9,241.2,-1.489
chukchi,71.75,-167.5,49.8,241.2,-1.488
chukchi,71.75,-167.25,48.7,241.2,-1.459
chukchi,71.75,-167.0,47.2,241.2,-1.419
chukchi,71.75,-166.75,45.9,241.2,-1.38
chukchi,71.75,-166.5,46.6,241.2,-1.35
chukchi,71.75,-166.25,46.1,241.2,-1.327
chukchi,71.75,-165.75,42.6,241.2,-1.321
chukchi,71.75,-165.5,42.0,241.2,-1.332
chukchi,71.75,-165.25,41.2,241.2,-1.362
chukchi,71.75,-165.0,40.9,241.2,-1.394
chukchi,71.75,-164.75,40.7,241.2,-1.418
chukchi,71.75,-164.5,40.1,241.2,-1.432
chukchi,71.75,-164.25,40.2,241.2,-1.442
chukchi,71.75,-163.75,40.7,241.2,-1.452
chukchi,71.75,-163.5,40.9,241.2,-1.463
chukchi,71.75,-163.25,40.6,241.2,-1.471
chukchi,71.75,-163.0,39.4,241.2,-1.472
chukchi,71.75,-162.75,40.2,241.2,-1.471
chukchi,71.75,-162.5,39.3,241.2,-1.461
chukchi,71.75,-162.25,38.9,241.2,-1.443
chukchi,71.75,-161.75,39.9,241.2,-1.429
chukchi,71.75,-161.5,40.0,241.2,-1.426
chukchi,71.75,-161.25,41.1,241.2,-1.428
chukchi,71.75,-161.0,42.1,241.2,-1.436
chukchi,71.75,-160.75,43.4,241.2,-1.445
chukchi,71.75,-160.5,42.8,241.2,-1.451
chukchi,71.75,-160.0,43.1,241.2,-1.456
chukchi,71.75,-159.75,48.7,241.2,-1.466
chukchi,71.75,-159.5,51.2,241.2,-1.479
chukchi,71.75,-159.25,53.1,241.2,-1.489
chukchi,71.75,-159.0,55.7,241.2,-1.498
chukchi,71.75,-158.75,56.9,241.2,-1.504
chukchi,71.75,-158.5,61.6,241.2,-1.511
chukchi,71.75,-158.0,67.1,241.2,-1.516
chukchi,71.75,-157.75,70.5,241.2,-1.49
chukchi,71.75,-157.5,73.0,241.2,-1.397
chukchi,71.75,-157.25,76.2,241.2,-1.273
chukchi,71.75,-157.0,75.6,241.2,-1.182
chukchi,71.75,-156.75,73.6,241.2,-1.133
chukchi,71.75,-156.25,82.8,241.2,-1.067
chukchi,72.0,-172.0,58.0,238.0,-1.293
chukchi,72.0,-171.75,59.4,238.0,-1.298
chukchi,72.0,-171.25,58.0,238.0,-1.31
chukchi,72.0,-171.0,57.5,238.0,-1.32
chukchi,72.0,-170.75,58.4,238.0,-1.329
chukchi,72.0,-170.5,59.6,238.0,-1.333
chukchi,72.0,-170.25,57.8,238.0,-1.329
chukchi,72.0,-170.0,55.9,238.0,-1.318
chukchi,72.0,-169.5,54.3,238.0,-1.314
chukchi,72.0,-169.25,54.1,238.0,-1.321
chukchi,72.0,-169.0,55.3,238.0,-1.343
chukchi,72.0,-168.75,53.5,238.0,-1.377
chukchi,72.0,-168.5,51.2,238.0,-1.422
chukchi,72.0,-168.25,51.4,238.0,-1.461
chukchi,72.0,-168.0,51.4,238.0,-1.487
chukchi,72.0,-167.5,50.5,238.0,-1.498
chukchi,72.0,-167.25,50.2,238.0,-1.494
chukchi,72.0,-167.0,50.1,238.0,-1.486
chukchi,72.0,-166.75,49.6,238.0,-1.475
chukchi,72.0,-166.5,48.8,238.0,-1.461
chukchi,72.0,-166.25,48.8,238.0,-1.443
chukchi,72.0,-165.75,47.6,238.0,-1.417
chukchi,72.0,-165.5,46.4,238.0,-1.403
chukchi,72.0,-165.25,44.3,238.0,-1.412
chukchi,72.0,-165.0,42.8,238.0,-1.418
chukchi,72.0,-164.75,41.2,238.0,-1.427
chukchi,72.0,-164.5,40.6,238.0,-1.438
chukchi,72.0,-164.25,40.2,238.0,-1.447
chukchi,72.0,-163.75,40.6,238.0,-1.457
chukchi,72.0,-163.5,40.4,238.0,-1.464
chukchi,72.0,-163.25,40.4,238.0,-1.467
chukchi,72.0,-163.0,39.4,238.0,-1.464
chukchi,72.0,-162.75,36.7,238.0,-1.447
chukchi,72.0,-162.5,33.6,238.0,-1.402
chukchi,72.0,-162.25,30.4,238.0,-1.355
chukchi,72.0,-161.75,31.7,238.0,-1.355
chukchi,72.0,-161.5,32.3,238.0,-1.372
chukchi,72.0,-161.25,34.4,238.0,-1.39
chukchi,72.0,-161.0,36.5,238.0,-1.406
chukchi,72.0,-160.75,38.7,238.0,-1.419
chukchi,72.0,-160.5,41.6,238.0,-1.428
chukchi,72.0,-160.0,42.6,238.0,-1.425
chukchi,72.0,-159.75,47.5,238.0,-1.438
chukchi,72.0,-159.5,49.6,238.0,-1.455
chukchi,72.0,-159.25,54.2,238.0,-1.471
chukchi,72.0,-159.0,54.6,238.0,-1.491
chukchi,72.0,-158.75,57.7,238.0,-1.507
chukchi,72.0,-158.5,61.0,238.0,-1.524
chukchi,72.0,-158.0,69.1,238.0,-1.543
chukchi,72.0,-157.75,72.7,238.0,-1.547
chukchi,72.0,-157.5,83.2,238.0,-1.523
chukchi,72.0,-157.25,114.6,238.0,-1.465
chukchi,72.0,-157.0,140.9,238.0,-1.382
chukchi,72.0,-156.75,171.5,238.0,-1.285
chukchi,72.25,-172.0,65.1,234.8,-1.482
chukchi,72.25,-171.75,62.2,234.8,-1.471
chukchi,72.25,-171.25,59.4,234.8,-1.455
chukchi,72.25,-171.0,60.3,234.8,-1.445
chukchi,72.25,-170.75,60.4,234.8,-1.443
chukchi,72.25,-170.5,61.2,234.8,-1.44
chukchi,72.25,-170.25,59.1,234.8,-1.434
chukchi,72.25,-170.0,58.2,234.8,-1.428
chukchi,72.25,-169.5,57.4,234.8,-1.423
chukchi,72.25,-169.25,58.9,234.8,-1.419
chukchi,72.25,-169.0,59.8,234.8,-1.417
chukchi,72.25,-168.75,57.3,234.8,-1.416
chukchi,72.25,-168.5,54.8,234.8,-1.425
chukchi,72.25,-168.25,54.2,234.8,-1.447
chukchi,72.25,-168.0,53.8,234.8,-1.469
chukchi,72.25,-167.5,52.5,234.8,-1.485
chukchi,72.25,-167.25,52.2,234.8,-1.493
chukchi,72.25,-167.0,51.0,234.8,-1.496
chukchi,72.25,-166.75,50.9,234.8,-1.497
chukchi,72.25,-166.5,51.6,234.8,-1.495
chukchi,72.25,-166.25,51.1,234.8,-1.49
chukchi,72.25,-165.75,51.4,234.8,-1.481
chukchi,72.25,-165.5,50.9,234.8,-1.472
chukchi,72.25,-165.25,50.7,234.8,-1.464
chukchi,72.25,-165.0,49.8,234.8,-1.457
chukchi,72.25,-164.75,49.4,234.8,-1.455
chukchi,72.25,-164.5,49.0,234.8,-1.454
chukchi,72.25,-164.25,47.7,234.8,-1.456
chukchi,72.25,-163.75,45.8,234.8,-1.459
chukchi,72.25,-163.5,43.9,234.8,-1.463
chukchi,72.25,-163.25,42.2,234.8,-1.464
chukchi,72.25,-163.0,41.0,234.8,-1.462
chukchi,72.25,-162.75,40.6,234.8,-1.455
chukchi,72.25,-162.5,40.1,234.8,-1.434
chukchi,72.25,-162.25,40.1,234.8,-1.411
chukchi,72.25,-161.75,42.9,234.8,-1.408
chukchi,72.25,-161.5,43.3,234.8,-1.415
chukchi,72.25,-161.25,42.7,234.8,-1.419
chukchi,72.25,-161.0,43.3,234.8,-1.424
chukchi,72.25,-160.75,45.1,234.8,-1.431
chukchi,72.25,-160.5,47.0,234.8,-1.439
chukchi,72.25,-160.0,49.1,234.8,-1.444
chukchi,72.25,-159.75,50.1,234.8,-1.45
chukchi,72.25,-159.5,51.4,234.8,-1.46
chukchi,72.25,-159.25,53.4,234.8,-1.472
chukchi,72.25,-159.0,55.6,234.8,-1.486
chukchi,72.25,-158.75,55.4,234.8,-1.5
chukchi,72.25,-158.5,58.6,234.8,-1.516
chukchi,72.25,-158.0,104.5,234.8,-1.534
chukchi,72.25,-157.75,151.5,234.8,-1.527
chukchi,72.25,-157.5,198.1,234.8,-1.272
chukchi,72.5,-172.0,73.5,231.6,-1.586
chukchi,72.5,-171.75,63.3,231.6,-1.58
chukchi,72.5,-171.25,58.6,231.6,-1.567
chukchi,72.5,-171.0,61.9,231.6,-1.565
chukchi,72.5,-170.75,64.9,231.6,-1.563
chukchi,72.5,-170.5,64.0,231.6,-1.553
chukchi,72.5,-170.25,60.5,231.6,-1.543
chukchi,72.5,-170.0,59.5,231.6,-1.541
chukchi,72.5,-169.5,63.7,231.6,-1.54
chukchi,72.5,-169.25,74.8,231.6,-1.537
chukchi,72.5,-169.0,68.1,231.6,-1.524
chukchi,72.5,-168.75,59.1,231.6,-1.502
chukchi,72.5,-168.5,58.0,231.6,-1.482
chukchi,72.5,-168.25,57.9,231.6,-1.475
chukchi,72.5,-168.0,56.9,231.6,-1.48
chukchi,72.5,-167.5,54.1,231.6,-1.489
chukchi,72.5,-167.25,54.8,231.6,-1.496
chukchi,72.5,-167.0,55.1,231.6,-1.501
chukchi,72.5,-166.75,55.7,231.6,-1.504
chukchi,72.5,-166.5,56.5,231.6,-1.507
chukchi,72.5,-166.25,55.9,231.6,-1.507
chukchi,72.5,-165.75,56.0,231.6,-1.507
chukchi,72.5,-165.5,55.3,231.6,-1.504
chukchi,72.5,-165.25,56.6,231.6,-1.502
chukchi,72.5,-165.0,55.4,231.6,-1.499
chukchi,72.5,-164.75,55.5,231.6,-1.496
chukchi,72.5,-164.5,55.9,231.6,-1.491
chukchi,72.5,-164.25,56.1,231.6,-1.486
chukchi,72.5,-163.75,54.5,231.6,-1.481
chukchi,72.5,-163.5,53.7,231.6,-1.478
chukchi,72.5,-163.25,50.2,231.6,-1.474
chukchi,72.5,-163.0,46.9,231.6,-1.471
chukchi,72.5,-162.75,47.1,231.6,-1.469
chukchi,72.5,-162.5,46.9,231.6,-1.467
chukchi,72.5,-162.25,47.1,231.6,-1.465
chukchi,72.5,-161.75,47.8,231.6,-1.464
chukchi,72.5,-161.5,50.9,231.6,-1.462
chukchi,72.5,-161.25,50.1,231.6,-1.46
chukchi,72.5,-161.0,50.3,231.6,-1.459
chukchi,72.5,-160.75,51.1,231.6,-1.459
chukchi,72.5,-160.5,52.5,231.6,-1.46
chukchi,72.5,-160.0,57.8,231.6,-1.461
chukchi,72.5,-159.75,62.5,231.6,-1.467
chukchi,72.5,-159.5,72.2,231.6,-1.474
chukchi,72.5,-159.25,88.9,231.6,-1.483
chukchi,72.5,-159.0,108.5,231.6,-1.492
chukchi,72.5,-158.75,132.3,231.6,-1.41
chukchi,72.5,-158.5,167.7,231.6,-1.374
chukchi,72.75,-172.0,76.9,228.4,-1.552
chukchi,72.75,-171.75,65.6,228.4,-1.568
chukchi,72.75,-171.25,62.6,228.4,-1.54
chukchi,72.75,-171.0,63.1,228.4,-1.497
chukchi,72.75,-170.75,66.2,228.4,-1.516
chukchi,72.75,-170.5,68.1,228.4,-1.556
chukchi,72.75,-170.25,79.0,228.4,-1.568
chukchi,72.75,-170.0,85.3,228.4,-1.542
chukchi,72.75,-169.5,92.4,228.4,-1.516
chukchi,72.75,-169.25,88.9,228.4,-1.549
chukchi,72.75,-169.0,73.6,228.4,-1.557
chukchi,72.75,-168.75,61.8,228.4,-1.563
chukchi,72.75,-168.5,60.4,228.4,-1.554
chukchi,72.75,-168.25,62.1,228.4,-1.543
chukchi,72.75,-168.0,63.5,228.4,-1.533
chukchi,72.75,-167.5,58.8,228.4,-1.527
chukchi,72.75,-167.25,58.8,228.4,-1.53
chukchi,72.75,-167.0,59.0,228.4,-1.535
chukchi,72.75,-166.75,59.3,228.4,-1.537
chukchi,72.75,-166.5,59.1,228.4,-1.537
chukchi,72.75,-166.25,60.0,228.4,-1.537
chukchi,72.75,-165.75,61.2,228.4,-1.537
chukchi,72.75,-165.5,61.3,228.4,-1.538
chukchi,72.75,-165.25,62.8,228.4,-1.537
chukchi,72.75,-165.0,64.4,228.4,-1.537
chukchi,72.75,-164.75,64.8,228.4,-1.537
chukchi,72.75,-164.5,66.5,228.4,-1.535
chukchi,72.75,-164.25,68.3,228.4,-1.533
chukchi,72.75,-163.75,72.5,228.4,-1.528
chukchi,72.75,-163.5,71.7,228.4,-1.52
chukchi,72.75,-163.25,74.6,228.4,-1.516
chukchi,72.75,-163.0,75.9,228.4,-1.515
chukchi,72.75,-162.75,84.8,228.4,-1.512
chukchi,72.75,-162.5,86.5,228.4,-1.503
chukchi,72.75,-162.25,76.6,228.4,-1.495
chukchi,72.75,-161.75,65.9,228.4,-1.488
chukchi,72.75,-161.5,60.3,228.4,-1.486
chukchi,72.75,-161.25,61.6,228.4,-1.485
chukchi,72.75,-161.0,63.3,228.4,-1.484
chukchi,72.75,-160.75,64.5,228.4,-1.486
chukchi,72.75,-160.5,74.6,228.4,-1.491
chukchi,72.75,-160.0,118.9,228.4,-1.498
chukchi,72.75,-159.75,157.1,228.4,-1.44
chukchi,72.75,-159.5,196.5,228.4,-1.189
beaufort,69.0,-137.25,4.1,276.0,5.219
beaufort,69.0,-137.0,2.5,276.0,8.425
beaufort,69.0,-136.75,1.6,276.0,9.27
beaufort,69.0,-136.5,1.1,276.0,9.751
beaufort,69.0,-136.25,1.3,276.0,10.616
beaufort,69.25,-138.5,29.9,272.8,3.706
beaufort,69.25,-138.25,49.0,272.8,1.196
beaufort,69.25,-138.0,41.8,272.8,1.129
beaufort,69.25,-137.5,35.2,272.8,1.373
beaufort,69.25,-137.25,17.6,272.8,2.757
beaufort,69.25,-137.0,7.9,272.8,6.057
beaufort,69.25,-136.75,4.9,272.8,8.001
beaufort,69.25,-136.5,2.8,272.8,8.553
beaufort,69.25,-136.25,3.2,272.8,8.404
beaufort,69.5,-138.75,87.6,269.7,2.653
beaufort,69.5,-138.5,122.4,269.7,0.34
beaufort,69.5,-138.25,116.7,269.7,-0.383
beaufort,69.5,-138.0,77.7,269.7,-0.208
beaufort,69.5,-137.5,50.9,269.7,-0.036
beaufort,69.5,-137.25,34.7,269.7,0.4
beaufort,69.5,-137.0,20.1,269.7,2.347
beaufort,69.5,-136.75,13.5,269.7,5.159
beaufort,69.5,-136.5,10.0,269.7,6.796
beaufort,69.5,-136.25,7.4,269.7,7.122
beaufort,69.5,-136.0,5.7,269.7,7.454
beaufort,69.5,-135.0,2.2,269.7,7.29
beaufort,69.5,-133.5,4.7,269.7,8.108
beaufort,69.5,-133.25,5.1,269.7,7.457
beaufort,69.75,-141.25,34.7,266.5,1.044
beaufort,69.75,-141.0,36.0,266.5,0.638
beaufort,69.75,-140.75,36.2,266.5,0.443
beaufort,69.75,-140.5,36.8,266.5,1.168
beaufort,69.75,-140.25,38.2,266.5,0.434
beaufort,69.75,-140.0,39.5,266.5,0.306
beaufort,69.75,-139.75,40.9,266.5,0.063
beaufort,69.75,-139.25,81.1,266.5,0.248
beaufort,69.75,-139.0,166.1,266.5,-0.649
beaufort,69.75,-138.25,170.7,266.5,-1.025
beaufort,69.75,-138.0,116.9,266.5,-0.945
beaufort,69.75,-137.5,57.5,266.5,-0.562
beaufort,69.75,-137.25,41.6,266.5,-0.13
beaufort,69.75,-137.0,30.2,266.5,1.002
beaufort,69.75,-136.75,24.0,266.5,2.506
beaufort,69.75,-136.5,20.4,266.5,3.879
beaufort,69.75,-136.25,18.0,266.5,4.486
beaufort,69.75,-136.0,17.5,266.5,4.969
beaufort,69.75,-135.5,17.2,266.5,4.364
beaufort,69.75,-135.25,15.0,266.5,5.57
beaufort,69.75,-135.0,12.1,266.5,6.233
beaufort,69.75,-134.75,10.3,266.5,6.84
beaufort,69.75,-134.5,9.0,266.5,6.961
beaufort,69.75,-134.25,9.0,266.5,7.389
beaufort,69.75,-133.75,12.9,266.5,6.944
beaufort,69.75,-133.5,15.3,266.5,6.519
beaufort,69.75,-133.25,13.5,266.5,5.974
beaufort,69.75,-133.0,11.3,266.5,5.948
beaufort,70.0,-144.75,19.0,263.4,2.348
beaufort,70.0,-142.25,42.2,263.4,0.781
beaufort,70.0,-142.0,46.5,263.4,0.614
beaufort,70.0,-141.75,49.0,263.4,0.198
beaufort,70.0,-141.25,50.6,263.4,-0.038
beaufort,70.0,-141.0,49.3,263.4,-0.179
beaufort,70.0,-140.75,49.3,263.4,-0.267
beaufort,70.0,-140.5,50.0,263.4,-0.355
beaufort,70.0,-140.25,60.8,263.4,-0.449
beaufort,70.0,-140.0,98.8,263.4,-0.507
beaufort,70.0,-139.75,141.2,263.4,-0.633
beaufort,70.0,-138.0,142.5,263.4,-0.999
beaufort,70.0,-137.5,55.8,263.4,-0.767
beaufort,70.0,-137.25,45.3,263.4,-0.324
beaufort,70.0,-137.0,41.4,263.4,0.461
beaufort,70.0,-136.75,40.0,263.4,1.055
beaufort,70.0,-136.5,40.3,263.4,1.238
beaufort,70.0,-136.25,40.6,263.4,1.403
beaufort,70.0,-136.0,41.1,263.4,1.558
beaufort,70.0,-135.5,43.0,263.4,1.451
beaufort,70.0,-135.25,39.7,263.4,1.558
beaufort,70.0,-135.0,33.5,263.4,2.252
beaufort,70.0,-134.75,29.0,263.4,3.165
beaufort,70.0,-134.5,28.1,263.4,3.554
beaufort,70.0,-134.25,29.4,263.4,3.461
beaufort,70.0,-133.75,36.8,263.4,2.943
beaufort,70.0,-133.5,32.1,263.4,2.565
beaufort,70.0,-133.25,25.8,263.4,3.579
beaufort,70.25,-147.75,8.1,260.2,3.856
beaufort,70.25,-147.5,11.3,260.2,3.509
beaufort,70.25,-147.25,15.5,260.2,3.619
beaufort,70.25,-146.75,24.5,260.2,2.963
beaufort,70.25,-146.5,28.5,260.2,2.287
beaufort,70.25,-146.25,31.4,260.2,1.173
beaufort,70.25,-146.0,31.7,260.2,1.581
beaufort,70.25,-145.75,33.2,260.2,1.147
beaufort,70.25,-145.5,32.2,260.2,1.078
beaufort,70.25,-145.0,38.7,260.2,0.765
beaufort,70.25,-144.75,41.1,260.2,0.606
beaufort,70.25,-144.5,42.5,260.2,0.548
beaufort,70.25,-144.25,41.4,260.2,0.641
beaufort,70.25,-144.0,42.2,260.2,0.331
beaufort,70.25,-143.75,44.7,260.2,1.097
beaufort,70.25,-143.5,47.6,260.2,0.233
beaufort,70.25,-143.0,53.7,260.2,0.087
beaufort,70.25,-142.75,56.4,260.2,0.172
beaufort,70.25,-142.5,56.1,260.2,-0.063
beaufort,70.25,-142.25,57.7,260.2,-0.242
beaufort,70.25,-142.0,81.8,260.2,-0.471
beaufort,70.25,-141.75,130.0,260.2,-0.562
beaufort,70.25,-141.25,197.7,260.2,-0.619
beaufort,70.25,-136.75,112.1,260.2,-0.265
beaufort,70.25,-136.5,62.7,260.2,-0.392
beaufort,70.25,-136.25,58.3,260.2,-0.331
beaufort,70.25,-136.0,59.4,260.2,-0.267
beaufort,70.25,-135.5,58.3,260.2,-0.261
beaufort,70.25,-135.25,55.5,260.2,-0.234
beaufort,70.25,-135.0,51.8,260.2,-0.019
beaufort,70.25,-134.75,48.0,260.2,0.313
beaufort,70.25,-134.5,49.2,260.2,0.379
beaufort,70.25,-134.25,50.4,260.2,0.361
beaufort,70.25,-133.75,57.2,260.2,0.456
beaufort,70.5,-151.75,5.3,257.1,3.667
beaufort,70.5,-151.5,7.5,257.1,3.619
beaufort,70.5,-151.25,8.8,257.1,3.333
beaufort,70.5,-151.0,9.7,257.1,2.751
beaufort,70.5,-150.5,11.5,257.1,2.652
beaufort,70.5,-150.25,11.3,257.1,2.699
beaufort,70.5,-150.0,10.5,257.1,2.582
beaufort,70.5,-149.75,11.8,257.1,2.724
beaufort,70.5,-149.5,12.8,257.1,2.459
beaufort,70.5,-149.25,13.3,257.1,2.203
beaufort,70.5,-148.75,19.4,257.1,2.181
beaufort,70.5,-148.5,21.1,257.1,2.116
beaufort,70.5,-148.25,21.1,257.1,2.214
beaufort,70.5,-148.0,24.8,257.1,2.9
beaufort,70.5,-147.75,30.9,257.1,2.447
beaufort,70.5,-147.5,35.9,257.1,1.471
beaufort,70.5,-147.25,37.3,257.1,1.013
beaufort,70.5,-146.75,41.5,257.1,0.685
beaufort,70.5,-146.5,42.3,257.1,0.44
beaufort,70.5,-146.25,44.0,257.1,0.292
beaufort,70.5,-146.0,46.4,257.1,0.227
beaufort,70.5,-145.75,52.0,257.1,0.232
beaufort,70.5,-145.5,54.5,257.1,0.205
beaufort,70.5,-145.0,60.4,257.1,0.046
beaufort,70.5,-144.75,110.2,257.1,-0.162
beaufort,70.5,-144.5,137.4,257.1,-0.388
beaufort,70.5,-144.25,185.5,257.1,-0.442
beaufort,70.5,-135.5,83.0,257.1,-0.763
beaufort,70.5,-135.25,63.0,257.1,-0.694
beaufort,70.5,-135.0,60.1,257.1,-0.636
beaufort,70.5,-134.75,58.3,257.1,-0.605
beaufort,70.5,-134.5,60.8,257.1,-0.555
beaufort,70.75,-152.0,10.9,253.9,3.463
beaufort,70.75,-151.75,13.4,253.9,2.597
beaufort,70.75,-151.5,15.8,253.9,2.102
beaufort,70.75,-151.25,19.2,253.9,1.743
beaufort,70.75,-151.0,20.5,253.9,1.546
beaufort,70.75,-150.5,23.1,253.9,1.405
beaufort,70.75,-150.25,23.7,253.9,1.345
beaufort,70.75,-150.0,23.9,253.9,1.338
beaufort,70.75,-149.75,25.3,253.9,1.3
beaufort,70.75,-149.5,27.2,253.9,1.202
beaufort,70.75,-149.25,30.2,253.9,1.035
beaufort,70.75,-148.75,35.5,253.9,0.879
beaufort,70.75,-148.5,38.5,253.9,0.734
beaufort,70.75,-148.25,41.2,253.9,0.629
beaufort,70.75,-148.0,42.9,253.9,0.547
beaufort,70.75,-147.75,45.3,253.9,0.446
beaufort,70.75,-147.5,58.5,253.9,0.297
beaufort,70.75,-147.25,80.7,253.9,0.115
beaufort,70.75,-146.5,168.5,253.9,-0.188
beaufort,70.75,-135.0,176.9,253.9,-0.866
beaufort,70.75,-134.75,114.8,253.9,-0.79
beaufort,71.0,-154.75,11.5,250.7,1.707
beaufort,71.0,-154.25,15.9,250.7,1.993
beaufort,71.0,-154.0,18.5,250.7,1.708
beaufort,71.0,-153.75,19.8,250.7,1.627
beaufort,71.0,-153.5,21.4,250.7,1.235
beaufort,71.0,-153.25,20.3,250.7,1.262
beaufort,71.0,-153.0,22.6,250.7,1.666
beaufort,71.0,-152.5,24.5,250.7,1.599
beaufort,71.0,-152.25,26.8,250.7,1.358
beaufort,71.0,-152.0,29.0,250.7,1.201
beaufort,71.0,-151.75,29.5,250.7,1.114
beaufort,71.0,-151.5,31.8,250.7,0.997
beaufort,71.0,-151.25,33.3,250.7,0.912
beaufort,71.0,-151.0,35.7,250.7,0.821
beaufort,71.0,-150.5,46.2,250.7,0.693
beaufort,71.0,-150.25,57.7,250.7,0.589
beaufort,71.0,-150.0,75.6,250.7,0.522
beaufort,71.0,-149.75,117.4,250.7,0.495
beaufort,71.0,-149.5,87.7,250.7,0.484
beaufort,71.0,-149.25,104.8,250.7,0.442
beaufort,71.0,-148.75,150.6,250.7,0.387
beaufort,71.25,-156.0,13.3,247.5,1.448
beaufort,71.25,-155.75,15.3,247.5,1.524
beaufort,71.25,-155.5,17.6,247.5,1.288
beaufort,71.25,-155.25,19.5,247.5,1.25
beaufort,71.25,-155.0,21.9,247.5,1.052
beaufort,71.25,-154.75,23.9,247.5,0.844
beaufort,71.25,-154.25,34.1,247.5,0.659
beaufort,71.25,-154.0,41.4,247.5,0.492
beaufort,71.25,-153.75,47.9,247.5,0.347
beaufort,71.25,-153.5,54.1,247.5,0.224
beaufort,71.25,-153.25,62.2,247.5,0.113
beaufort,71.25,-153.0,71.6,247.5,0.006
beaufort,71.25,-152.5,89.9,247.5,-0.029
beaufort,71.25,-152.25,106.1,247.5,-0.018
beaufort,71.25,-152.0,165.5,247.5,0.013
beaufort,71.25,-151.75,195.9,247.5,-0.076
beaufort,71.25,-151.5,200.0,247.5,-0.106
beaufort,71.5,-156.0,144.6,244.3,-0.032
beaufort,71.5,-155.75,142.4,244.3,0.16
beaufort,71.5,-155.5,139.8,244.3,0.364
beaufort,71.5,-155.25,106.2,244.3,0.28
beaufort,71.5,-155.0,67.5,244.3,0.343
beaufort,71.5,-154.75,53.3,244.3,0.326
beaufort,71.5,-154.25,48.2,244.3,0.238
beaufort,71.5,-154.0,50.6,244.3,0.137
beaufort,71.5,-153.75,55.1,244.3,0.053
beaufort,71.5,-153.5,63.5,244.3,-0.053
beaufort,71.5,-153.25,84.1,244.3,-0.2
beaufort,71.5,-153.0,131.4,244.3,-0.41
beaufort,71.75,-156.0,107.9,241.2,-0.963
beaufort,71.75,-155.75,136.3,241.2,-0.822
beaufort,71.75,-155.5,183.1,241.2,-0.293
