zone,year_month,outage_days,blank_sst_cell_days,masked_adopted,masked_adopted_sst_gt0,masked_adopted_sst_gt2,masked_blanket_rule,blanket_sst_gt0,blanket_sst_gt2
ai,1987-12,26,96694,0,0,0,96694,96694,94983
ai,1988-01,10,37190,0,0,0,37190,37190,36108
ai,2016-01,3,11157,0,0,0,11157,11157,10908
ai,2016-04,13,48347,0,0,0,48347,48347,47406
ai,2016-05,31,115289,0,0,0,115289,115289,114900
ai,2016-06,30,111570,0,0,0,111570,111570,111570
ai,2017-01,25,92975,0,0,0,92975,92975,91934
ai,2017-02,28,104132,0,0,0,104132,104132,103098
ai,2020-08,2,7438,0,0,0,7438,7438,7438
ai,2020-12,3,11157,0,0,0,11157,11157,11157
ai_central,1987-12,26,41912,0,0,0,41912,41912,41912
ai_central,1988-01,10,16120,0,0,0,16120,16120,16120
ai_central,2016-01,3,4836,0,0,0,4836,4836,4836
ai_central,2016-04,13,20956,0,0,0,20956,20956,20956
ai_central,2016-05,31,49972,0,0,0,49972,49972,49972
ai_central,2016-06,30,48360,0,0,0,48360,48360,48360
ai_central,2017-01,25,40300,0,0,0,40300,40300,40300
ai_central,2017-02,28,45136,0,0,0,45136,45136,44877
ai_central,2020-08,2,3224,0,0,0,3224,3224,3224
ai_central,2020-12,3,4836,0,0,0,4836,4836,4836
ai_east,1987-12,26,14144,0,0,0,14144,14144,14144
ai_east,1988-01,10,5440,0,0,0,5440,5440,5440
ai_east,2016-01,3,1632,0,0,0,1632,1632,1632
ai_east,2016-04,13,7072,0,0,0,7072,7072,7072
ai_east,2016-05,31,16864,0,0,0,16864,16864,16864
ai_east,2016-06,30,16320,0,0,0,16320,16320,16320
ai_east,2017-01,25,13600,0,0,0,13600,13600,13600
ai_east,2017-02,28,15232,0,0,0,15232,15232,15232
ai_east,2020-08,2,1088,0,0,0,1088,1088,1088
ai_east,2020-12,3,1632,0,0,0,1632,1632,1632
ai_west,1987-12,26,30732,0,0,0,30732,30732,29021
ai_west,1988-01,10,11820,0,0,0,11820,11820,10739
ai_west,2016-01,3,3546,0,0,0,3546,3546,3297
ai_west,2016-04,13,15366,0,0,0,15366,15366,14455
ai_west,2016-05,31,36642,0,0,0,36642,36642,36253
ai_west,2016-06,30,35460,0,0,0,35460,35460,35460
ai_west,2017-01,25,29550,0,0,0,29550,29550,28514
ai_west,2017-02,28,33096,0,0,0,33096,33096,32360
ai_west,2020-08,2,2364,0,0,0,2364,2364,2364
ai_west,2020-12,3,3546,0,0,0,3546,3546,3546
beaufort,1987-12,26,28054,27612,0,0,28054,0,0
beaufort,1988-01,10,10790,10620,0,0,10790,0,0
beaufort,2016-01,3,3237,3237,0,0,3237,0,0
beaufort,2016-04,13,14027,14027,30,0,14027,30,0
beaufort,2016-05,31,33449,32976,3125,0,33449,3598,473
beaufort,2016-06,30,32370,26198,12070,0,32370,18242,6166
beaufort,2017-01,25,26975,26975,0,0,26975,0,0
beaufort,2017-02,28,30212,30212,307,0,30212,307,0
beaufort,2020-08,2,2158,1014,130,0,2158,1084,622
beaufort,2020-12,3,3237,3237,0,0,3237,0,0
beaufort,2024-04,5,5395,5395,31,0,5395,31,0
chukchi,1987-12,26,31486,30290,0,0,31486,0,0
chukchi,1988-01,10,12110,11650,0,0,12110,0,0
chukchi,2016-01,3,3633,3624,0,0,3633,0,0
chukchi,2016-04,13,15743,15704,61,0,15743,61,0
chukchi,2016-05,31,37541,36161,5420,0,37541,6735,1287
chukchi,2016-06,30,36330,27999,9576,0,36330,17907,8086
chukchi,2017-01,25,30275,30200,71,0,30275,71,0
chukchi,2017-02,28,33908,33824,0,0,33908,0,0
chukchi,2020-08,2,2422,366,70,0,2422,2000,1693
chukchi,2020-12,3,3633,3620,0,0,3633,0,0
chukchi,2024-04,5,6055,6040,200,0,6055,200,0
ebs,1987-12,26,81900,25762,4282,0,81900,58389,42364
ebs,1988-01,10,31500,10671,1140,0,31500,21192,15644
ebs,2016-01,3,9450,3659,651,0,9450,6341,5167
ebs,2016-04,13,40950,19809,4676,0,40950,25717,20188
ebs,2016-05,31,97650,30380,18983,0,97650,86206,67003
ebs,2016-06,30,94500,1653,1636,0,94500,94483,92846
ebs,2017-01,25,78750,25363,9558,0,78750,61799,43895
ebs,2017-02,28,88200,42159,7909,0,88200,52614,37371
ebs,2020-08,2,6300,0,0,0,6300,6300,6300
ebs,2020-12,3,9450,1928,362,0,9450,7507,5619
ebs,2024-04,5,15750,8101,339,0,15750,7336,5528
egoa,1987-12,26,33540,0,0,0,33540,33540,33540
egoa,1988-01,10,12900,0,0,0,12900,12900,12900
egoa,2016-01,3,3870,0,0,0,3870,3870,3870
egoa,2016-04,13,16770,0,0,0,16770,16770,16770
egoa,2016-05,31,39990,0,0,0,39990,39990,39990
egoa,2016-06,30,38700,0,0,0,38700,38700,38700
egoa,2017-01,25,32250,0,0,0,32250,32250,32250
egoa,2017-02,28,36120,0,0,0,36120,36120,36120
egoa,2020-08,2,2580,0,0,0,2580,2580,2580
egoa,2020-12,3,3870,0,0,0,3870,3870,3870
goa,1987-12,26,114062,1315,889,0,114062,113441,110763
goa,1988-01,10,43870,412,335,0,43870,43761,42452
goa,2016-01,3,13161,184,92,0,13161,13049,12864
goa,2016-04,13,57031,76,28,0,57031,56980,56914
goa,2016-05,31,135997,0,0,0,135997,135997,135997
goa,2016-06,30,131610,0,0,0,131610,131610,131610
goa,2017-01,25,109675,2467,805,0,109675,107410,105340
goa,2017-02,28,122836,4456,1085,0,122836,118854,115976
goa,2020-08,2,8774,0,0,0,8774,8774,8774
goa,2020-12,3,13161,128,5,0,13161,13025,12930
goa,2024-04,5,21935,728,214,0,21935,21332,20744
nbs,1987-12,26,34268,23732,2993,0,34268,11686,1935
nbs,1988-01,10,13180,9924,521,0,13180,3038,762
nbs,2016-01,3,3954,3378,484,0,3954,962,136
nbs,2016-04,13,17134,16226,2683,0,17134,3523,768
nbs,2016-05,31,40858,28406,17078,0,40858,29492,12321
nbs,2016-06,30,39540,1653,1636,0,39540,39523,37886
nbs,2017-01,25,32950,21019,8227,0,32950,19423,6258
nbs,2017-02,28,36904,31661,4990,0,36904,9483,2020
nbs,2020-08,2,2636,0,0,0,2636,2636,2636
nbs,2020-12,3,3954,1611,313,0,3954,2333,733
nbs,2024-04,5,6590,6295,60,0,6590,228,45
sebs,1987-12,26,52208,2713,1530,0,52208,50629,41921
sebs,1988-01,10,20080,1167,734,0,20080,19513,15427
sebs,2016-01,3,6024,528,300,0,6024,5785,5149
sebs,2016-04,13,26104,5733,2575,0,26104,22914,19558
sebs,2016-05,31,62248,4932,4078,0,62248,61385,57176
sebs,2016-06,30,60240,0,0,0,60240,60240,60240
sebs,2017-01,25,50200,5971,1733,0,50200,45541,39881
sebs,2017-02,28,56224,13617,3659,0,56224,45665,36699
sebs,2020-08,2,4016,0,0,0,4016,4016,4016
sebs,2020-12,3,6024,439,78,0,6024,5609,5154
sebs,2024-04,5,10040,2466,296,0,10040,7293,5528
wgoa,1987-12,26,59566,1315,889,0,59566,58945,56267
wgoa,1988-01,10,22910,412,335,0,22910,22801,21492
wgoa,2016-01,3,6873,184,92,0,6873,6761,6576
wgoa,2016-04,13,29783,76,28,0,29783,29732,29666
wgoa,2016-05,31,71021,0,0,0,71021,71021,71021
wgoa,2016-06,30,68730,0,0,0,68730,68730,68730
wgoa,2017-01,25,57275,2467,805,0,57275,55010,52940
wgoa,2017-02,28,64148,4456,1085,0,64148,60166,57288
wgoa,2020-08,2,4582,0,0,0,4582,4582,4582
wgoa,2020-12,3,6873,128,5,0,6873,6737,6642
wgoa,2024-04,5,11455,728,214,0,11455,10852,10264
