ncei_date,n80,nh,sh
1987-12-06,0,0,0
1987-12-07,0,0,0
1987-12-08,0,0,0
1987-12-09,0,0,0
1987-12-10,0,0,0
1987-12-11,0,0,0
1987-12-12,0,0,0
1987-12-13,0,0,0
1987-12-14,0,0,0
1987-12-15,0,0,0
1987-12-16,0,0,0
1987-12-17,0,0,0
1987-12-18,0,0,0
1987-12-19,0,0,0
1987-12-20,0,0,0
1987-12-21,0,0,0
1987-12-22,0,0,0
1987-12-23,0,0,0
1987-12-24,0,0,0
1987-12-25,0,0,0
1987-12-26,0,0,0
1987-12-27,0,0,0
1987-12-28,0,0,0
1987-12-29,0,0,0
1987-12-30,0,0,0
1987-12-31,0,0,0
1988-01-01,0,0,0
1988-01-02,0,0,0
1988-01-03,0,0,0
1988-01-04,0,0,0
1988-01-05,0,0,0
1988-01-06,0,0,0
1988-01-07,0,0,0
1988-01-08,0,0,0
1988-01-09,0,0,0
1988-01-10,0,0,0
2007-08-05,52936,67759,60927
2007-08-06,52864,66908,60943
2007-08-07,52784,66305,60919
2007-08-08,52776,65869,60875
2007-08-09,52750,65548,61119
2007-08-10,52684,65191,61155
2007-08-11,52606,64533,61139
2007-08-12,52470,63880,61163
2007-08-13,52285,63434,61148
2007-08-14,52267,63254,61110
2007-08-15,52355,63082,61082
2007-08-16,52261,62850,61030
2007-08-17,52175,62855,61066
2007-08-18,52141,62876,61102
2007-08-19,52078,62863,61162
2007-08-20,51942,62686,61162
2007-08-21,51818,62365,61334
2007-08-22,51704,62101,61478
2007-08-23,51615,61954,61642
2007-08-24,51493,61691,61978
2007-08-25,51371,61679,62382
2007-08-26,51210,61481,62566
2007-08-27,51098,61507,62787
2007-08-28,50901,61181,63051
2007-08-29,50625,60935,63227
2007-08-30,50457,60840,63423
2007-08-31,50231,60759,63599
2007-09-01,50051,60545,63631
2007-09-02,49899,60392,63790
2007-09-03,49796,60304,63898
2007-09-04,49532,59829,64026
2007-09-05,49388,59598,64122
2007-09-06,49306,59332,64244
2007-09-07,49235,59145,64312
2007-09-08,49194,58952,64407
2007-09-09,49095,58779,64394
2007-09-10,48973,58651,64226
2007-09-11,48817,58550,64186
2007-09-12,48735,58455,64258
2007-09-13,48575,58323,64342
2007-09-14,48535,58364,64210
2007-09-15,48464,58364,64151
2007-09-16,48434,58520,64139
2007-09-17,48427,58681,64175
2007-09-18,48385,58727,64204
2007-09-19,48277,58639,64157
2007-09-20,48240,58680,64289
2007-09-21,48172,58588,64277
2007-09-22,48073,58544,64407
2007-09-23,47931,58342,64547
2007-09-24,47814,58302,64399
2007-09-25,48020,58587,64391
2007-09-26,48046,58769,64306
2007-09-27,48160,58972,64438
2007-09-28,48486,59509,64510
2007-09-29,48831,60176,64526
2007-09-30,49240,60853,64514
2007-10-01,49492,61429,64418
2007-10-02,49574,61929,64340
2007-10-03,49756,62538,64216
2008-08-26,53574,69697,62440
2008-08-27,53565,68971,62388
2008-08-28,53597,68561,62518
2008-08-29,53632,68273,62573
2008-08-30,53688,67848,62557
2009-09-01,54063,73082,67522
2009-09-02,54035,72615,67666
2009-09-03,54019,72194,67682
2009-09-04,53995,71842,67790
2009-09-05,53981,71632,67934
2009-09-06,53947,71234,67971
2009-09-07,53883,70345,67983
2009-09-08,53873,70375,68083
2009-09-09,53863,70417,68141
2009-09-10,53837,70266,68121
2009-09-11,53821,70112,68129
2009-09-12,53771,69807,68117
2009-09-13,53761,69522,68141
2009-09-14,53763,69283,68245
2009-09-15,53769,69202,68345
2009-09-16,53801,69131,69025
2009-09-17,53856,69108,69045
2009-09-18,53892,69233,69101
2009-09-19,53894,69224,69065
2009-09-20,53908,69158,69093
2009-09-21,53874,69065,69236
2009-09-22,53844,69185,69428
2009-09-23,53830,69334,69444
2009-09-24,53805,69459,69547
2009-09-25,53723,69554,69491
2009-09-26,53711,69767,69487
2009-09-27,53694,69945,69431
2009-09-28,53676,70041,69523
2009-09-29,53634,70071,69455
2009-09-30,53554,70369,69443
2009-10-01,53488,70526,69399
2009-10-02,53476,70705,69359
2009-10-03,53434,70977,69319
2009-10-04,53400,71137,68715
2010-09-06,53445,69340,67725
2010-09-07,53478,69097,67860
2010-09-08,53529,68973,67920
2010-09-09,53559,68714,68020
2010-09-10,53558,68507,68044
2010-09-11,53552,68253,68060
2010-09-12,53568,67999,68060
2010-09-13,53583,67775,68104
2010-09-14,53594,67569,68128
2010-09-15,53588,67521,68220
2010-09-16,53599,67453,68236
2010-09-17,53598,67364,68304
2010-09-18,53583,67342,68408
2010-09-19,53586,67426,68402
2010-09-20,53570,67234,68486
2010-09-21,53538,67180,68634
2010-09-22,53516,66985,68722
2010-09-23,53499,66692,68794
2010-09-24,53471,66421,68918
2010-09-25,53467,66512,68978
2010-09-26,53465,66477,69066
2010-09-27,53455,66632,69090
2010-09-28,53477,66874,69144
2011-09-03,52340,66730,66095
2011-09-04,52311,66265,66231
2011-09-05,52263,65899,66395
2011-09-06,52224,65625,66591
2011-09-07,52155,65177,66859
2011-09-08,52055,64902,66995
2011-09-09,52007,64646,67119
2011-09-10,51969,64478,67159
2011-09-11,51935,64273,67107
2011-09-12,51926,64057,67031
2011-09-13,51864,63933,67023
2011-09-14,51734,63802,66991
2011-09-15,51691,63777,67031
2011-09-16,51662,63743,67047
2011-09-17,51512,63570,67059
2011-09-18,51511,63605,67071
2011-09-19,51461,63516,67051
2011-09-20,51443,63525,67115
2011-09-21,51401,63461,67171
2011-09-22,51367,63477,67227
2011-09-23,51367,63503,67335
2011-09-24,51345,63556,67359
2011-09-25,51309,63551,67319
2011-09-26,51347,63639,67367
2011-09-27,51379,63650,67351
2011-09-28,51367,63681,67411
2011-09-29,51422,63808,67455
2011-09-30,51412,64011,67519
2011-10-01,51454,64250,67531
2012-08-26,52585,67540,66543
2012-08-27,52415,66834,66471
2012-08-28,52204,65848,66477
2012-08-29,51997,64660,66473
2012-08-30,51735,64018,66509
2012-08-31,51593,63391,66777
2012-09-01,51489,63066,66849
2012-09-02,51492,62809,66901
2012-09-03,51327,62072,66897
2012-09-04,51124,61343,66989
2012-09-05,51012,60873,67045
2012-09-06,50850,60203,67213
2012-09-07,50705,59155,67333
2012-09-08,50505,58613,67625
2012-09-09,50348,58096,67857
2012-09-14,49242,55520,68237
2012-09-15,49163,55394,68313
2012-09-16,49142,55251,68397
2012-09-17,49128,55354,68529
2012-09-18,49075,55638,68661
2012-09-19,49131,55838,68793
2012-09-20,49249,56134,68833
2012-09-21,49352,56514,68877
2012-09-22,49753,57250,68969
2012-09-23,49901,57606,69093
2012-09-24,49959,57926,69165
2012-09-25,49979,58102,69269
2012-09-26,49977,58327,69409
2012-09-27,50004,58559,69497
2012-09-28,50068,58758,69619
2012-09-29,50123,59019,69751
2012-09-30,50171,59133,69799
2012-10-01,50183,59270,69863
2012-10-02,50289,59335,69867
2012-10-03,50381,59460,69835
2012-10-04,50492,59596,69875
2012-10-05,50595,59901,69875
2012-10-06,50708,60226,69819
2012-10-07,50786,60823,69839
2012-10-08,50855,61383,69905
2012-10-09,50996,61971,69933
2012-10-10,51328,62694,69945
2012-10-11,51537,63285,69901
2012-10-12,51564,63790,69925
2012-10-13,51648,64442,69801
2012-10-14,51688,65239,69653
2012-10-15,51705,66021,69445
2012-10-16,51883,67252,69293
2012-10-17,51987,68480,69021
2012-10-18,52071,69999,69041
2014-09-18,51191,67210,70566
2014-09-19,51139,67116,70722
2014-09-20,51086,67002,70898
2014-09-21,51060,66960,71002
2014-09-22,50968,66971,71154
2014-09-23,50951,67081,71324
2014-09-24,50968,67296,71560
2016-01-07,0,0,0
2016-01-08,0,0,0
2016-01-09,0,0,0
2016-04-18,0,0,0
2016-04-19,0,0,0
2016-04-20,0,0,0
2016-04-21,0,0,0
2016-04-22,0,0,0
2016-04-23,0,0,0
2016-04-24,0,0,0
2016-04-25,0,0,0
2016-04-26,0,0,0
2016-04-27,0,0,0
2016-04-28,0,0,0
2016-04-29,0,0,0
2016-04-30,0,0,0
2016-05-01,0,0,0
2016-05-02,0,0,0
2016-05-03,0,0,0
2016-05-04,0,0,0
2016-05-05,0,0,0
2016-05-06,0,0,0
2016-05-07,0,0,0
2016-05-08,0,0,0
2016-05-09,0,0,0
2016-05-10,0,0,0
2016-05-11,0,0,0
2016-05-12,0,0,0
2016-05-13,0,0,0
2016-05-14,0,0,0
2016-05-15,0,0,0
2016-05-16,0,0,0
2016-05-17,0,0,0
2016-05-18,0,0,0
2016-05-19,0,0,0
2016-05-20,0,0,0
2016-05-21,0,0,0
2016-05-22,0,0,0
2016-05-23,0,0,0
2016-05-24,0,0,0
2016-05-25,0,0,0
2016-05-26,0,0,0
2016-05-27,0,0,0
2016-05-28,0,0,0
2016-05-29,0,0,0
2016-05-30,0,0,0
2016-05-31,0,0,0
2016-06-01,0,0,0
2016-06-02,0,0,0
2016-06-03,0,0,0
2016-06-04,0,0,0
2016-06-05,0,0,0
2016-06-06,0,0,0
2016-06-07,0,0,0
2016-06-08,0,0,0
2016-06-09,0,0,0
2016-06-10,0,0,0
2016-06-11,0,0,0
2016-06-12,0,0,0
2016-06-13,0,0,0
2016-06-14,0,0,0
2016-06-15,0,0,0
2016-06-16,0,0,0
2016-06-17,0,0,0
2016-06-18,0,0,0
2016-06-19,0,0,0
2016-06-20,0,0,0
2016-06-21,0,0,0
2016-06-22,0,0,0
2016-06-23,0,0,0
2016-06-24,0,0,0
2016-06-25,0,0,0
2016-06-26,0,0,0
2016-06-27,0,0,0
2016-06-28,0,0,0
2016-06-29,0,0,0
2016-06-30,0,0,0
2017-01-07,0,0,0
2017-01-08,0,0,0
2017-01-09,0,0,0
2017-01-10,0,0,0
2017-01-11,0,0,0
2017-01-12,0,0,0
2017-01-13,0,0,0
2017-01-14,0,0,0
2017-01-15,0,0,0
2017-01-16,0,0,0
2017-01-17,0,0,0
2017-01-18,0,0,0
2017-01-19,0,0,0
2017-01-20,0,0,0
2017-01-21,0,0,0
2017-01-22,0,0,0
2017-01-23,0,0,0
2017-01-24,0,0,0
2017-01-25,0,0,0
2017-01-26,0,0,0
2017-01-27,0,0,0
2017-01-28,0,0,0
2017-01-29,0,0,0
2017-01-30,0,0,0
2017-01-31,0,0,0
2017-02-01,0,0,0
2017-02-02,0,0,0
2017-02-03,0,0,0
2017-02-04,0,0,0
2017-02-05,0,0,0
2017-02-06,0,0,0
2017-02-07,0,0,0
2017-02-08,0,0,0
2017-02-09,0,0,0
2017-02-10,0,0,0
2017-02-11,0,0,0
2017-02-12,0,0,0
2017-02-13,0,0,0
2017-02-14,0,0,0
2017-02-15,0,0,0
2017-02-16,0,0,0
2017-02-17,0,0,0
2017-02-18,0,0,0
2017-02-19,0,0,0
2017-02-20,0,0,0
2017-02-21,0,0,0
2017-02-22,0,0,0
2017-02-23,0,0,0
2017-02-24,0,0,0
2017-02-25,0,0,0
2017-02-26,0,0,0
2017-02-27,0,0,0
2017-02-28,0,0,0
2017-08-09,53877,70856,60695
2017-08-10,53891,70402,61095
2017-08-11,53885,70035,61391
2017-08-12,53875,69832,61551
2017-08-13,53835,69473,61655
2017-08-14,53817,69175,61811
2017-08-15,53767,68763,61979
2017-08-16,53743,68456,62095
2017-08-17,53716,68133,62163
2017-08-18,53706,67809,62319
2017-08-19,53764,67568,62595
2017-08-20,53806,67202,62679
2017-08-21,53792,66886,62803
2017-08-22,53761,66502,62987
2017-08-23,53681,66014,63099
2017-08-24,53613,65680,63151
2017-08-25,53571,65446,63279
2017-08-26,53555,65416,63443
2017-08-27,53532,65278,63687
2017-08-28,53526,65110,63847
2017-08-29,53477,64879,63951
2017-08-30,53431,64691,63967
2017-08-31,53380,64497,64051
2017-09-01,53241,64112,64275
2017-09-02,53129,63860,64367
2017-09-03,53070,63714,64459
2017-09-04,53084,63569,64559
2017-09-05,53018,63375,64663
2017-09-06,52978,63251,64719
2017-09-07,52970,63253,64927
2017-09-08,53000,63290,65111
2017-09-09,52932,63115,65211
2017-09-10,52862,62911,65299
2017-09-11,52850,62832,65291
2017-09-12,52794,62750,65291
2017-09-13,52504,62493,65367
2017-09-14,52147,62205,65335
2017-09-15,51984,62061,65339
2017-09-16,51940,62155,65455
2017-09-17,51888,62120,65479
2017-09-18,51834,62307,65323
2017-09-19,51822,62312,65251
2017-09-20,51856,62462,65211
2017-09-21,51900,62499,65295
2017-09-22,52050,62683,65379
2017-09-23,52364,63179,65279
2017-09-24,52527,63381,65355
2017-09-25,52793,63612,65359
2017-09-26,52877,63682,65339
2017-09-27,52918,63758,65327
2017-09-28,52916,63955,65343
2017-09-29,52908,64369,65395
2017-09-30,52947,64823,65671
2017-10-01,52957,65333,65771
2017-10-02,52969,65712,66083
2017-10-03,52977,66068,66147
2017-10-04,52982,66465,66151
2017-10-09,53036,67788,66515
2017-10-10,53130,68233,66559
2017-10-11,53175,68663,66435
2017-10-12,53279,69333,66391
2017-10-13,53384,69918,66399
2017-10-14,53402,70545,66427
2017-10-15,53402,71165,66373
2017-10-16,53402,71867,66246
2017-10-17,53382,72312,66206
2017-10-18,53276,72803,66238
2018-09-17,50983,64242,66266
2018-09-18,50953,64223,66198
2018-09-19,50897,64140,66281
2018-09-20,50881,64126,66501
2018-09-21,50887,64226,66649
2018-09-22,50861,64204,66737
2018-09-23,50835,64166,66773
2018-09-24,50805,63847,66749
2018-09-25,50769,63700,66679
2018-09-26,50787,63758,66343
2018-09-27,50810,63871,66315
2018-09-28,50834,63832,66352
2018-09-29,50884,64109,66377
2018-09-30,50729,64230,66229
2018-10-01,50437,64212,66309
2018-10-02,50281,64163,66265
2018-10-03,50281,64161,66233
2018-10-04,50367,64331,66345
2018-10-05,50305,64395,66397
2019-08-11,53769,70183,62589
2019-08-12,53789,69532,62709
2019-08-13,53787,68994,62925
2019-08-14,53781,68615,63025
2019-08-15,53709,68031,63161
2019-08-16,53729,68147,63293
2019-08-17,53665,67717,63181
2019-08-18,53701,68059,63396
2019-08-19,53651,67722,63408
2019-08-20,53627,67481,64196
2019-08-21,53262,65732,64340
2019-08-22,53177,65343,64472
2019-08-23,53128,65068,64297
2019-08-24,53156,65232,64553
2019-08-25,53063,64885,64381
2019-08-26,52974,64704,64493
2019-08-27,52887,64540,64577
2019-08-28,52764,64166,64681
2019-08-29,52752,63847,64737
2019-08-30,52710,63540,64825
2019-08-31,52678,63337,64885
2019-09-01,52637,63160,65045
2019-09-02,52663,63086,65165
2019-09-03,52607,63053,65281
2019-09-04,52561,62950,65377
2019-09-05,52547,62732,65629
2019-09-06,52466,62356,65929
2019-09-07,52408,62115,66173
2019-09-08,52372,61912,66097
2019-09-09,52313,61704,66225
2019-09-10,52329,61687,66213
2019-09-11,52357,61707,66221
2019-09-12,52405,61667,66213
2019-09-13,52458,61733,66230
2019-09-14,52414,61681,66301
2019-09-15,52363,61520,66369
2019-09-16,52351,61477,66533
2019-09-17,52265,61434,66746
2019-09-18,52238,61398,66828
2019-09-19,52150,61321,66866
2019-09-20,52091,61398,66940
2019-09-21,52099,61488,66952
2019-09-22,51791,61299,66936
2019-09-23,51725,61440,66968
2019-09-24,51737,61494,66907
2019-09-25,51705,61613,66993
2019-09-26,51703,61734,67081
2019-09-27,51691,61912,67113
2019-09-28,51683,61989,67097
2019-09-29,51717,62218,67058
2019-09-30,51671,62478,67046
2019-10-01,51685,62657,67122
2019-10-02,51752,62952,67186
2019-10-03,51890,63165,67218
2019-10-04,51964,63327,67278
2019-10-05,52090,63638,67266
2019-10-06,52168,63878,67185
2019-10-07,52247,64240,67181
2019-10-08,52261,64354,67165
2019-10-09,52257,64473,67120
2019-10-10,52239,64663,67080
2019-10-11,52263,65057,67104
2019-10-12,52286,65233,67012
2019-10-13,52248,65461,66988
2019-10-14,52266,65712,66936
2019-10-15,52348,66126,66988
2019-10-16,52478,66456,67080
2019-10-17,52644,66793,67112
2019-10-18,52901,67349,67076
2019-10-19,52973,67713,67052
2019-10-20,53031,68200,66916
2019-10-21,53164,68853,66764
2019-10-22,53234,69618,66676
2019-10-23,53294,70348,66520
2019-10-24,53322,71140,66480
2019-10-25,53377,71963,66504
2020-08-30,0,0,0
2020-08-31,0,0,0
2020-09-10,47823,57925,67412
2020-09-11,47581,57672,67488
2020-09-12,47428,57591,70308
2020-09-13,47318,57340,70360
2020-09-14,47148,57037,70384
2020-09-15,46894,56782,70424
2020-09-16,46740,56606,70552
2020-09-17,46509,56269,70744
2020-09-18,46444,56220,70912
2020-09-19,46358,56123,70976
2020-09-20,46280,56153,71084
2020-09-21,46282,56435,71008
2020-09-22,46184,56486,71096
2020-09-23,46223,56780,71212
2020-09-24,46292,56992,71236
2020-09-25,46295,57123,71312
2020-09-26,46316,57409,71368
2020-12-17,0,0,0
2020-12-18,0,0,0
2020-12-19,0,0,0
2022-08-27,52472,68217,63687
2022-08-28,52477,67810,63877
2022-08-29,52541,67303,64011
2022-08-30,52603,66950,63951
2022-09-11,52626,65157,64739
2022-09-12,52686,65010,64667
2022-09-13,52710,64792,64839
2022-09-14,52759,64662,64987
2022-09-15,52727,64456,65075
2022-09-16,52713,64188,65247
2022-09-17,52680,63971,65379
2022-09-18,52649,63839,65519
2022-09-19,52623,63742,65535
2022-09-20,52578,63757,65549
2022-09-21,52580,63683,65621
2022-09-22,52634,63761,65673
2022-09-23,52626,63910,65549
2022-09-24,52651,64259,65513
2022-09-25,52693,64489,65437
2022-09-26,52672,64644,65241
2022-09-27,52662,64962,65169
2022-09-28,52433,65146,65229
2022-09-29,52346,65397,65249
2023-09-13,52398,62823,64697
2023-09-14,52326,62670,64557
2023-09-15,52276,62456,64479
2023-09-17,52010,61772,64443
2023-09-20,52011,61602,64381
2023-09-21,52083,61964,64193
2023-09-22,52117,62363,64153
2023-09-23,52161,62515,63985
2023-09-24,52243,62657,64017
2023-09-25,52400,62824,64321
2023-09-26,52452,62961,64725
2023-09-27,52602,63164,64901
2023-09-28,52741,63520,65089
2023-09-29,52915,63717,65177
2023-09-30,52975,63783,65213
2023-10-01,52901,63826,65281
2023-10-02,53031,64257,65197
2023-10-03,53107,64447,65297
2023-10-04,53114,64497,65258
2023-10-05,53274,66860,67586
2023-10-06,53382,67489,67432
2023-10-07,53364,67816,67290
2023-10-08,53367,68244,67142
2023-10-09,53394,68289,66895
2024-04-22,54259,102494,31302
2024-04-23,54259,102387,31558
2024-04-24,54259,102165,31902
2024-04-25,54259,102007,32200
2024-04-26,54247,101750,32548
2024-08-26,51181,64720,63787
2024-08-27,51072,64368,63737
2024-08-28,50961,63803,63837
2024-08-29,50824,63355,63905
2024-08-30,50744,62963,63897
2024-08-31,50628,62478,64013
2024-09-01,50487,62246,64063
2024-09-02,50441,62208,64035
2024-09-03,50390,61911,64067
2024-09-04,50354,61842,64005
2024-09-05,50309,61919,63941
2024-09-06,50370,61956,63841
2024-09-07,50365,61792,63781
2024-09-08,50422,61811,63761
2024-09-09,50472,61811,63681
2024-09-10,50521,61696,63733
2024-09-11,50712,61852,63773
2024-09-12,50814,61989,63913
2024-09-13,50917,62192,64041
2024-09-14,51101,62775,64189
2024-09-15,51180,63138,64405
2024-09-16,51248,63375,64697
2024-09-17,51253,63639,65113
2024-09-18,51295,64162,65413
2024-09-19,51308,64483,65625
2024-09-20,51309,64224,65881
2024-09-21,51351,64186,66137
2024-09-22,51328,64187,66273
2024-09-23,51378,64192,66349
2024-09-24,51383,64029,66481
2024-09-25,51404,63997,66477
2024-09-26,51388,63826,66617
2024-09-27,51395,63504,66629
2024-09-28,51405,63500,66605
2024-09-29,51379,63505,66505
2024-09-30,51358,63389,66397
2024-10-01,51334,63422,66333
2024-10-02,51317,63545,66309
2024-10-03,51349,63572,66373
2024-10-04,51431,63606,66567
2024-10-05,51547,63947,66633
2024-10-06,51679,64180,66633
2024-10-07,51809,64526,66629
2024-10-08,51912,64994,66485
2024-10-09,52007,65362,66353
2025-09-01,49584,59822,62425
2025-09-02,49536,59587,62911
2025-09-03,49425,59405,63186
2025-09-04,49353,59173,63567
2025-09-05,49334,59128,63914
2025-09-06,49336,59100,64354
2025-09-07,49366,59107,64674
2025-09-08,49372,59047,64278
2025-09-09,49393,58913,64341
2025-09-10,49384,58828,63953
2025-09-11,49428,58827,63717
2025-09-12,49432,58794,63253
2025-09-13,49456,58798,63488
2025-09-14,49600,58910,63252
2025-09-15,49672,58959,63355
2025-09-16,49926,59130,62722
2025-09-17,50122,59245,65006
2025-09-18,50237,59190,65022
2025-09-19,50422,59304,64793
2025-09-20,50589,59410,64948
2025-09-21,50689,59328,64945
2025-09-22,50760,59427,64889
2025-09-23,50851,59759,62701
2025-09-24,50853,59987,62585
2025-09-25,50814,60092,62673
2025-09-26,50738,60080,62632
2025-09-27,50646,59940,62544
2025-09-28,50498,59735,62520
2025-09-29,50446,59601,62488
2025-09-30,50359,59479,62352
2025-10-01,50317,59417,62432
2025-10-02,50251,59327,62384
2025-10-03,50048,58989,61471
2025-10-04,46514,55196,58641
2025-10-05,46636,55527,59045
2025-10-06,46627,55535,59115
2025-10-07,46625,55584,59339
2025-10-08,46557,55557,60112
2025-10-09,46455,55526,61918
2025-10-10,46017,55130,61172
2025-10-11,45161,54660,61007
2025-10-12,45047,54745,61121
2026-08-27,50030,61496,57541
2026-08-28,50056,61192,57943
2026-08-29,50124,60946,58268
2026-08-30,50193,60701,58386
2026-08-31,50241,60588,58578
