zone,window,rule,ice_caught,open_wrongly_masked,n_ice_cells,n_open_cells
beaufort,early-winter Dec06-Jan10,A_bracket,1.0000,0.1529,385550,2890
beaufort,early-winter Dec06-Jan10,B_bracket_and_sst<=-0.5,1.0000,0.1529,385550,2890
beaufort,early-winter Dec06-Jan10,B_bracket_and_sst<=0,1.0000,0.1529,385550,2890
beaufort,early-winter Dec06-Jan10,C_linear_interp,1.0000,0.1156,385550,2890
beaufort,early-winter Dec06-Jan10,D_interp_or_(bracket&sst<=-1.0),1.0000,0.1529,385550,2890
beaufort,early-winter Dec06-Jan10,F_interp&sst<=2,1.0000,0.1156,385550,2890
beaufort,early-winter Dec06-Jan10,G_interp&sst<=1,1.0000,0.1156,385550,2890
beaufort,early-winter Dec06-Jan10,H_interp&sst<=0.5,1.0000,0.1156,385550,2890
beaufort,melt Apr18-Jun30,A_bracket,1.0000,0.4511,787001,11459
beaufort,melt Apr18-Jun30,B_bracket_and_sst<=-0.5,0.9504,0.0018,787001,11459
beaufort,melt Apr18-Jun30,B_bracket_and_sst<=0,0.9783,0.0109,787001,11459
beaufort,melt Apr18-Jun30,C_linear_interp,0.9982,0.1155,787001,11459
beaufort,melt Apr18-Jun30,D_interp_or_(bracket&sst<=-1.0),0.9982,0.1155,787001,11459
beaufort,melt Apr18-Jun30,F_interp&sst<=2,0.9979,0.0601,787001,11459
beaufort,melt Apr18-Jun30,G_interp&sst<=1,0.9954,0.0254,787001,11459
beaufort,melt Apr18-Jun30,H_interp&sst<=0.5,0.9913,0.0138,787001,11459
beaufort,winter Jan07-Feb28,A_bracket,1.0000,0.0000,567365,4505
beaufort,winter Jan07-Feb28,B_bracket_and_sst<=-0.5,1.0000,0.0000,567365,4505
beaufort,winter Jan07-Feb28,B_bracket_and_sst<=0,1.0000,0.0000,567365,4505
beaufort,winter Jan07-Feb28,C_linear_interp,1.0000,0.0000,567365,4505
beaufort,winter Jan07-Feb28,D_interp_or_(bracket&sst<=-1.0),1.0000,0.0000,567365,4505
beaufort,winter Jan07-Feb28,F_interp&sst<=2,1.0000,0.0000,567365,4505
beaufort,winter Jan07-Feb28,G_interp&sst<=1,1.0000,0.0000,567365,4505
beaufort,winter Jan07-Feb28,H_interp&sst<=0.5,1.0000,0.0000,567365,4505
chukchi,early-winter Dec06-Jan10,A_bracket,1.0000,0.4278,423125,12835
chukchi,early-winter Dec06-Jan10,B_bracket_and_sst<=-0.5,0.9974,0.2654,423125,12835
chukchi,early-winter Dec06-Jan10,B_bracket_and_sst<=0,0.9995,0.3825,423125,12835
chukchi,early-winter Dec06-Jan10,C_linear_interp,0.9985,0.2141,423125,12835
chukchi,early-winter Dec06-Jan10,D_interp_or_(bracket&sst<=-1.0),0.9990,0.2602,423125,12835
chukchi,early-winter Dec06-Jan10,F_interp&sst<=2,0.9985,0.2141,423125,12835
chukchi,early-winter Dec06-Jan10,G_interp&sst<=1,0.9985,0.2141,423125,12835
chukchi,early-winter Dec06-Jan10,H_interp&sst<=0.5,0.9985,0.2134,423125,12835
chukchi,melt Apr18-Jun30,A_bracket,1.0000,0.7697,817426,78714
chukchi,melt Apr18-Jun30,B_bracket_and_sst<=-0.5,0.8736,0.0278,817426,78714
chukchi,melt Apr18-Jun30,B_bracket_and_sst<=0,0.9126,0.0522,817426,78714
chukchi,melt Apr18-Jun30,C_linear_interp,0.9902,0.4118,817426,78714
chukchi,melt Apr18-Jun30,D_interp_or_(bracket&sst<=-1.0),0.9904,0.4119,817426,78714
chukchi,melt Apr18-Jun30,F_interp&sst<=2,0.9834,0.2419,817426,78714
chukchi,melt Apr18-Jun30,G_interp&sst<=1,0.9608,0.1291,817426,78714
chukchi,melt Apr18-Jun30,H_interp&sst<=0.5,0.9373,0.0823,817426,78714
chukchi,winter Jan07-Feb28,A_bracket,0.9998,0.0000,628830,13000
chukchi,winter Jan07-Feb28,B_bracket_and_sst<=-0.5,0.9998,0.0000,628830,13000
chukchi,winter Jan07-Feb28,B_bracket_and_sst<=0,0.9998,0.0000,628830,13000
chukchi,winter Jan07-Feb28,C_linear_interp,0.9998,0.0000,628830,13000
chukchi,winter Jan07-Feb28,D_interp_or_(bracket&sst<=-1.0),0.9998,0.0000,628830,13000
chukchi,winter Jan07-Feb28,F_interp&sst<=2,0.9998,0.0000,628830,13000
chukchi,winter Jan07-Feb28,G_interp&sst<=1,0.9998,0.0000,628830,13000
chukchi,winter Jan07-Feb28,H_interp&sst<=0.5,0.9998,0.0000,628830,13000
nbs,early-winter Dec06-Jan10,A_bracket,0.9777,0.5731,266077,208403
nbs,early-winter Dec06-Jan10,B_bracket_and_sst<=-0.5,0.5571,0.0972,266077,208403
nbs,early-winter Dec06-Jan10,B_bracket_and_sst<=0,0.7854,0.2120,266077,208403
nbs,early-winter Dec06-Jan10,C_linear_interp,0.9477,0.3323,266077,208403
nbs,early-winter Dec06-Jan10,D_interp_or_(bracket&sst<=-1.0),0.9491,0.3356,266077,208403
nbs,early-winter Dec06-Jan10,F_interp&sst<=2,0.9477,0.3276,266077,208403
nbs,early-winter Dec06-Jan10,G_interp&sst<=1,0.9450,0.2906,266077,208403
nbs,early-winter Dec06-Jan10,H_interp&sst<=0.5,0.9198,0.2370,266077,208403
nbs,melt Apr18-Jun30,A_bracket,0.9895,0.7736,415786,559534
nbs,melt Apr18-Jun30,B_bracket_and_sst<=-0.5,0.4717,0.0313,415786,559534
nbs,melt Apr18-Jun30,B_bracket_and_sst<=0,0.6499,0.0747,415786,559534
nbs,melt Apr18-Jun30,C_linear_interp,0.9743,0.4462,415786,559534
nbs,melt Apr18-Jun30,D_interp_or_(bracket&sst<=-1.0),0.9746,0.4464,415786,559534
nbs,melt Apr18-Jun30,F_interp&sst<=2,0.9287,0.2479,415786,559534
nbs,melt Apr18-Jun30,G_interp&sst<=1,0.8799,0.1640,415786,559534
nbs,melt Apr18-Jun30,H_interp&sst<=0.5,0.8159,0.1179,415786,559534
nbs,winter Jan07-Feb28,A_bracket,0.9835,0.3607,593313,105227
nbs,winter Jan07-Feb28,B_bracket_and_sst<=-0.5,0.8153,0.0447,593313,105227
nbs,winter Jan07-Feb28,B_bracket_and_sst<=0,0.9237,0.0943,593313,105227
nbs,winter Jan07-Feb28,C_linear_interp,0.9694,0.1736,593313,105227
nbs,winter Jan07-Feb28,D_interp_or_(bracket&sst<=-1.0),0.9744,0.1825,593313,105227
nbs,winter Jan07-Feb28,F_interp&sst<=2,0.9693,0.1618,593313,105227
nbs,winter Jan07-Feb28,G_interp&sst<=1,0.9684,0.1255,593313,105227
nbs,winter Jan07-Feb28,H_interp&sst<=0.5,0.9610,0.0935,593313,105227
sebs,early-winter Dec06-Jan10,A_bracket,0.9511,0.1034,68879,654001
sebs,early-winter Dec06-Jan10,B_bracket_and_sst<=-0.5,0.2542,0.0025,68879,654001
sebs,early-winter Dec06-Jan10,B_bracket_and_sst<=0,0.4493,0.0075,68879,654001
sebs,early-winter Dec06-Jan10,C_linear_interp,0.8949,0.0513,68879,654001
sebs,early-winter Dec06-Jan10,D_interp_or_(bracket&sst<=-1.0),0.8955,0.0513,68879,654001
sebs,early-winter Dec06-Jan10,F_interp&sst<=2,0.8826,0.0449,68879,654001
sebs,early-winter Dec06-Jan10,G_interp&sst<=1,0.8335,0.0261,68879,654001
sebs,early-winter Dec06-Jan10,H_interp&sst<=0.5,0.6979,0.0148,68879,654001
sebs,melt Apr18-Jun30,A_bracket,0.9728,0.2060,144916,1341004
sebs,melt Apr18-Jun30,B_bracket_and_sst<=-0.5,0.2542,0.0093,144916,1341004
sebs,melt Apr18-Jun30,B_bracket_and_sst<=0,0.4340,0.0179,144916,1341004
sebs,melt Apr18-Jun30,C_linear_interp,0.9578,0.1058,144916,1341004
sebs,melt Apr18-Jun30,D_interp_or_(bracket&sst<=-1.0),0.9578,0.1059,144916,1341004
sebs,melt Apr18-Jun30,F_interp&sst<=2,0.8980,0.0637,144916,1341004
sebs,melt Apr18-Jun30,G_interp&sst<=1,0.7919,0.0402,144916,1341004
sebs,melt Apr18-Jun30,H_interp&sst<=0.5,0.6619,0.0276,144916,1341004
sebs,winter Jan07-Feb28,A_bracket,0.8872,0.1067,280111,784129
sebs,winter Jan07-Feb28,B_bracket_and_sst<=-0.5,0.4391,0.0087,280111,784129
sebs,winter Jan07-Feb28,B_bracket_and_sst<=0,0.6134,0.0170,280111,784129
sebs,winter Jan07-Feb28,C_linear_interp,0.8475,0.0490,280111,784129
sebs,winter Jan07-Feb28,D_interp_or_(bracket&sst<=-1.0),0.8600,0.0499,280111,784129
sebs,winter Jan07-Feb28,F_interp&sst<=2,0.8380,0.0416,280111,784129
sebs,winter Jan07-Feb28,G_interp&sst<=1,0.8134,0.0281,280111,784129
sebs,winter Jan07-Feb28,H_interp&sst<=0.5,0.7504,0.0190,280111,784129
