zone,theta90_changed,cells_changed_any_doy,cells_total,cell_doys_changed,cell_doys_finite_before,cell_doys_finite_after,became_nan,mean_change_where_both_finite_degC
sebs,True,786,2275,81815,734890,734492,398,0.0267
nbs,True,1303,1748,222744,480250,461781,18469,0.0254
wgoa,True,166,2992,15771,838491,838335,156,0.0408
egoa,False,0,2108,0,472140,472140,0,0.0
ai_west,False,0,1184,0,432612,432612,0,0.0
ai_central,False,0,1612,0,589992,589992,0,0.0
ai_east,False,0,552,0,199104,199104,0,0.0
chukchi,True,1208,1750,276017,432750,263105,169645,0.5234
beaufort,True,1079,1240,265064,384332,195273,189059,0.5073
ebs,True,1913,4095,280315,1150730,1131924,18806,0.0252
goa,True,166,5984,15771,1605627,1605471,156,0.0408
ai,False,0,3729,0,1361154,1361154,0,0.0
