zone,blank_date,n_sst,ncei_global_ice_values_north_of_80N
chukchi,2007-08-05,1211,52936
chukchi,2007-08-06,1211,52864
chukchi,2007-08-07,1211,52784
chukchi,2007-08-08,1211,52776
chukchi,2007-08-09,1211,52750
chukchi,2007-08-10,1211,52684
chukchi,2007-08-11,1211,52606
chukchi,2007-08-12,1211,52470
chukchi,2007-08-13,1211,52285
chukchi,2007-08-14,1211,52267
chukchi,2007-08-15,1211,52355
chukchi,2007-08-16,1211,52261
chukchi,2007-08-17,1211,52175
chukchi,2007-08-18,1211,52141
chukchi,2007-08-19,1211,52078
chukchi,2007-08-20,1211,51942
chukchi,2007-08-21,1211,51818
chukchi,2007-08-22,1211,51704
chukchi,2007-08-23,1211,51615
chukchi,2007-08-24,1211,51493
chukchi,2007-08-25,1211,51371
chukchi,2007-08-26,1211,51210
chukchi,2007-08-27,1211,51098
chukchi,2007-08-28,1211,50901
chukchi,2007-08-29,1211,50625
chukchi,2007-08-30,1211,50457
chukchi,2007-08-31,1211,50231
chukchi,2007-09-01,1211,50051
chukchi,2007-09-02,1211,49899
chukchi,2007-09-03,1211,49796
chukchi,2007-09-04,1211,49532
chukchi,2007-09-05,1211,49388
chukchi,2007-09-06,1211,49306
chukchi,2007-09-07,1211,49235
chukchi,2007-09-08,1211,49194
chukchi,2007-09-09,1211,49095
chukchi,2007-09-10,1211,48973
chukchi,2007-09-11,1211,48817
chukchi,2007-09-12,1211,48735
chukchi,2007-09-13,1211,48575
chukchi,2007-09-14,1211,48535
chukchi,2007-09-15,1211,48464
chukchi,2007-09-16,1211,48434
chukchi,2007-09-17,1211,48427
chukchi,2007-09-18,1211,48385
chukchi,2007-09-19,1211,48277
chukchi,2007-09-20,1211,48240
chukchi,2007-09-21,1211,48172
chukchi,2007-09-22,1211,48073
chukchi,2007-09-23,1211,47931
chukchi,2007-09-24,1211,47814
chukchi,2007-09-25,1211,48020
chukchi,2007-09-26,1211,48046
chukchi,2007-09-27,1211,48160
chukchi,2007-09-28,1211,48486
chukchi,2007-09-29,1211,48831
chukchi,2007-09-30,1211,49240
chukchi,2007-10-01,1211,49492
chukchi,2007-10-02,1211,49574
chukchi,2007-10-03,1211,49756
chukchi,2009-09-01,1211,54063
chukchi,2009-09-02,1211,54035
chukchi,2009-09-03,1211,54019
chukchi,2009-09-04,1211,53995
chukchi,2009-09-05,1211,53981
chukchi,2009-09-06,1211,53947
chukchi,2009-09-07,1211,53883
chukchi,2009-09-08,1211,53873
chukchi,2009-09-09,1211,53863
chukchi,2009-09-10,1211,53837
chukchi,2009-09-11,1211,53821
chukchi,2009-09-12,1211,53771
chukchi,2009-09-13,1211,53761
chukchi,2009-09-14,1211,53763
chukchi,2009-09-15,1211,53769
chukchi,2009-09-16,1211,53801
chukchi,2009-09-17,1211,53856
chukchi,2009-09-18,1211,53892
chukchi,2009-09-19,1211,53894
chukchi,2009-09-20,1211,53908
chukchi,2009-09-21,1211,53874
chukchi,2009-09-22,1211,53844
chukchi,2009-09-23,1211,53830
chukchi,2009-09-24,1211,53805
chukchi,2009-09-25,1211,53723
chukchi,2009-09-26,1211,53711
chukchi,2009-09-27,1211,53694
chukchi,2009-09-28,1211,53676
chukchi,2009-09-29,1211,53634
chukchi,2009-09-30,1211,53554
chukchi,2009-10-01,1211,53488
chukchi,2009-10-02,1211,53476
chukchi,2009-10-03,1211,53434
chukchi,2009-10-04,1211,53400
chukchi,2010-09-06,1211,53445
chukchi,2010-09-07,1211,53478
chukchi,2010-09-08,1211,53529
chukchi,2010-09-09,1211,53559
chukchi,2010-09-10,1211,53558
chukchi,2010-09-11,1211,53552
chukchi,2010-09-12,1211,53568
chukchi,2010-09-13,1211,53583
chukchi,2010-09-14,1211,53594
chukchi,2010-09-15,1211,53588
chukchi,2010-09-16,1211,53599
chukchi,2010-09-17,1211,53598
chukchi,2010-09-18,1211,53583
chukchi,2010-09-19,1211,53586
chukchi,2010-09-20,1211,53570
chukchi,2010-09-21,1211,53538
chukchi,2010-09-22,1211,53516
chukchi,2010-09-23,1211,53499
chukchi,2010-09-24,1211,53471
chukchi,2010-09-25,1211,53467
chukchi,2010-09-26,1211,53465
chukchi,2010-09-27,1211,53455
chukchi,2010-09-28,1211,53477
chukchi,2011-09-03,1211,52340
chukchi,2011-09-04,1211,52311
chukchi,2011-09-05,1211,52263
chukchi,2011-09-06,1211,52224
chukchi,2011-09-07,1211,52155
chukchi,2011-09-08,1211,52055
chukchi,2011-09-09,1211,52007
chukchi,2011-09-10,1211,51969
chukchi,2011-09-11,1211,51935
chukchi,2011-09-12,1211,51926
chukchi,2011-09-13,1211,51864
chukchi,2011-09-14,1211,51734
chukchi,2011-09-15,1211,51691
chukchi,2011-09-16,1211,51662
chukchi,2011-09-17,1211,51512
chukchi,2011-09-18,1211,51511
chukchi,2011-09-19,1211,51461
chukchi,2011-09-20,1211,51443
chukchi,2011-09-21,1211,51401
chukchi,2011-09-22,1211,51367
chukchi,2011-09-23,1211,51367
chukchi,2011-09-24,1211,51345
chukchi,2011-09-25,1211,51309
chukchi,2011-09-26,1211,51347
chukchi,2011-09-27,1211,51379
chukchi,2011-09-28,1211,51367
chukchi,2011-09-29,1211,51422
chukchi,2011-09-30,1211,51412
chukchi,2011-10-01,1211,51454
chukchi,2012-09-21,1211,49352
chukchi,2012-09-22,1211,49753
chukchi,2012-09-28,1211,50068
chukchi,2012-09-29,1211,50123
chukchi,2012-09-30,1211,50171
chukchi,2012-10-01,1211,50183
chukchi,2012-10-02,1211,50289
chukchi,2012-10-03,1211,50381
chukchi,2012-10-04,1211,50492
chukchi,2012-10-05,1211,50595
chukchi,2012-10-06,1211,50708
chukchi,2012-10-07,1211,50786
chukchi,2012-10-08,1211,50855
chukchi,2012-10-09,1211,50996
chukchi,2012-10-10,1211,51328
chukchi,2012-10-11,1211,51537
chukchi,2012-10-12,1211,51564
chukchi,2012-10-13,1211,51648
chukchi,2012-10-14,1211,51688
chukchi,2012-10-15,1211,51705
chukchi,2012-10-16,1211,51883
chukchi,2012-10-17,1211,51987
chukchi,2012-10-18,1211,52071
chukchi,2014-09-18,1211,51191
chukchi,2014-09-19,1211,51139
chukchi,2014-09-20,1211,51086
chukchi,2014-09-21,1211,51060
chukchi,2014-09-22,1211,50968
chukchi,2014-09-23,1211,50951
chukchi,2014-09-24,1211,50968
chukchi,2017-08-09,1211,53877
chukchi,2017-08-10,1211,53891
chukchi,2017-08-11,1211,53885
chukchi,2017-08-12,1211,53875
chukchi,2017-08-13,1211,53835
chukchi,2017-08-14,1211,53817
chukchi,2017-08-15,1211,53767
chukchi,2017-08-16,1211,53743
chukchi,2017-08-17,1211,53716
chukchi,2017-08-18,1211,53706
chukchi,2017-08-19,1211,53764
chukchi,2017-08-20,1211,53806
chukchi,2017-08-21,1211,53792
chukchi,2017-08-22,1211,53761
chukchi,2017-08-23,1211,53681
chukchi,2017-08-24,1211,53613
chukchi,2017-08-25,1211,53571
chukchi,2017-08-26,1211,53555
chukchi,2017-08-27,1211,53532
chukchi,2017-08-28,1211,53526
chukchi,2017-08-29,1211,53477
chukchi,2017-08-30,1211,53431
chukchi,2017-08-31,1211,53380
chukchi,2017-09-01,1211,53241
chukchi,2017-09-02,1211,53129
chukchi,2017-09-03,1211,53070
chukchi,2017-09-04,1211,53084
chukchi,2017-09-05,1211,53018
chukchi,2017-09-06,1211,52978
chukchi,2017-09-07,1211,52970
chukchi,2017-09-08,1211,53000
chukchi,2017-09-09,1211,52932
chukchi,2017-09-10,1211,52862
chukchi,2017-09-11,1211,52850
chukchi,2017-09-12,1211,52794
chukchi,2017-09-13,1211,52504
chukchi,2017-09-14,1211,52147
chukchi,2017-09-15,1211,51984
chukchi,2017-09-16,1211,51940
chukchi,2017-09-17,1211,51888
chukchi,2017-09-18,1211,51834
chukchi,2017-09-19,1211,51822
chukchi,2017-09-20,1211,51856
chukchi,2017-09-21,1211,51900
chukchi,2017-09-22,1211,52050
chukchi,2017-09-23,1211,52364
chukchi,2017-09-24,1211,52527
chukchi,2017-09-25,1211,52793
chukchi,2017-09-26,1211,52877
chukchi,2017-09-27,1211,52918
chukchi,2017-09-28,1211,52916
chukchi,2017-09-29,1211,52908
chukchi,2017-09-30,1211,52947
chukchi,2017-10-01,1211,52957
chukchi,2017-10-02,1211,52969
chukchi,2017-10-03,1211,52977
chukchi,2017-10-04,1211,52982
chukchi,2017-10-09,1211,53036
chukchi,2017-10-10,1211,53130
chukchi,2017-10-11,1211,53175
chukchi,2017-10-12,1211,53279
chukchi,2017-10-13,1211,53384
chukchi,2017-10-14,1211,53402
chukchi,2017-10-15,1211,53402
chukchi,2017-10-16,1211,53402
chukchi,2017-10-17,1211,53382
chukchi,2017-10-18,1211,53276
chukchi,2018-09-17,1211,50983
chukchi,2018-09-18,1211,50953
chukchi,2018-09-19,1211,50897
chukchi,2018-09-20,1211,50881
chukchi,2018-09-21,1211,50887
chukchi,2018-09-22,1211,50861
chukchi,2018-09-23,1211,50835
chukchi,2018-09-24,1211,50805
chukchi,2018-09-25,1211,50769
chukchi,2018-09-26,1211,50787
chukchi,2018-09-27,1211,50810
chukchi,2018-09-28,1211,50834
chukchi,2018-09-29,1211,50884
chukchi,2018-09-30,1211,50729
chukchi,2018-10-01,1211,50437
chukchi,2018-10-02,1211,50281
chukchi,2018-10-03,1211,50281
chukchi,2018-10-04,1211,50367
chukchi,2018-10-05,1211,50305
chukchi,2019-08-11,1211,53769
chukchi,2019-08-12,1211,53789
chukchi,2019-08-13,1211,53787
chukchi,2019-08-14,1211,53781
chukchi,2019-08-15,1211,53709
chukchi,2019-08-16,1211,53729
chukchi,2019-08-17,1211,53665
chukchi,2019-08-18,1211,53701
chukchi,2019-08-19,1211,53651
chukchi,2019-08-20,1211,53627
chukchi,2019-08-21,1211,53262
chukchi,2019-08-22,1211,53177
chukchi,2019-08-23,1211,53128
chukchi,2019-08-24,1211,53156
chukchi,2019-08-25,1211,53063
chukchi,2019-08-26,1211,52974
chukchi,2019-08-27,1211,52887
chukchi,2019-08-28,1211,52764
chukchi,2019-08-29,1211,52752
chukchi,2019-08-30,1211,52710
chukchi,2019-08-31,1211,52678
chukchi,2019-09-01,1211,52637
chukchi,2019-09-02,1211,52663
chukchi,2019-09-03,1211,52607
chukchi,2019-09-04,1211,52561
chukchi,2019-09-05,1211,52547
chukchi,2019-09-06,1211,52466
chukchi,2019-09-07,1211,52408
chukchi,2019-09-08,1211,52372
chukchi,2019-09-09,1211,52313
chukchi,2019-09-10,1211,52329
chukchi,2019-09-11,1211,52357
chukchi,2019-09-12,1211,52405
chukchi,2019-09-13,1211,52458
chukchi,2019-09-14,1211,52414
chukchi,2019-09-15,1211,52363
chukchi,2019-09-16,1211,52351
chukchi,2019-09-17,1211,52265
chukchi,2019-09-18,1211,52238
chukchi,2019-09-19,1211,52150
chukchi,2019-09-20,1211,52091
chukchi,2019-09-21,1211,52099
chukchi,2019-09-22,1211,51791
chukchi,2019-09-23,1211,51725
chukchi,2019-09-24,1211,51737
chukchi,2019-09-25,1211,51705
chukchi,2019-09-26,1211,51703
chukchi,2019-09-27,1211,51691
chukchi,2019-09-28,1211,51683
chukchi,2019-09-29,1211,51717
chukchi,2019-09-30,1211,51671
chukchi,2019-10-01,1211,51685
chukchi,2019-10-02,1211,51752
chukchi,2019-10-03,1211,51890
chukchi,2019-10-04,1211,51964
chukchi,2019-10-05,1211,52090
chukchi,2019-10-06,1211,52168
chukchi,2019-10-07,1211,52247
chukchi,2019-10-08,1211,52261
chukchi,2019-10-09,1211,52257
chukchi,2019-10-10,1211,52239
chukchi,2019-10-11,1211,52263
chukchi,2019-10-12,1211,52286
chukchi,2019-10-13,1211,52248
chukchi,2019-10-14,1211,52266
chukchi,2019-10-15,1211,52348
chukchi,2019-10-16,1211,52478
chukchi,2019-10-17,1211,52644
chukchi,2019-10-18,1211,52901
chukchi,2019-10-19,1211,52973
chukchi,2019-10-20,1211,53031
chukchi,2019-10-21,1211,53164
chukchi,2019-10-22,1211,53234
chukchi,2019-10-23,1211,53294
chukchi,2019-10-24,1211,53322
chukchi,2019-10-25,1211,53377
chukchi,2020-09-10,1211,47823
chukchi,2020-09-11,1211,47581
chukchi,2020-09-12,1211,47428
chukchi,2020-09-13,1211,47318
chukchi,2020-09-14,1211,47148
chukchi,2020-09-15,1211,46894
chukchi,2020-09-16,1211,46740
chukchi,2020-09-17,1211,46509
chukchi,2020-09-18,1211,46444
chukchi,2020-09-19,1211,46358
chukchi,2020-09-20,1211,46280
chukchi,2020-09-21,1211,46282
chukchi,2020-09-22,1211,46184
chukchi,2020-09-23,1211,46223
chukchi,2020-09-24,1211,46292
chukchi,2020-09-25,1211,46295
chukchi,2020-09-26,1211,46316
chukchi,2022-08-27,1211,52472
chukchi,2022-08-28,1211,52477
chukchi,2022-08-29,1211,52541
chukchi,2022-08-30,1211,52603
chukchi,2022-09-11,1211,52626
chukchi,2022-09-12,1211,52686
chukchi,2022-09-13,1211,52710
chukchi,2022-09-14,1211,52759
chukchi,2022-09-15,1211,52727
chukchi,2022-09-16,1211,52713
chukchi,2022-09-17,1211,52680
chukchi,2022-09-18,1211,52649
chukchi,2022-09-19,1211,52623
chukchi,2022-09-20,1211,52578
chukchi,2022-09-21,1211,52580
chukchi,2022-09-22,1211,52634
chukchi,2022-09-23,1211,52626
chukchi,2022-09-24,1211,52651
chukchi,2022-09-25,1211,52693
chukchi,2022-09-26,1211,52672
chukchi,2022-09-27,1211,52662
chukchi,2022-09-28,1211,52433
chukchi,2022-09-29,1211,52346
chukchi,2023-09-17,1211,52010
chukchi,2023-09-20,1211,52011
chukchi,2023-09-21,1211,52083
chukchi,2023-09-22,1211,52117
chukchi,2023-09-23,1211,52161
chukchi,2023-09-24,1211,52243
chukchi,2023-09-25,1211,52400
chukchi,2023-09-26,1211,52452
chukchi,2023-09-27,1211,52602
chukchi,2023-09-28,1211,52741
chukchi,2023-09-29,1211,52915
chukchi,2023-09-30,1211,52975
chukchi,2023-10-01,1211,52901
chukchi,2023-10-02,1211,53031
chukchi,2023-10-03,1211,53107
chukchi,2023-10-04,1211,53114
chukchi,2023-10-05,1211,53274
chukchi,2023-10-06,1211,53382
chukchi,2023-10-07,1211,53364
chukchi,2024-09-10,1211,50521
chukchi,2024-09-11,1211,50712
chukchi,2024-09-12,1211,50814
chukchi,2024-09-13,1211,50917
chukchi,2024-09-14,1211,51101
chukchi,2024-09-15,1211,51180
chukchi,2024-09-16,1211,51248
chukchi,2024-09-28,1211,51405
chukchi,2024-09-29,1211,51379
chukchi,2024-09-30,1211,51358
chukchi,2024-10-01,1211,51334
chukchi,2024-10-02,1211,51317
chukchi,2024-10-03,1211,51349
chukchi,2024-10-04,1211,51431
chukchi,2024-10-05,1211,51547
chukchi,2024-10-06,1211,51679
chukchi,2024-10-07,1211,51809
chukchi,2024-10-08,1211,51912
chukchi,2024-10-09,1211,52007
chukchi,2025-09-01,1211,49584
chukchi,2025-09-02,1211,49536
chukchi,2025-09-03,1211,49425
chukchi,2025-09-04,1211,49353
chukchi,2025-09-05,1211,49334
chukchi,2025-09-06,1211,49336
chukchi,2025-09-07,1211,49366
chukchi,2025-09-08,1211,49372
chukchi,2025-09-09,1211,49393
chukchi,2025-09-10,1211,49384
chukchi,2025-09-11,1211,49428
chukchi,2025-09-12,1211,49432
chukchi,2025-09-13,1211,49456
chukchi,2025-09-14,1211,49600
chukchi,2025-09-15,1211,49672
chukchi,2025-09-16,1211,49926
chukchi,2025-09-17,1211,50122
chukchi,2025-09-18,1211,50237
chukchi,2025-09-19,1211,50422
chukchi,2025-09-20,1211,50589
chukchi,2025-09-21,1211,50689
chukchi,2025-09-22,1211,50760
chukchi,2025-09-23,1211,50851
chukchi,2025-09-24,1211,50853
chukchi,2025-09-25,1211,50814
chukchi,2025-09-26,1211,50738
chukchi,2025-09-27,1211,50646
chukchi,2025-09-28,1211,50498
chukchi,2025-09-29,1211,50446
chukchi,2025-09-30,1211,50359
chukchi,2025-10-01,1211,50317
chukchi,2025-10-02,1211,50251
chukchi,2025-10-03,1211,50048
chukchi,2025-10-04,1211,46514
chukchi,2025-10-05,1211,46636
chukchi,2025-10-06,1211,46627
chukchi,2025-10-07,1211,46625
chukchi,2025-10-08,1211,46557
chukchi,2025-10-09,1211,46455
chukchi,2025-10-10,1211,46017
chukchi,2025-10-11,1211,45161
chukchi,2025-10-12,1211,45047
chukchi,2026-08-27,1211,50030
chukchi,2026-08-28,1211,50056
chukchi,2026-08-29,1211,50124
chukchi,2026-08-30,1211,50193
chukchi,2026-08-31,1211,50241
beaufort,2008-08-26,1079,53574
beaufort,2008-08-27,1079,53565
beaufort,2008-08-28,1079,53597
beaufort,2008-08-29,1079,53632
beaufort,2008-08-30,1079,53688
beaufort,2012-08-26,1079,52585
beaufort,2012-08-27,1079,52415
beaufort,2012-08-28,1079,52204
beaufort,2012-08-29,1079,51997
beaufort,2012-08-30,1079,51735
beaufort,2012-08-31,1079,51593
beaufort,2012-09-01,1079,51489
beaufort,2012-09-02,1079,51492
beaufort,2012-09-03,1079,51327
beaufort,2012-09-04,1079,51124
beaufort,2012-09-05,1079,51012
beaufort,2012-09-06,1079,50850
beaufort,2012-09-07,1079,50705
beaufort,2012-09-08,1079,50505
beaufort,2012-09-09,1079,50348
beaufort,2012-09-14,1079,49242
beaufort,2012-09-15,1079,49163
beaufort,2012-09-16,1079,49142
beaufort,2012-09-17,1079,49128
beaufort,2012-09-18,1079,49075
beaufort,2012-09-19,1079,49131
beaufort,2012-09-20,1079,49249
beaufort,2012-09-21,1079,49352
beaufort,2012-09-22,1079,49753
beaufort,2012-09-23,1079,49901
beaufort,2012-09-24,1079,49959
beaufort,2012-09-25,1079,49979
beaufort,2012-09-26,1079,49977
beaufort,2012-09-27,1079,50004
beaufort,2012-09-28,1079,50068
beaufort,2012-09-29,1079,50123
beaufort,2012-09-30,1079,50171
beaufort,2012-10-01,1079,50183
beaufort,2012-10-02,1079,50289
beaufort,2012-10-03,1079,50381
beaufort,2012-10-04,1079,50492
beaufort,2012-10-05,1079,50595
beaufort,2012-10-06,1079,50708
beaufort,2012-10-07,1079,50786
beaufort,2012-10-08,1079,50855
beaufort,2017-08-16,1079,53743
beaufort,2017-08-17,1079,53716
beaufort,2017-08-18,1079,53706
beaufort,2017-08-19,1079,53764
beaufort,2017-08-20,1079,53806
beaufort,2017-08-21,1079,53792
beaufort,2017-08-22,1079,53761
beaufort,2017-08-23,1079,53681
beaufort,2017-08-24,1079,53613
beaufort,2017-08-25,1079,53571
beaufort,2017-08-26,1079,53555
beaufort,2017-08-27,1079,53532
beaufort,2017-08-28,1079,53526
beaufort,2017-08-29,1079,53477
beaufort,2017-08-30,1079,53431
beaufort,2017-08-31,1079,53380
beaufort,2017-09-01,1079,53241
beaufort,2017-09-02,1079,53129
beaufort,2017-09-03,1079,53070
beaufort,2017-09-04,1079,53084
beaufort,2017-09-05,1079,53018
beaufort,2017-09-06,1079,52978
beaufort,2017-09-07,1079,52970
beaufort,2017-09-08,1079,53000
beaufort,2017-09-09,1079,52932
beaufort,2017-09-10,1079,52862
beaufort,2017-09-11,1079,52850
beaufort,2017-09-12,1079,52794
beaufort,2017-09-13,1079,52504
beaufort,2017-09-14,1079,52147
beaufort,2017-09-15,1079,51984
beaufort,2017-09-16,1079,51940
beaufort,2017-09-17,1079,51888
beaufort,2017-09-18,1079,51834
beaufort,2017-09-19,1079,51822
beaufort,2017-09-20,1079,51856
beaufort,2017-09-21,1079,51900
beaufort,2017-09-22,1079,52050
beaufort,2017-09-23,1079,52364
beaufort,2017-09-24,1079,52527
beaufort,2019-08-31,1079,52678
beaufort,2019-09-01,1079,52637
beaufort,2019-09-02,1079,52663
beaufort,2019-09-03,1079,52607
beaufort,2019-09-04,1079,52561
beaufort,2019-09-05,1079,52547
beaufort,2019-09-06,1079,52466
beaufort,2019-09-07,1079,52408
beaufort,2019-09-08,1079,52372
beaufort,2019-09-09,1079,52313
beaufort,2019-09-10,1079,52329
beaufort,2019-09-11,1079,52357
beaufort,2019-09-12,1079,52405
beaufort,2019-09-13,1079,52458
beaufort,2019-09-14,1079,52414
beaufort,2019-09-15,1079,52363
beaufort,2019-09-16,1079,52351
beaufort,2019-09-17,1079,52265
beaufort,2019-09-30,1079,51671
beaufort,2019-10-01,1079,51685
beaufort,2023-09-13,1079,52398
beaufort,2023-09-14,1079,52326
beaufort,2023-09-15,1079,52276
beaufort,2023-09-28,1079,52741
beaufort,2023-09-29,1079,52915
beaufort,2023-09-30,1079,52975
beaufort,2023-10-01,1079,52901
beaufort,2023-10-02,1079,53031
beaufort,2023-10-03,1079,53107
beaufort,2023-10-04,1079,53114
beaufort,2023-10-05,1079,53274
beaufort,2023-10-06,1079,53382
beaufort,2023-10-07,1079,53364
beaufort,2023-10-08,1079,53367
beaufort,2023-10-09,1079,53394
beaufort,2024-08-26,1079,51181
beaufort,2024-08-27,1079,51072
beaufort,2024-08-28,1079,50961
beaufort,2024-08-29,1079,50824
beaufort,2024-08-30,1079,50744
beaufort,2024-08-31,1079,50628
beaufort,2024-09-01,1079,50487
beaufort,2024-09-02,1079,50441
beaufort,2024-09-03,1079,50390
beaufort,2024-09-04,1079,50354
beaufort,2024-09-05,1079,50309
beaufort,2024-09-06,1079,50370
beaufort,2024-09-07,1079,50365
beaufort,2024-09-08,1079,50422
beaufort,2024-09-09,1079,50472
beaufort,2024-09-10,1079,50521
beaufort,2024-09-11,1079,50712
beaufort,2024-09-12,1079,50814
beaufort,2024-09-13,1079,50917
beaufort,2024-09-14,1079,51101
beaufort,2024-09-15,1079,51180
beaufort,2024-09-16,1079,51248
beaufort,2024-09-17,1079,51253
beaufort,2024-09-18,1079,51295
beaufort,2024-09-19,1079,51308
beaufort,2024-09-20,1079,51309
beaufort,2024-09-21,1079,51351
beaufort,2024-09-22,1079,51328
beaufort,2024-09-23,1079,51378
beaufort,2024-09-24,1079,51383
beaufort,2024-09-25,1079,51404
beaufort,2024-09-26,1079,51388
beaufort,2024-09-27,1079,51395
beaufort,2024-09-28,1079,51405
beaufort,2024-09-29,1079,51379
beaufort,2024-09-30,1079,51358
beaufort,2024-10-01,1079,51334
beaufort,2024-10-02,1079,51317
beaufort,2024-10-03,1079,51349
beaufort,2024-10-04,1079,51431
beaufort,2024-10-05,1079,51547
beaufort,2024-10-06,1079,51679
beaufort,2024-10-07,1079,51809
beaufort,2024-10-08,1079,51912
beaufort,2025-09-17,1079,50122
beaufort,2025-09-18,1079,50237
beaufort,2025-09-19,1079,50422
beaufort,2025-09-20,1079,50589
beaufort,2025-09-21,1079,50689
beaufort,2025-09-22,1079,50760
beaufort,2025-09-23,1079,50851
beaufort,2025-09-24,1079,50853
beaufort,2025-09-25,1079,50814
beaufort,2025-09-26,1079,50738
beaufort,2025-09-27,1079,50646
beaufort,2025-09-28,1079,50498
beaufort,2025-09-29,1079,50446
beaufort,2025-09-30,1079,50359
beaufort,2025-10-01,1079,50317
beaufort,2025-10-02,1079,50251
beaufort,2025-10-03,1079,50048
beaufort,2025-10-04,1079,46514
beaufort,2025-10-05,1079,46636
beaufort,2025-10-06,1079,46627
beaufort,2025-10-07,1079,46625
beaufort,2025-10-08,1079,46557
beaufort,2025-10-09,1079,46455
beaufort,2025-10-10,1079,46017
beaufort,2025-10-11,1079,45161
beaufort,2025-10-12,1079,45047
