zone,forecaster,lead,stratum,n,brier,reliability,resolution,uncertainty,base_rate,bss_clim,bss_pers,sedi_climrate,sedi_p50,auc
ai_central,climatology,1,all,295,0.24425900738872672,0.03647942280740289,0.0001580343776756962,0.20653835104854926,0.29152542372881357,0.0,-0.26089940997708005,-0.0,-0.0,0.4293702014020252
ai_central,damped_persistence,1,all,295,0.18870965421429406,0.04551362940878295,0.06124872895060702,0.20653835104854926,0.29152542372881357,0.2274198760090287,0.02585417749976504,0.5212281274477357,0.5119567200354337,0.8078613552909759
ai_central,persistence,1,all,295,0.19371807572910732,0.04611620454907922,0.05567858653930765,0.20653835104854926,0.29152542372881357,0.2069153240240016,0.0,0.6275176994559368,0.583817724561787,0.815205296539446
ai_central,pnt_persistence,1,all,295,0.19779166470159873,0.054282218123167504,0.05902512021403529,0.20653835104854926,0.29152542372881357,0.19023799033612465,-0.021028440207035093,0.6159356306127184,0.6028630861291493,0.8245243128964058
ai_central,climatology,1,pre2014,144,0.08865745715204565,0.0016012068772111399,0.0008486091162227892,0.08777006172839506,0.09722222222222222,0.0,0.1815854454091541,-0.276747314005684,-0.0,0.40247252747252743
ai_central,damped_persistence,1,pre2014,144,0.08393677738364906,0.01713782429531429,0.019510365023816468,0.08777006172839506,0.09722222222222222,0.05324627978333196,0.22516297576164923,0.5141262834468722,0.40624556981211646,0.7497252747252748
ai_central,persistence,1,pre2014,144,0.10832829970426004,0.04151825479075554,0.01979783950617284,0.08777006172839506,0.09722222222222222,-0.22187465312116172,0.0,0.5005538543508063,0.37046096437346343,0.7802197802197802
ai_central,pnt_persistence,1,pre2014,144,0.11233767846143798,0.04604631602526753,0.01960108024691358,0.08777006172839506,0.09722222222222222,-0.26709790772344455,-0.037011369772475655,0.5790947844209205,0.4608637641540665,0.8087912087912088
ai_central,climatology,1,post2014,151,0.3926472407270186,0.14254992873781241,8.977825740248476e-05,0.24946274286215517,0.4768211920529801,0.0,-0.42703295621206117,-0.0,-0.0,0.475914205344585
ai_central,damped_persistence,1,post2014,151,0.28862551026471045,0.09402743756376078,0.05224862511823611,0.24946274286215517,0.4768211920529801,0.2649241346245128,-0.04897748520692069,0.3904780570809258,0.37257100575249896,0.7433192686357243
ai_central,persistence,1,post2014,151,0.27514938531571664,0.07895569186223267,0.048398963103708274,0.24946274286215517,0.4768211920529801,0.299245335822926,0.0,0.4993155256098568,0.46474952734918645,0.7407700421940928
ai_central,pnt_persistence,1,post2014,151,0.2792842078710236,0.08456285738224206,0.049742454649110486,0.24946274286215517,0.4768211920529801,0.2887147064782476,-0.015027555124509817,0.4661811556782299,0.4661811556782299,0.7440225035161744
ai_central,climatology,2,all,294,0.24454371878565193,0.03653251012276819,2.7800959723881436e-06,0.2069508075338979,0.2925170068027211,0.0,0.020962080824021068,-0.0,-0.0,0.4605601520572451
ai_central,damped_persistence,2,all,294,0.23446637395122094,0.05116191957772444,0.02186519037025617,0.2069508075338979,0.2925170068027211,0.0412087657964505,0.06130702514118824,0.24077692437206166,0.20298620720309765,0.6787231663685152
ai_central,persistence,2,all,294,0.24977961935475962,0.0659524440267303,0.02404292833968393,0.2069508075338979,0.2925170068027211,-0.021410897794095884,0.0,0.4228460584787141,0.3993752400151809,0.6857110912343469
ai_central,pnt_persistence,2,all,294,0.2542302877369475,0.06973687126169617,0.021584481420758084,0.2069508075338979,0.2925170068027211,-0.03961078615879754,-0.01781838083381282,0.4494909536161092,0.4307014589775107,0.6946556350626119
ai_central,climatology,2,pre2014,143,0.08892781993041737,0.0016653041878530754,0.0009868637110960004,0.08831727712846595,0.0979020979020979,0.0,0.3545210303974171,-0.13965843285714524,-0.0,0.4418604651162791
ai_central,damped_persistence,2,pre2014,143,0.09640782579042734,0.007703842099013453,0.0005550393662281772,0.08831727712846595,0.0979020979020979,-0.08411322650057973,0.30022771162587425,0.10391107917290196,-0.536980548988399,0.49224806201550386
ai_central,persistence,2,pre2014,143,0.13777028240775938,0.05245287666489469,0.004473770208035942,0.08831727712846595,0.0979020979020979,-0.5492371511587641,0.0,0.061762142651635085,0.08817340218824006,0.5016611295681064
ai_central,pnt_persistence,2,pre2014,143,0.14661213413908747,0.06318392237367645,0.005018392105442984,0.08831727712846595,0.0979020979020979,-0.6486644365487186,-0.06417822172388976,0.17426407954524625,0.08817340218824006,0.5382059800664452
ai_central,climatology,2,post2014,151,0.39191506670815884,0.14276142066653563,0.0009553705388720416,0.24946274286215517,0.4768211920529801,0.0,-0.10133456506738536,-0.0,-0.0,0.4992967651195499
ai_central,damped_persistence,2,post2014,151,0.3652105619445553,0.13285978219779812,0.012751779407005667,0.24946274286215517,0.4768211920529801,0.06813849997629495,-0.026291279831648584,0.053740871751271624,0.053740871751271624,0.605309423347398
ai_central,persistence,2,post2014,151,0.35585468679463395,0.1251785811048882,0.01730942531733002,0.24946274286215517,0.4768211920529801,0.09201070072760797,0.0,0.23314209712974904,0.23314209712974904,0.6037271448663853
ai_central,pnt_persistence,2,post2014,151,0.3561468173031328,0.11692729461981706,0.009884099403716633,0.24946274286215517,0.4768211920529801,0.09126530833697444,-0.0008209264043428366,0.24004076843040495,0.24004076843040495,0.5975738396624473
ai_central,climatology,3,all,293,0.24587382028402868,0.03773535545388264,1.7414174909589324e-05,0.2073640927675337,0.2935153583617747,0.0,0.12507467673516404,-0.0,-0.0,0.4799179867430626
ai_central,damped_persistence,3,all,293,0.24971194573175282,0.05191918906905861,0.009350541824877467,0.2073640927675337,0.2935153583617747,-0.015610142809390659,0.1114169674914477,0.051487802200959706,0.08466400833655442,0.6285248848443995
ai_central,persistence,3,all,293,0.2810226355850987,0.0812887708731856,0.008984072898767983,0.2073640927675337,0.2935153583617747,-0.1429546881423438,0.0,0.28824870793347834,0.2535630395854845,0.6171216717222785
ai_central,pnt_persistence,3,all,293,0.2909658929110011,0.09451016306160602,0.011192954530958317,0.2073640927675337,0.2935153583617747,-0.1833951763342796,-0.03538240720431718,0.2862912275283778,0.2914773612665059,0.625968992248062
ai_central,climatology,3,pre2014,142,0.08938778157535669,0.0010827267428035457,0.0005414834681719293,0.08887125570323348,0.09859154929577464,0.0,0.4304740840311134,-0.13944673027338864,-0.0,0.4478236607142857
ai_central,damped_persistence,3,pre2014,142,0.0924631839275786,0.003990343523461823,0.0011480661723473815,0.08887125570323348,0.09859154929577464,-0.03440517594263426,0.41087944468831394,-0.7405316088762737,-0.0,0.31612723214285715
ai_central,persistence,3,pre2014,142,0.1569512098905785,0.06964787595291752,0.0016655037087490968,0.08887125570323348,0.09859154929577464,-0.755846348622756,0.0,-0.15924470925602704,-0.7258510187592813,0.41015625
ai_central,pnt_persistence,3,pre2014,142,0.16851652851301638,0.08162084624912656,0.0017059213548005453,0.08887125570323348,0.09859154929577464,-0.8852300117880394,-0.07368734927561782,-0.15924470925602704,-0.7405316088762737,0.46456473214285715
ai_central,climatology,3,post2014,151,0.3930328765531109,0.14316963760021456,0.00019700909014483192,0.24946274286215517,0.4768211920529801,0.0,0.011732989526192394,-0.0,-0.0,0.4914732770745429
ai_central,damped_persistence,3,post2014,151,0.39758826477938686,0.15108156511731036,0.00378205539042292,0.24946274286215517,0.4768211920529801,-0.011590349047200688,0.0002786299229672329,-0.07124725942227561,-0.07124725942227561,0.4902426160337552
ai_central,persistence,3,post2014,151,0.3976990756421972,0.15145124533964305,0.006953712157760225,0.24946274286215517,0.4768211920529801,-0.01187228694456488,0.0,0.06390326548154299,0.0621842563340384,0.49525316455696206
ai_central,pnt_persistence,3,post2014,151,0.40611695082168875,0.15969946875044697,0.005568044182222497,0.24946274286215517,0.4768211920529801,-0.0332900249549728,-0.02116644391465705,0.07288283298902126,0.07288283298902126,0.4986814345991561
ai_central,climatology,6,all,290,0.2542101838746961,0.042738187194965714,0.000578496018448455,0.21136741973840667,0.30344827586206896,0.0,0.16233188651380093,-0.0,-0.0,0.5004219171917192
ai_central,damped_persistence,6,all,290,0.24626553102765408,0.04026920260364606,0.004409187661446522,0.21136741973840667,0.30344827586206896,0.03125229967560261,0.18851094142516833,0.16908284314231992,0.5107878013668304,0.5900652565256526
ai_central,persistence,6,all,290,0.3034736308831509,0.10055155528862705,0.007347945766119619,0.21136741973840667,0.30344827586206896,-0.19379021822641618,0.0,0.1876106157052023,0.15262602367686978,0.5936093609360936
ai_central,pnt_persistence,6,all,290,0.3117225735773449,0.11188329233873326,0.012656005283899947,0.21136741973840667,0.30344827586206896,-0.2262395189132056,-0.027181744490249127,0.21225694509413828,0.21107656841517755,0.5891089108910891
ai_central,climatology,6,pre2014,139,0.09703357689871038,0.0016059691393374063,0.0009016851418418274,0.0962683090937322,0.1079136690647482,0.0,0.40841791383996773,-0.03863674472366663,-0.0,0.4083333333333334
ai_central,damped_persistence,6,pre2014,139,0.09742443168889708,0.0026264417657629177,0.0016429341248900779,0.0962683090937322,0.1079136690647482,-0.004028036507349508,0.40603499959982126,-0.6932871020014801,-0.0,0.4094086021505376
ai_central,persistence,6,pre2014,139,0.16402385935746755,0.06969995014520203,0.002297771238302267,0.0962683090937322,0.1079136690647482,-0.6903824902660833,0.0,-0.32302852332791127,-0.7212471094513025,0.36989247311827955
ai_central,pnt_persistence,6,pre2014,139,0.17518437748260376,0.07983846409014389,0.0018735445315501784,0.0962683090937322,0.1079136690647482,-0.8053995645803307,-0.06804204076684606,-0.043099879557230464,-0.7293183719512656,0.34301075268817205
ai_central,climatology,6,post2014,151,0.3988959346671597,0.14904360259314825,0.000800698776966245,0.2497258892153853,0.48344370860927155,0.0,0.076290448804891,-0.0,-0.0,0.4884966631541974
ai_central,damped_persistence,6,post2014,151,0.38327819863088075,0.1355225436936281,0.0022694802708548485,0.2497258892153853,0.48344370860927155,0.03915240712921897,0.11245590122242999,0.5264330854327606,0.5264330854327606,0.4732174218475589
ai_central,persistence,6,post2014,151,0.4318413013604355,0.19604118309176924,0.013939453428949505,0.2497258892153853,0.48344370860927155,-0.0825913824385438,0.0,-0.10727011131020715,-0.10727011131020715,0.47918861959957854
ai_central,pnt_persistence,6,post2014,151,0.43741005210164313,0.1949753652503492,0.009349714430917965,0.2497258892153853,0.48344370860927155,-0.09655179230297173,-0.012895363930370385,-0.04561528701900299,-0.04561528701900299,0.46654373024236034
ai_east,climatology,1,all,295,0.17885386631546946,0.011959870374594063,0.00025782615965187593,0.16599827635736855,0.21016949152542372,0.0,-0.6042123545472662,-0.0,-0.0,0.45472795237435965
ai_east,damped_persistence,1,all,295,0.11282451723574942,0.01869933053204258,0.07086149293757371,0.16599827635736855,0.21016949152542372,0.36918044009881723,-0.011968531483546707,0.7588051397236714,0.7240563805567258,0.8576768655683233
ai_east,persistence,1,all,295,0.11149014393792324,0.015429298575312025,0.0695664377647907,0.16599827635736855,0.21016949152542372,0.376641130355703,0.0,0.7810657081447042,0.7869369949731393,0.8578845355115603
ai_east,pnt_persistence,1,all,295,0.11439368071303348,0.017332287769902675,0.06751599592593559,0.16599827635736855,0.21016949152542372,0.3604070011477335,-0.026042990640741337,0.7765164907358485,0.7901981908655212,0.8630762840924825
ai_east,climatology,1,pre2014,144,0.04984691752122214,0.004088002173892959,3.9311581904755084e-05,0.04624807098765432,0.04861111111111111,0.0,0.1405055366159944,-0.0,-0.0,0.5818561001042752
ai_east,damped_persistence,1,pre2014,144,0.05212132035014404,0.015495960784669811,0.009358973243293418,0.04624807098765432,0.04861111111111111,-0.04562775276833486,0.10128873573495645,0.27772165777162866,0.5306593253149419,0.6850886339937434
ai_east,persistence,1,pre2014,144,0.05799562375883682,0.01916222250913678,0.008336249282227964,0.04624807098765432,0.04861111111111111,-0.16347462677397062,0.0,0.13947987607242596,0.47743441403397024,0.6892596454640251
ai_east,pnt_persistence,1,pre2014,144,0.06009198352549747,0.018486445908858205,0.004507751122334457,0.04624807098765432,0.04861111111111111,-0.2055305827068148,-0.03614686127660138,0.4426162224831775,0.47743441403397024,0.7340980187695516
ai_east,climatology,1,post2014,151,0.301880360529851,0.07147776856334119,0.0018505411393702467,0.2315687908425069,0.36423841059602646,0.0,-0.8576705863337475,-0.0,-0.0,0.38910984848484853
ai_east,damped_persistence,1,post2014,151,0.17071365863659163,0.038660257422129335,0.09750053641721247,0.2315687908425069,0.36423841059602646,0.4344989573453525,-0.050514653480604466,0.7069440782760338,0.6902286914062415,0.8604166666666667
ai_east,persistence,1,post2014,151,0.16250478569811164,0.029528663946945897,0.09765588396286143,0.2315687908425069,0.36423841059602646,0.4616914283099163,0.0,0.7648293936203802,0.7692276154444933,0.862310606060606
ai_east,pnt_persistence,1,post2014,151,0.1661780806799552,0.030492732224963924,0.09365580505818716,0.2315687908425069,0.36423841059602646,0.4495233794332145,-0.022604226491320212,0.7648293936203802,0.7648293936203802,0.8651515151515152
ai_east,climatology,2,all,294,0.17652516598208612,0.011996462604472324,0.0006657618700627585,0.16443380073117683,0.20748299319727892,0.0,-0.07235044789661438,-0.0,-0.0,0.45563920354604937
ai_east,damped_persistence,2,all,294,0.15020125741172258,0.024972283811766752,0.03863438286378997,0.16443380073117683,0.20748299319727892,0.1491226954746776,0.0875613413872065,0.5910556792911589,0.528858577880615,0.7246886653064096
ai_east,persistence,2,all,294,0.16461518371007847,0.03771842746074889,0.03749107964055341,0.16443380073117683,0.20748299319727892,0.06746903313047325,0.0,0.6031264502278257,0.5920793594026844,0.734362907197636
ai_east,pnt_persistence,2,all,294,0.17741012985472637,0.049367358320406035,0.035840191821210975,0.16443380073117683,0.20748299319727892,-0.0050132448125275175,-0.07772640321674373,0.5919594040028707,0.5913390262127552,0.744459297825934
ai_east,climatology,2,pre2014,143,0.04429504523346794,0.004343952777315401,0.0001569159367882384,0.04019756467308915,0.04195804195804196,0.0,0.3056817658394534,-0.0,-0.0,0.6472019464720195
ai_east,damped_persistence,2,pre2014,143,0.04269062856248251,0.00908146307349982,0.006742334887584133,0.04019756467308915,0.04195804195804196,0.036221131788644834,0.3308307581022417,-0.0,-0.4750008469047673,0.6982968369829684
ai_east,persistence,2,pre2014,143,0.06379645968396912,0.027367090552303516,0.003765203368813545,0.04019756467308915,0.04195804195804196,-0.4402617572171825,0.0,0.6829069959717915,0.31266209673313666,0.6873479318734793
ai_east,pnt_persistence,2,pre2014,143,0.07566837378397462,0.03698883274147576,0.0013535961416206172,0.04019756467308915,0.04195804195804196,-0.7082807656058556,-0.18609048462588418,0.47500084690396177,0.24020177420370586,0.6514598540145986
ai_east,climatology,2,post2014,151,0.3017497174195192,0.0754453834712923,0.005564234626425537,0.2315687908425069,0.36423841059602646,0.0,-0.16016300389785054,-0.0,-0.0,0.3721590909090909
ai_east,damped_persistence,2,post2014,151,0.2520159589047115,0.06746783253581719,0.046334800903312115,0.2315687908425069,0.36423841059602646,0.16481791247434185,0.03105264053455503,0.4337136608650205,0.4337136608650205,0.6862689393939394
ai_east,persistence,2,post2014,151,0.26009251838381114,0.07667048926246922,0.048620662789455864,0.2315687908425069,0.36423841059602646,0.13805215591235354,0.0,0.49856248881991855,0.4766115562580593,0.6893939393939392
ai_east,pnt_persistence,2,post2014,151,0.2737615942131204,0.08084830658149593,0.038637313615854665,0.2315687908425069,0.36423841059602646,0.09275277354274125,-0.05255466752464666,0.5023233608486743,0.4801991415352212,0.6997159090909092
ai_east,climatology,3,all,293,0.17684574418179108,0.011865944635839185,0.0005150348351630158,0.1648475812181854,0.20819112627986347,0.0,0.0897166648939538,-0.0,-0.0,0.4656938948558508
ai_east,damped_persistence,3,all,293,0.17255601846866594,0.02869625989249134,0.021524401947435046,0.1648475812181854,0.20819112627986347,0.024256878405371496,0.11179729706805719,0.3902314820829478,0.2700305488372414,0.6525579423403053
ai_east,persistence,3,all,293,0.19427549353211976,0.0571530483621168,0.02951806368773595,0.1648475812181854,0.20819112627986347,-0.09855905456459002,0.0,0.42707374235309953,0.43344726752146817,0.6646763708309779
ai_east,pnt_persistence,3,all,293,0.20926863537023901,0.06826959647761169,0.023584197978385714,0.1648475812181854,0.20819112627986347,-0.18333995730832164,-0.07717464290286524,0.4292232561844902,0.44717395428044343,0.6814584511023177
ai_east,climatology,3,pre2014,142,0.04441560857273658,0.004327917162047757,0.0001374204162681929,0.040468161079150966,0.04225352112676056,0.0,0.41415672326211916,-0.0,-0.0,0.6544117647058825
ai_east,damped_persistence,3,pre2014,142,0.043902923646390875,0.003486385758324495,0.0009085187909311617,0.040468161079150966,0.04225352112676056,0.011542899958380981,0.4209190535967947,-0.0,-0.0,0.6182598039215685
ai_east,persistence,3,pre2014,142,0.07581483023933226,0.03569356073178041,0.002033152198889923,0.040468161079150966,0.04225352112676056,-0.7069411559491567,0.0,-0.0,-0.6728279664040331,0.553921568627451
ai_east,pnt_persistence,3,pre2014,142,0.09062106718698686,0.050246569389468275,0.0006568159441205965,0.040468161079150966,0.04225352112676056,-1.0402977714148074,-0.19529473192664626,-0.0,-0.6728279664040331,0.5159313725490197
ai_east,climatology,3,post2014,151,0.30138269290023967,0.07398568365834818,0.0043857803716117446,0.2315687908425069,0.36423841059602646,0.0,0.014043956289058634,-0.0,-0.0,0.38749999999999996
ai_east,damped_persistence,3,post2014,151,0.2935410480366333,0.08223989951047062,0.020436655869312332,0.2315687908425069,0.36423841059602646,0.02601889573732774,0.03969744379196172,0.20472500718557204,0.11756085829922047,0.5971590909090909
ai_east,persistence,3,post2014,151,0.3056755874895756,0.10850530899065512,0.03653671464729295,0.2315687908425069,0.36423841059602646,-0.014243998379684264,0.0,0.32647030982432945,0.31708767074336824,0.6139204545454545
ai_east,pnt_persistence,3,post2014,151,0.3208444941915755,0.11646339932108263,0.026281598702957924,0.2315687908425069,0.36423841059602646,-0.06457504611181464,-0.04962420069779783,0.3310484682414587,0.3066690758871745,0.6483901515151516
ai_east,climatology,6,all,290,0.17806010767437522,0.011545366297500399,0.00016284960967791952,0.1660998810939358,0.2103448275862069,0.0,0.06055201318897674,-0.0,-0.0,0.4798840289211826
ai_east,damped_persistence,6,all,290,0.17297019614369244,0.018563307511063543,0.010480236370842793,0.1660998810939358,0.2103448275862069,0.02858535579452126,0.08740646814241648,0.27482896808862906,0.07181212453667128,0.6327224568687808
ai_east,persistence,6,all,290,0.1895369516718048,0.05150423295144532,0.026439744627013564,0.1660998810939358,0.2103448275862069,-0.06445488631523055,0.0,0.41328129323874757,0.476799062578658,0.6812942945092705
ai_east,pnt_persistence,6,all,290,0.21114138208283398,0.07019038544022167,0.024972173435770243,0.1660998810939358,0.2103448275862069,-0.18578711897083466,-0.11398532170359377,0.43957944793247306,0.46457305145808286,0.6703772639415849
ai_east,climatology,6,pre2014,139,0.04518087230495308,0.004271297598962143,0.0006174645938034016,0.041302210030536725,0.04316546762589928,0.0,0.44529556708459717,-0.0,-0.0,0.6541353383458646
ai_east,damped_persistence,6,pre2014,139,0.04510362598835631,0.004303635830308346,0.00096038635373719,0.041302210030536725,0.04316546762589928,0.0017097128199604628,0.4462439523648415,-0.0,-0.0,0.6791979949874687
ai_east,persistence,6,pre2014,139,0.08145035378118845,0.04493056596850657,0.002576179189783661,0.041302210030536725,0.04316546762589928,-0.8027618685940958,0.0,0.4773426458184634,-0.6751102372954442,0.6791979949874687
ai_east,pnt_persistence,6,pre2014,139,0.11417142867334189,0.07418417064220588,0.000758127078275049,0.041302210030536725,0.04316546762589928,-1.5269859311863159,-0.4017302979439066,-0.0,-0.7216851571023175,0.650375939849624
ai_east,climatology,6,post2014,151,0.3003794038091413,0.0763351300087115,0.007132630975883465,0.2315687908425069,0.36423841059602646,0.0,-0.039253243992315445,-0.0,-0.0,0.40823863636363633
ai_east,damped_persistence,6,post2014,151,0.2906751845648297,0.07372487803446164,0.011430514407227442,0.2315687908425069,0.36423841059602646,0.03230654006650058,-0.005678567426037118,-0.017534422077735128,-0.017534422077735128,0.5971590909090909
ai_east,persistence,6,post2014,151,0.2890338861538953,0.08438551035493479,0.025630920925368353,0.2315687908425069,0.36423841059602646,0.037770624454847246,0.0,0.3887430400646452,0.3797252563722519,0.6681818181818182
ai_east,pnt_persistence,6,post2014,151,0.3004051140293201,0.09595161526728913,0.026768618524150682,0.2315687908425069,0.36423841059602646,-8.559248687745047e-05,-0.039342196261964224,0.38368671059213816,0.38368671059213816,0.6746212121212122
ai_west,climatology,1,all,295,0.2462326370244498,0.038546133680768764,0.00024127025313187988,0.20794024705544384,0.29491525423728815,0.0,-0.28236427451951696,-0.0,-0.0,0.4725077365163572
ai_west,damped_persistence,1,all,295,0.179256831759944,0.0382651480028818,0.06376646443095119,0.20794024705544384,0.29491525423728815,0.27200214428867686,0.0664415579089852,0.5564126781702443,0.5626511999030719,0.8415395667550839
ai_west,persistence,1,all,295,0.192014579567658,0.04504036272224522,0.057388309937985896,0.20794024705544384,0.29491525423728815,0.22019037813987352,0.0,0.6125304223844376,0.6184994454919603,0.8372292219274978
ai_west,pnt_persistence,1,all,295,0.19105851165685475,0.045636803105027976,0.059989519839879546,0.20794024705544384,0.29491525423728815,0.22407316119559129,0.004979142276362203,0.6371143260355934,0.6366277602797306,0.835958222811671
ai_west,climatology,1,pre2014,144,0.11086856694966711,0.0030347825392584757,0.0018841645765000968,0.109375,0.125,0.0,0.18875191024031934,-0.0,-0.0,0.34259259259259256
ai_west,damped_persistence,1,pre2014,144,0.11673663243060066,0.030657417248034207,0.023070828231813077,0.109375,0.125,-0.05292812599983887,0.14581406912839034,0.4266162974952458,0.4123295415885327,0.7907848324514992
ai_west,persistence,1,pre2014,144,0.13666419477488095,0.04319561579162676,0.012868208180708182,0.109375,0.125,-0.23266854199463705,0.0,0.4998480617798132,0.4266162974952458,0.7832892416225751
ai_west,pnt_persistence,1,pre2014,144,0.13729306660214907,0.04966300332449685,0.018903853914447134,0.109375,0.125,-0.2383407703328424,-0.0046015844040498965,0.5257437519042325,0.4480952376295395,0.7839506172839507
ai_west,climatology,1,post2014,151,0.37532155153285185,0.12789317067542103,0.0010099433599450292,0.24814701109600457,0.45695364238410596,0.0,-0.5331822069020964,-0.0,-0.0,0.5145811240721103
ai_west,damped_persistence,1,post2014,151,0.23887874370315887,0.05930975930432709,0.06365122931391447,0.24814701109600457,0.45695364238410596,0.3635357662581499,0.02418436149741854,0.5498251277012985,0.5335873470387884,0.8110639802050195
ai_west,persistence,1,post2014,151,0.24479905248262418,0.06640130252981521,0.06662513082071561,0.24814701109600457,0.45695364238410596,0.347761801892698,0.0,0.5585945100820576,0.5585945100820576,0.8107104984093318
ai_west,pnt_persistence,1,post2014,151,0.24233151886134233,0.060894609057350634,0.06545140157920298,0.24814701109600457,0.45695364238410596,0.35433625414891456,0.01007983321935857,0.591947854111274,0.591947854111274,0.8057617532697066
ai_west,climatology,2,all,294,0.24713858772313455,0.03911386038746592,0.00010221256606997966,0.20835068721366098,0.29591836734693877,0.0,0.0969861132009644,-0.0,-0.0,0.5133821977899938
ai_west,damped_persistence,2,all,294,0.2349846852436927,0.05257199303840021,0.026778490228554636,0.20835068721366098,0.29591836734693877,0.04917848965398175,0.14139497229031261,0.2461436309884244,0.29065279397960114,0.6699150424787607
ai_west,persistence,2,all,294,0.27368193483621905,0.08887120435840593,0.021807914580662776,0.20835068721366098,0.29591836734693877,-0.10740268186213231,0.0,0.31098592320600366,0.3016454064350983,0.6975401188294741
ai_west,pnt_persistence,2,all,294,0.2821154515915958,0.09555843840056547,0.020534684163527463,0.20835068721366098,0.29591836734693877,-0.14152732760472553,-0.0308150289876592,0.35243147710897765,0.3441433887217469,0.7044255649952802
ai_west,climatology,2,pre2014,143,0.11181581823050955,0.0029698355944482303,0.0016636378312085778,0.1100298303095506,0.1258741258741259,0.0,0.3856513876267922,-0.0,-0.0,0.3042222222222222
ai_west,damped_persistence,2,pre2014,143,0.13224615148088886,0.03335908508146077,0.01150191277710817,0.1100298303095506,0.1258741258741259,-0.18271415953207937,0.27340119725732226,0.015807384471882846,0.0555546673627585,0.5624444444444444
ai_west,persistence,2,pre2014,143,0.18200711449248472,0.08099709673944008,0.0080526514419724,0.1100298303095506,0.1258741258741259,-0.6277403087752309,0.0,0.2476145088967996,-0.019068460210557008,0.6333333333333333
ai_west,pnt_persistence,2,pre2014,143,0.20186959776715657,0.0978047106751347,0.003835246077583181,0.1100298303095506,0.1258741258741259,-0.8053760278442907,-0.10913025751799399,0.22090950641403195,0.027235103365704345,0.6484444444444445
ai_west,climatology,2,post2014,151,0.3752919389644946,0.12746532754719556,1.0783266210848767e-05,0.24814701109600457,0.45695364238410596,0.0,-0.0410322764536033,-0.0,-0.0,0.5271297278190173
ai_west,damped_persistence,2,post2014,151,0.33228011787999046,0.10672935188561505,0.023912412201902978,0.24814701109600457,0.45695364238410596,0.11460896603103798,0.07827935635568184,0.1934769060445978,0.2383246967605734,0.6113467656415695
ai_west,persistence,2,post2014,151,0.360499811055782,0.12942877402794248,0.015635380493712304,0.24814701109600457,0.45695364238410596,0.039414989699824154,0.0,0.17144442584892042,0.17144442584892042,0.6145281018027572
ai_west,pnt_persistence,2,post2014,151,0.3581098694518263,0.12837728160891218,0.01946735741635088,0.24814701109600457,0.45695364238410596,0.0457832096262899,0.006629522487005879,0.2252474031404362,0.2218673290705759,0.6201838105337575
ai_west,climatology,3,all,293,0.24788896706313193,0.0400826139426604,0.0004829481257065545,0.2087618958869643,0.29692832764505117,0.0,0.15709346500919685,-0.0,-0.0,0.5555183573261913
ai_west,damped_persistence,3,all,293,0.24637569615074675,0.055278693994309604,0.01669016658336982,0.2087618958869643,0.29692832764505117,0.006104631966132534,0.16223909918716373,0.0816238887629373,0.12085158544293279,0.6413625711416135
ai_west,persistence,3,all,293,0.29408832032110965,0.0976564310196913,0.01226570579106415,0.2087618958869643,0.29692832764505117,-0.18637115562392803,0.0,0.24044834412131544,0.21429390268556864,0.6450172971766543
ai_west,pnt_persistence,3,all,293,0.30431292256631404,0.10625562772647675,0.0113124297063836,0.2087618958869643,0.29692832764505117,-0.22761785718689187,-0.03476711429423762,0.2521754630637796,0.2592880687370611,0.6296451288918647
ai_west,climatology,3,pre2014,142,0.11259686665541183,0.0048552807632089336,0.0032681166973192706,0.11069232295179526,0.1267605633802817,0.0,0.34706472043802616,-0.0,-0.0,0.2968189964157706
ai_west,damped_persistence,3,pre2014,142,0.11981845863904651,0.010881645330529365,0.0019670495808941308,0.11069232295179526,0.1267605633802817,-0.06413670467168009,0.30518760324303895,0.24596170336445802,-0.4829102210640994,0.5080645161290323
ai_west,persistence,3,pre2014,142,0.17244720905714914,0.06469045928471405,0.004083920801333431,0.11069232295179526,0.1267605633802817,-0.5315453633794407,0.0,0.17790195561039526,0.1233001466365583,0.5403225806451613
ai_west,pnt_persistence,3,pre2014,142,0.1931452834776313,0.08590864802262073,0.004153135755769858,0.11069232295179526,0.1267605633802817,-0.7153699673431189,-0.12002556917939344,0.17790195561039526,0.13542031574083238,0.5459229390681004
ai_west,climatology,3,post2014,151,0.3751172998968819,0.12729024120742258,6.739969228522034e-05,0.24814701109600457,0.45695364238410596,0.0,0.08167365959587214,-0.0,-0.0,0.5213856486390951
ai_west,damped_persistence,3,post2014,151,0.3653897870557893,0.13380000780249013,0.015794173921005444,0.24814701109600457,0.45695364238410596,0.02593192274460998,0.1054876273095724,0.03590909571011664,0.03590909571011664,0.5321668434075646
ai_west,persistence,3,post2014,151,0.40847929912562897,0.1718159476139197,0.011407374108023203,0.24814701109600457,0.45695364238410596,-0.08893751164747155,0.0,-0.020440925688654157,-0.020440925688654157,0.5258925415341109
ai_west,pnt_persistence,3,post2014,151,0.40885467588149915,0.1641923171217663,0.005537060340358443,0.24814701109600457,0.45695364238410596,-0.08993820331371416,-0.0009189615157334519,0.048936153285866285,0.048936153285866285,0.5235949098621422
ai_west,climatology,6,all,290,0.24799853339186195,0.04130958138904272,0.0016268866758726256,0.2086087990487515,0.296551724137931,0.0,0.21578097638320048,-0.0,-0.0,0.5564580483356133
ai_west,damped_persistence,6,all,290,0.24548603557739274,0.038502187099580816,0.0005767544649827643,0.2086087990487515,0.296551724137931,0.010131099487186157,0.22372597733120636,-0.0,-0.0,0.5655494756041952
ai_west,persistence,6,all,290,0.31623631399312224,0.11486572524678076,0.006967328678815161,0.2086087990487515,0.296551724137931,-0.27515396832382844,0.0,0.09195854025701378,0.11033471284170795,0.5529810761513908
ai_west,pnt_persistence,6,all,290,0.3337654329237705,0.13321720451610078,0.009028132864987031,0.2086087990487515,0.296551724137931,-0.3458363174930088,-0.0554304428523964,0.15104892958151472,0.13008550077759531,0.5429776561787506
ai_west,climatology,6,pre2014,139,0.1148062119081455,0.002209081789219222,0.0005838722599740878,0.11272708451943482,0.12949640287769784,0.0,0.425889662931481,-0.0,-0.0,0.35697887970615244
ai_west,damped_persistence,6,pre2014,139,0.11504152606337786,0.004698567108906059,0.0028183728333215172,0.11272708451943482,0.12949640287769784,-0.00204966396261419,0.4247129296630274,-0.0,-0.0,0.3181818181818182
ai_west,persistence,6,pre2014,139,0.1999723824767914,0.09002870698414264,0.003438575477044663,0.11272708451943482,0.12949640287769784,-0.7418254565945082,0.0,-0.2302296963996511,-0.7396117503765086,0.3252984389348026
ai_west,pnt_persistence,6,pre2014,139,0.2354384097909103,0.12564765098926223,0.004080969737052574,0.11272708451943482,0.12949640287769784,-1.0507462608319535,-0.1773546270482378,-0.24277674117877715,-0.7777210574021499,0.3168044077134986
ai_west,climatology,6,post2014,151,0.37060603462521685,0.12294310313550808,4.0270818659169466e-05,0.24753300293846758,0.4503311258278146,0.0,0.12440250108928474,-0.0,-0.0,0.4754606661941885
ai_west,damped_persistence,6,post2014,151,0.3655640940042011,0.12260728372733952,0.0037375409907963487,0.24753300293846758,0.4503311258278146,0.013604583169063988,0.13631464008583993,-0.0,-0.0,0.4824592487597449
ai_west,persistence,6,post2014,151,0.4232607277730559,0.18799952315130633,0.010848207291196928,0.24753300293846758,0.4503311258278146,-0.14207726865831316,0.0,-0.041488916552632905,-0.0627706621551812,0.4934443656980865
ai_west,pnt_persistence,6,post2014,151,0.42427838799309203,0.18630707089564616,0.009562576788094478,0.24753300293846758,0.4503311258278146,-0.14482320403161397,-0.002404334145032605,-0.03964472889473679,-0.02224900666883525,0.4890148830616583
beaufort,climatology,1,all,295,0.14957857670281569,0.03703803258271771,0.03644730387640775,0.14954323470267164,0.18305084745762712,0.0,-0.08820035070700505,0.694864380601744,0.694864380601744,0.7738205009989242
beaufort,damped_persistence,1,all,295,0.136770296413354,0.05037861036516743,0.06156595723275581,0.14954323470267164,0.18305084745762712,0.0856291092735112,0.0049812760351583,0.743054949404327,0.8038941744529179,0.8842400491778085
beaufort,persistence,1,all,295,0.1374549976993063,0.052207885335935234,0.06288293869661653,0.14954323470267164,0.18305084745762712,0.08105157349903547,0.0,0.6183190877251061,0.8193027455807961,0.8799754110957432
beaufort,pnt_persistence,1,all,295,0.10001741188392822,0.02124106380320244,0.06814873670519955,0.14954323470267164,0.18305084745762712,0.3313386576565447,0.27236249275763524,0.8396057695783201,0.8492677936206047,0.9022975257415091
beaufort,climatology,1,pre2014,144,0.1498044522748336,0.04712393470998114,0.041018974818059606,0.14347029320987653,0.1736111111111111,0.0,-0.044098717954043076,0.733531924953376,0.733531924953376,0.8157983193277311
beaufort,damped_persistence,1,pre2014,144,0.13598650095163606,0.05503323224597415,0.05844888346020592,0.14347029320987653,0.1736111111111111,0.09223992420363392,0.052208868651149265,0.5889848608307041,0.793244369043314,0.8894117647058823
beaufort,persistence,1,pre2014,144,0.14347728782617603,0.06622437923000721,0.06329674399220969,0.14347029320987653,0.1736111111111111,0.04223615755458099,0.0,0.7554707927856327,0.839517629593425,0.9179831932773109
beaufort,pnt_persistence,1,pre2014,144,0.09685349695286632,0.02702051570732529,0.07061925273641338,0.14347029320987653,0.1736111111111111,0.35346716681572743,0.32495589775710587,0.839517629593425,0.8597822934383506,0.934453781512605
beaufort,climatology,1,post2014,151,0.14936317218380518,0.032498009048651286,0.03804685901546749,0.155168632954695,0.19205298013245034,0.0,-0.13401437073396893,0.6632113049623828,0.6632113049623828,0.7316280384397965
beaufort,damped_persistence,1,post2014,151,0.13751775698611815,0.05379183913811401,0.07060954187047729,0.155168632954695,0.19205298013245034,0.07930613031644873,-0.04408007926781532,0.8127863078793789,0.8127863078793789,0.8945732052006784
beaufort,persistence,1,post2014,151,0.13171188658494049,0.043186707273782446,0.06601760278545288,0.155168632954695,0.19205298013245034,0.11817695982744103,0.0,0.7531156108527174,0.805579303805061,0.858111927642736
beaufort,pnt_persistence,1,post2014,151,0.10303465526189455,0.0245026964578898,0.07524870644680418,0.155168632954695,0.19205298013245034,0.3101736274380884,0.21772698020350734,0.841445463792864,0.841445463792864,0.8648954211418882
beaufort,climatology,2,all,294,0.1485774618388074,0.03480372137268993,0.036242560865267094,0.1499375260308205,0.1836734693877551,0.0,0.2719470667892723,0.7119958087081847,0.6940929659177003,0.7744212962962962
beaufort,damped_persistence,2,all,294,0.17971247644880048,0.06606407453313906,0.035498404905746295,0.1499375260308205,0.1836734693877551,-0.20955408865290504,0.11938059787922384,0.5527741060867131,0.6941407740501855,0.8191743827160493
beaufort,persistence,2,all,294,0.20407508171634978,0.08827401205615673,0.03385731061609035,0.1499375260308205,0.1836734693877551,-0.37352650389028774,0.0,0.1372507425977915,0.6418057065271567,0.7704861111111111
beaufort,pnt_persistence,2,all,294,0.18285708198353745,0.070739330872393,0.0376752281858208,0.1499375260308205,0.1836734693877551,-0.2307188433594336,0.1039715361344501,0.6755673424503851,0.6792636465485864,0.8011574074074075
beaufort,climatology,2,pre2014,143,0.15028726555356475,0.04076730855738063,0.03453711121594709,0.1442613330725219,0.17482517482517482,0.0,0.2820690140594011,0.7319754612518764,0.7319754612518764,0.8284745762711864
beaufort,damped_persistence,2,pre2014,143,0.19074721307745615,0.09302198121567985,0.04434992490595424,0.1442613330725219,0.17482517482517482,-0.26921740424820517,0.08878949759511845,0.41102913275428926,0.7127975283890546,0.8218644067796609
beaufort,persistence,2,pre2014,143,0.20933386146673355,0.1139820021538599,0.04780575103700254,0.1442613330725219,0.17482517482517482,-0.3928915447072503,0.0,0.19509353951914604,0.6704426587301062,0.8045762711864408
beaufort,pnt_persistence,2,pre2014,143,0.18302750001241883,0.08837352459189016,0.051084361439520935,0.1442613330725219,0.17482517482517482,-0.21785102242867627,0.12566701473901398,0.7259886198891125,0.7295144211022886,0.844406779661017
beaufort,climatology,2,post2014,151,0.14695824375132194,0.029742729671384808,0.03832457745169907,0.155168632954695,0.19205298013245034,0.0,0.26186841404200445,0.6970428455075044,0.6632113049623828,0.717071791972866
beaufort,damped_persistence,2,post2014,151,0.16926236162828548,0.05952038009541578,0.04576420893343085,0.155168632954695,0.19205298013245034,-0.15177180474955776,0.1498408510985062,0.6879585642746827,0.6783855729464247,0.8284341435839457
beaufort,persistence,2,post2014,151,0.19909491281366845,0.07263287046245837,0.02908046407294554,0.155168632954695,0.19205298013245034,-0.3547719932647706,0.0,0.3718436250189749,0.6232032401505679,0.7671000565291125
beaufort,pnt_persistence,2,post2014,151,0.1826956927243982,0.06500051376924677,0.03648176426782629,0.155168632954695,0.19205298013245034,-0.24318097481860246,0.08236885542433803,0.6697983038840519,0.6419204457438458,0.7628603730921424
beaufort,climatology,3,all,293,0.15119738484563922,0.03489046497761668,0.03665788605985824,0.15247702361122434,0.18771331058020477,0.0,0.3499004901733118,0.6977901645814584,0.6977901645814584,0.7590527119938885
beaufort,damped_persistence,3,all,293,0.19314424024019486,0.06763139732234288,0.028390741641859965,0.15247702361122434,0.18771331058020477,-0.27743109073864014,0.16954267407343826,0.5648735545135551,0.644601695986922,0.7770435446906034
beaufort,persistence,3,all,293,0.2325757558038266,0.10407608250503637,0.02508430265715379,0.15247702361122434,0.18771331058020477,-0.5382260482961949,0.0,0.3792266724903977,0.6396560924322481,0.7597020626432391
beaufort,pnt_persistence,3,all,293,0.22283389547410867,0.0964393455616342,0.026003181360723486,0.15247702361122434,0.18771331058020477,-0.4737946407049618,0.0418868264925043,0.5501823701613241,0.6076368629034266,0.7463330786860198
beaufort,climatology,3,pre2014,142,0.1570991887189474,0.041209127177957994,0.033832967774907026,0.14957349732195993,0.18309859154929578,0.0,0.3779577257125303,0.7004859516993102,0.7004859516993102,0.798076923076923
beaufort,damped_persistence,3,pre2014,142,0.21802275860748974,0.09196099635295935,0.026332536404942673,0.14957349732195993,0.18309859154929578,-0.3878032113681722,0.13672773413708805,0.46711989882072125,0.6403506608396166,0.7496684350132626
beaufort,persistence,3,pre2014,142,0.25255387810884666,0.12515385249424388,0.02505208513113503,0.14957349732195993,0.18309859154929578,-0.6076077805893003,0.0,0.2710053487514845,0.6028238761755318,0.743368700265252
beaufort,pnt_persistence,3,pre2014,142,0.2295499370148038,0.11059107749587302,0.0322197562638646,0.14957349732195993,0.18309859154929578,-0.4611783732726449,0.09108528154981854,0.5140733456913641,0.6217350460515675,0.7354111405835544
beaufort,climatology,3,post2014,151,0.14564734411709776,0.03119349305840395,0.04185658628172115,0.155168632954695,0.19205298013245034,0.0,0.31873125000121527,0.6970428455075044,0.6970428455075044,0.7112775579423403
beaufort,damped_persistence,3,post2014,151,0.16974854747095075,0.05013501200862329,0.03550887874590733,0.155168632954695,0.19205298013245034,-0.1654764355639473,0.20599732559031048,0.6611467028895164,0.6509303616806528,0.817976257772753
beaufort,persistence,3,post2014,151,0.21378838251036406,0.08872200390905756,0.029058209162151974,0.155168632954695,0.19205298013245034,-0.46784950873173603,0.0,0.7711438207802204,0.6726038794937373,0.7842001130582249
beaufort,pnt_persistence,3,post2014,151,0.21651814780007755,0.08668091878928687,0.024365217130365935,0.155168632954695,0.19205298013245034,-0.4865918023606457,-0.012768538952677488,0.5866119288221301,0.5959793519424732,0.7532504239683437
beaufort,climatology,6,all,290,0.14861005743851555,0.03346711892417443,0.036670747856719504,0.15153388822829963,0.18620689655172415,0.0,0.42040106684622325,0.7089430975021994,0.7089430975021994,0.7613779033270559
beaufort,damped_persistence,6,all,290,0.16797535686391157,0.0496314191831629,0.03323143145941818,0.15153388822829963,0.18620689655172415,-0.1303094807927656,0.34487383079891376,0.6646132534825344,0.6870921975534752,0.76486974262398
beaufort,persistence,6,all,290,0.2564015372317584,0.13518102069197374,0.03085480043640677,0.15153388822829963,0.18620689655172415,-0.7253309880311394,0.0,0.37935012397329115,0.6047867299502107,0.714375392341494
beaufort,pnt_persistence,6,all,290,0.25257895595071767,0.1257086749468381,0.02513137652852278,0.15153388822829963,0.18620689655172415,-0.6996087633921895,0.014908573959077076,0.5564872656851981,0.5802647598895002,0.6889124293785311
beaufort,climatology,6,pre2014,139,0.14705766626439307,0.04225017053138872,0.037750999193504504,0.14284974897779618,0.17266187050359713,0.0,0.46993522217584716,0.7568743681599199,0.7568743681599199,0.8072463768115943
beaufort,damped_persistence,6,pre2014,139,0.19104827862832066,0.07486198613470968,0.027037277004155577,0.14284974897779618,0.17266187050359713,-0.29913851811599845,0.31137243003204407,0.6625258371531846,0.6803713620426887,0.7864130434782608
beaufort,persistence,6,pre2014,139,0.2774333862892111,0.17490435972457413,0.04023174348209284,0.14284974897779618,0.17266187050359713,-0.886561872880651,0.0,0.7593382865536787,0.5976179555827787,0.6909420289855073
beaufort,pnt_persistence,6,pre2014,139,0.2685446615465242,0.1584893341198925,0.034483078259071626,0.14284974897779618,0.17266187050359713,-0.8261180689737808,0.03203913148874182,0.4982914589314026,0.5588182705793738,0.6708333333333334
beaufort,climatology,6,post2014,151,0.15003907977760844,0.02689360074804663,0.037081184826897734,0.1592035437042235,0.1986754966887417,0.0,0.36703346399917935,0.6731466115782868,0.6731466115782868,0.7121212121212122
beaufort,damped_persistence,6,post2014,151,0.14673604477614427,0.03239595693554665,0.04520165155663598,0.1592035437042235,0.1986754966887417,0.022014497865222915,0.38096790445472695,0.6783987649298419,0.7055430576943398,0.7279614325068872
beaufort,persistence,6,post2014,151,0.23704109339741447,0.10542801511834896,0.02752469343660485,0.1592035437042235,0.1986754966887417,-0.579862351520434,0.0,0.32274064720567686,0.6143635679287917,0.7369146005509641
beaufort,pnt_persistence,6,post2014,151,0.23788204815060449,0.1024955297159846,0.023091017525472154,0.1592035437042235,0.1986754966887417,-0.5854672562854892,-0.003547717153751462,0.5994104821808408,0.5994104821808408,0.6909090909090909
chukchi,climatology,1,all,295,0.18464910377131588,0.03673318249063449,0.037261090819551035,0.1862223498994542,0.24745762711864408,0.0,-0.276781300890083,0.47451561364627565,0.42926613070919967,0.7468530174009627
chukchi,damped_persistence,1,all,295,0.14990362201219612,0.029553107574469557,0.06551958601353827,0.1862223498994542,0.24745762711864408,0.18817032441246684,-0.03652894929782469,0.6975084897581258,0.6685920558037881,0.7975132666913489
chukchi,persistence,1,all,295,0.14462077698239423,0.02716793985998044,0.0699306708070347,0.1862223498994542,0.24745762711864408,0.2167805094710663,0.0,0.7488308781617513,0.7403956162493599,0.8288288288288288
chukchi,pnt_persistence,1,all,295,0.1432044894916516,0.029218016300187277,0.07036170898015702,0.1862223498994542,0.24745762711864408,0.22445066579360484,0.00979311216752099,0.7499216820530842,0.7555520720524777,0.8722695298037765
chukchi,climatology,1,pre2014,144,0.1680353950999027,0.030608690434833385,0.031004908899832033,0.16893325617283952,0.2152777777777778,0.0,-0.16786508213744522,0.510659633338852,0.4730230170747523,0.7659149300599487
chukchi,damped_persistence,1,pre2014,144,0.14899735017408527,0.04161497478030887,0.061610541427328074,0.16893325617283952,0.2152777777777778,0.11329782582115311,-0.035548507478830205,0.6489440655090016,0.6279457293719124,0.7168141592920354
chukchi,persistence,1,pre2014,144,0.14388254060337316,0.03631562238571655,0.06328843802802135,0.16893325617283952,0.2152777777777778,0.14373670786544623,0.0,0.759199184223533,0.7512123046632141,0.8227233799600343
chukchi,pnt_persistence,1,pre2014,144,0.1440860984530119,0.038020019551549704,0.06140635020843355,0.16893325617283952,0.2152777777777778,0.14252530922221562,-0.001414750175977808,0.7458853210741095,0.7423253943612359,0.8763916642877533
chukchi,climatology,1,post2014,151,0.2004926405175642,0.04572248003756267,0.04495245803716177,0.20078066751458268,0.2781456953642384,0.0,-0.37961761273711514,0.46637721406107596,0.3925859601196988,0.7047837483617301
chukchi,damped_persistence,1,post2014,151,0.15076788124854024,0.030341925377420333,0.08033903741587194,0.20078066751458268,0.2781456953642384,0.24801289035179241,-0.0374546610219435,0.707715879240522,0.6954866491722159,0.8348623853211009
chukchi,persistence,1,post2014,151,0.1453247904829176,0.023331096842114075,0.07917203944900099,0.20078066751458268,0.2781456953642384,0.27516147172401384,0.0,0.7298852638995121,0.7379826195408493,0.8315858453473133
chukchi,pnt_persistence,1,post2014,151,0.14236374981989075,0.02703921590725497,0.08356137361600782,0.20078066751458268,0.2781456953642384,0.2899302964319085,0.020375330686438597,0.7606577241746381,0.7698260993191288,0.8667540410659677
chukchi,climatology,2,all,294,0.18322784275443607,0.0369478368588278,0.0392264190459013,0.18664676755055765,0.24829931972789115,0.0,0.15770991311272597,0.47347105705413706,0.43781559990017005,0.7482799231389079
chukchi,damped_persistence,2,all,294,0.19760694934541942,0.047931834285948646,0.035474835956939295,0.18664676755055765,0.24829931972789115,-0.07847664620629935,0.09160981196100015,0.5776351646776511,0.5308630053722313,0.7016673898221037
chukchi,persistence,2,all,294,0.21753531901528594,0.06432052562333235,0.03509380718512491,0.18664676755055765,0.24829931972789115,-0.1872394268529871,0.0,0.5079534576975818,0.5408247424485967,0.7154899894625922
chukchi,pnt_persistence,2,all,294,0.21628736869650783,0.0666106943953998,0.03576187391056196,0.18664676755055765,0.24829931972789115,-0.1804285060888835,0.0057367710421791784,0.5330794077709602,0.523595188033357,0.7569577883840575
chukchi,climatology,2,pre2014,143,0.16805730477599853,0.027266493333152418,0.0273319920173067,0.16978825370433762,0.21678321678321677,0.0,0.19325560583342982,0.508848113641914,0.508848113641914,0.7680011520737328
chukchi,damped_persistence,2,pre2014,143,0.18037898583604234,0.05166645668807331,0.040587451126253095,0.16978825370433762,0.21678321678321677,-0.07331833077096661,0.13410645349430217,0.5557271054016995,0.508848113641914,0.6247119815668203
chukchi,persistence,2,pre2014,143,0.2083154292625917,0.07186710523882321,0.034281250585998464,0.16978825370433762,0.21678321678321677,-0.23954998290763196,0.0,0.33567481129117,0.5574893889871193,0.7021889400921658
chukchi,pnt_persistence,2,pre2014,143,0.20906093482014007,0.07596024844228337,0.03635630104161572,0.16978825370433762,0.21678321678321677,-0.24398600286250427,-0.003578734231004299,0.591918023389615,0.5388421486055555,0.7632488479262673
chukchi,climatology,2,post2014,151,0.1975946436214332,0.048205629592838015,0.05128380675944379,0.20078066751458268,0.2781456953642384,0.0,0.12671811352658235,0.46637721406107596,0.37755257279885557,0.7077326343381389
chukchi,damped_persistence,2,post2014,151,0.21392217306622022,0.056193342488750915,0.04192384001537109,0.20078066751458268,0.2781456953642384,-0.08263143750024193,0.05455757590436083,0.5886825976865356,0.534182489560564,0.7359108781127129
chukchi,persistence,2,post2014,151,0.22626673778770504,0.07675622685042928,0.051093958313053585,0.20078066751458268,0.2781456953642384,-0.14510562452899278,0.0,0.5950863602301063,0.5225512011340855,0.7340541721275665
chukchi,pnt_persistence,2,post2014,151,0.2231309451489621,0.06658123105644859,0.042140113159186116,0.20078066751458268,0.2781456953642384,-0.12923579839772015,0.013858831701923036,0.5225512011340855,0.518095817218499,0.7512013979903888
chukchi,climatology,3,all,293,0.18319786727540116,0.03405185522570724,0.03715547470541705,0.18707265081713242,0.24914675767918087,0.0,0.2355981470700006,0.4792759188997145,0.45346493238730634,0.7488480697384807
chukchi,damped_persistence,3,all,293,0.2106276968632696,0.05107135148220279,0.028494954461946814,0.18707265081713242,0.24914675767918087,-0.14972788709725093,0.12114587273756816,0.5211499909872964,0.4868986950725696,0.686799501867995
chukchi,persistence,3,all,293,0.23966172579670292,0.08150693742105002,0.030047719806848457,0.18707265081713242,0.24914675767918087,-0.3082124227812091,0.0,0.453655402642075,0.4697408552425703,0.6934931506849316
chukchi,pnt_persistence,3,all,293,0.2560434802873607,0.09633028105561502,0.027077925519386068,0.18707265081713242,0.24914675767918087,-0.3976335210412181,-0.06835365320098652,0.4337052071424858,0.38082036605558645,0.7077833125778331
chukchi,climatology,3,pre2014,142,0.16869407461609628,0.027907191376746656,0.029414357821419913,0.1706506645506844,0.21830985915492956,0.0,0.27688319547335916,0.5070064343330296,0.5070064343330296,0.7670735251380413
chukchi,damped_persistence,3,pre2014,142,0.206660013840888,0.0724689793666327,0.038647209307792536,0.1706506645506844,0.21830985915492956,-0.22505792993139973,0.11414002434798465,0.4131305498175476,0.44089951959935547,0.5693112467306015
chukchi,persistence,3,pre2014,142,0.23328744894336265,0.0921959547045732,0.030676834643134514,0.1706506645506844,0.21830985915492956,-0.3829024491480453,0.0,0.40222712537122995,0.4583610544861236,0.6569311246730603
chukchi,pnt_persistence,3,pre2014,142,0.2521902226910949,0.11238393551190475,0.029718051642097995,0.1706506645506844,0.21830985915492956,-0.49495602181057086,-0.08102782139951925,0.4450628528692981,0.37370845006735026,0.7137460040685847
chukchi,climatology,3,post2014,151,0.19683719547156867,0.046587143657485626,0.04990160728121782,0.20078066751458268,0.2781456953642384,0.0,0.19872857866271054,0.45257105040536916,0.40787576569850875,0.7112276103101791
chukchi,damped_persistence,3,post2014,151,0.21435889546709866,0.04993486907642193,0.03668470675527053,0.20078066751458268,0.2781456953642384,-0.08901620424713297,0.1274024381635599,0.5529619731260944,0.5046329733433693,0.755570117955439
chukchi,persistence,3,post2014,151,0.24565607886408253,0.0842801063647582,0.039408789791939965,0.20078066751458268,0.2781456953642384,-0.24801655640112652,0.0,0.4985422891300379,0.469790591059071,0.72695500218436
chukchi,pnt_persistence,3,post2014,151,0.25966707352358404,0.09938722754359754,0.04248356444217645,0.20078066751458268,0.2781456953642384,-0.3191971817190953,-0.05703500082020585,0.39161488910101677,0.38498792876955473,0.6892747924858016
chukchi,climatology,6,all,290,0.18007809086941007,0.03538286004025463,0.04024892304114562,0.18663495838287752,0.2482758620689655,0.0,0.38629039402866416,0.48507845039079184,0.47558003288105877,0.7573904179408766
chukchi,damped_persistence,6,all,290,0.20931295894085847,0.05770726543565131,0.03429212139042985,0.18663495838287752,0.2482758620689655,-0.16234550205582243,0.28665739993076667,0.5013886828602756,0.39059744530107166,0.7317787971457697
chukchi,persistence,6,all,290,0.2934255698742002,0.13284665343317137,0.025836152187519605,0.18663495838287752,0.2482758620689655,-0.6294351437065602,0.0,0.20701271450981254,0.28162319891862475,0.6011404179408767
chukchi,pnt_persistence,6,all,290,0.3146404215436749,0.14672274357361642,0.019704763577407393,0.18663495838287752,0.2482758620689655,-0.7472443206422452,-0.0723006235570065,0.19820865734535595,0.16513106220802026,0.5976044852191641
chukchi,climatology,6,pre2014,139,0.166509124766603,0.0301467478885991,0.030960334769328315,0.16924589824543243,0.2158273381294964,0.0,0.4360959603196427,0.5217253324242042,0.5217253324242042,0.7770642201834863
chukchi,damped_persistence,6,pre2014,139,0.19658401968638478,0.05083304425845539,0.021873583331406203,0.16924589824543243,0.2158273381294964,-0.1806201009220243,0.3342435557622393,0.4545132838674558,0.4545132838674558,0.6990825688073395
chukchi,persistence,6,pre2014,139,0.29527918413385873,0.15988202236190666,0.03362555160096391,0.16924589824543243,0.2158273381294964,-0.7733513676668087,0.0,-0.1311114186557275,0.27045788804437865,0.5091743119266056
chukchi,pnt_persistence,6,pre2014,139,0.3097850458918576,0.16507004579050039,0.025777143837194316,0.16924589824543243,0.2158273381294964,-0.860468886171166,-0.049125920611535534,0.17299482745974584,0.021467818278795275,0.5782874617737004
chukchi,climatology,6,post2014,151,0.19256872854020596,0.04303328839953907,0.04954606664582246,0.20078066751458268,0.2781456953642384,0.0,0.3398833976454144,0.45257105040536916,0.43747481715890185,0.72957623416339
chukchi,damped_persistence,6,post2014,151,0.22103032686385085,0.07136129945722729,0.050967176366696176,0.20078066751458268,0.2781456953642384,-0.14779968969729396,0.24231836865337464,0.42789841893622343,0.33094496837265563,0.7378768020969856
chukchi,persistence,6,post2014,151,0.2917192627080246,0.12398157200971739,0.03301123048585976,0.20078066751458268,0.2781456953642384,-0.5148838802615725,0.0,0.5282261849549291,0.27248317177367093,0.6389252948885976
chukchi,pnt_persistence,6,post2014,151,0.31910993952779815,0.1443906450692105,0.02608623525191468,0.20078066751458268,0.2781456953642384,-0.6571223269055959,-0.09389396012284679,0.2037784000287461,0.2548719203876129,0.6089995631280035
egoa,climatology,1,all,295,0.16996239577789216,0.00980838110026447,1.657000828500418e-05,0.16000000000000003,0.2,0.0,-1.1274301779790918,-0.0,-0.0,0.46746624533180126
egoa,damped_persistence,1,all,295,0.07065336457954813,0.004489488609551682,0.0924916041752828,0.16000000000000003,0.2,0.5843000196827164,0.11562731688769656,0.860788811857375,0.8480529176703866,0.9342502154553289
egoa,persistence,1,all,295,0.07989093956509746,0.013549266618051791,0.09196311198932806,0.16000000000000003,0.2,0.5299493208515406,0.0,0.84749375514949,0.8554912472552816,0.9378411376041368
egoa,pnt_persistence,1,all,295,0.09074945127051678,0.020940547836184566,0.08748186559025911,0.16000000000000003,0.2,0.46606159053495166,-0.13591668547810087,0.84749375514949,0.8354576677929725,0.9356147658718759
egoa,climatology,1,pre2014,144,0.09826111497024963,0.0006939313618016091,0.0011582300139514068,0.09876543209876543,0.1111111111111111,0.0,-0.6540073477824719,0.1593619550392324,-0.0,0.58203125
egoa,damped_persistence,1,pre2014,144,0.042558844111739595,0.003377685577958783,0.05962548442223238,0.09876543209876543,0.1111111111111111,0.5668801018121454,0.28361650592649235,0.8180407394297016,0.8804146588509516,0.900634765625
egoa,persistence,1,pre2014,144,0.059407907166789994,0.017080359015421057,0.055516634751607424,0.09876543209876543,0.1111111111111111,0.3954077644572134,0.0,0.8361588689286188,0.8280020491203299,0.944580078125
egoa,pnt_persistence,1,pre2014,144,0.07655758512084025,0.03555932873230348,0.05667404215901484,0.09876543209876543,0.1111111111111111,0.22087607957614286,-0.2886766892141457,0.8361588689286188,0.7901328009525449,0.95849609375
egoa,climatology,1,post2014,151,0.23833977615074328,0.035602822468122054,0.0012249462742862157,0.20367527740011404,0.2847682119205298,0.0,-1.3971953608098135,-0.0,-0.0,0.40740740740740733
egoa,damped_persistence,1,post2014,151,0.09744549005878275,0.013883141722311258,0.11695002693314172,0.20367527740011404,0.2847682119205298,0.591148856340491,0.019903935157638553,0.8565071497878856,0.8219884304289821,0.95198105081826
egoa,persistence,1,post2014,151,0.09942442741513902,0.01691022432990523,0.1180795817050806,0.20367527740011404,0.2847682119205298,0.5828458471310478,0.0,0.8446958730926459,0.85272449423751,0.950473729543497
egoa,pnt_persistence,1,post2014,151,0.10428341634040698,0.01596997451480345,0.11026625816328024,0.20367527740011404,0.2847682119205298,0.5624590321237416,-0.04887117835720223,0.8611395281772583,0.8446958730926459,0.9483204134366925
egoa,climatology,2,all,294,0.17312299947408688,0.01081751125742948,0.0001527829419629467,0.1624323198667222,0.20408163265306123,0.0,-0.4214501624336999,-0.0,-0.0,0.4743589743589744
egoa,damped_persistence,2,all,294,0.11001462995220533,0.01081303059785867,0.0626708101116186,0.1624323198667222,0.20408163265306123,0.3645290903784718,0.09670977229658773,0.7267584410660709,0.7206417695209415,0.829985754985755
egoa,persistence,2,all,294,0.1217932250102098,0.027487690578082584,0.06720497991888537,0.1624323198667222,0.20408163265306123,0.29649309808521507,0.0,0.7358678505051081,0.7074029424815108,0.8463319088319088
egoa,pnt_persistence,2,all,294,0.12912654343816965,0.029978285314093956,0.061495756430158775,0.1624323198667222,0.20408163265306123,0.2541340906151678,-0.06021121804882923,0.7454920972190178,0.7408298975094758,0.8612179487179488
egoa,climatology,2,pre2014,143,0.10444473667869145,0.0006600790612126805,0.0008515110283929698,0.10474839845469217,0.11888111888111888,0.0,-0.025578032915566817,0.14434805571732653,-0.0,0.5809990662931839
egoa,damped_persistence,2,pre2014,143,0.08901195297197648,0.017655868778950992,0.033518191879658,0.10474839845469217,0.11888111888111888,0.14776028163287547,0.12596166606452774,0.6538583629228717,0.6246815077829015,0.7282913165266107
egoa,persistence,2,pre2014,143,0.10183987305360909,0.02785765853947944,0.031240341524884575,0.10474839845469217,0.11888111888111888,0.024940113862279456,0.0,0.5699440444031579,0.596444195880394,0.7747432306255836
egoa,pnt_persistence,2,pre2014,143,0.11408998593902661,0.03293456627389295,0.02356120957519559,0.10474839845469217,0.11888111888111888,-0.09234787282778378,-0.12028798267422225,0.6048353407616107,0.6412113154936561,0.8253968253968254
egoa,climatology,2,post2014,151,0.23816267881012357,0.036701204827782816,0.002327537188658238,0.20367527740011404,0.2847682119205298,0.0,-0.692825482124594,-0.0,-0.0,0.4137596899224806
egoa,damped_persistence,2,post2014,151,0.12990458232421018,0.022152324235020695,0.09400607366951276,0.20367527740011404,0.2847682119205298,0.45455525201000413,0.0766572315115075,0.7440920085131066,0.7440920085131066,0.8886735572782085
egoa,persistence,2,post2014,151,0.14068944573732173,0.03208784553360365,0.09214635378509771,0.20367527740011404,0.2847682119205298,0.4092716522999512,0.0,0.7633286353365746,0.7328739141226204,0.8938415159345392
egoa,pnt_persistence,2,post2014,151,0.14336646212941112,0.031618636510097775,0.0878231994459539,0.20367527740011404,0.2847682119205298,0.3980313672751776,-0.019027840916280292,0.7633286353365746,0.7633286353365746,0.8953488372093023
egoa,climatology,3,all,293,0.17610951787237086,0.011791397782094577,0.00029852291634480463,0.1648475812181854,0.20819112627986347,0.0,-0.1566762171306959,-0.0,-0.0,0.48364188807235725
egoa,damped_persistence,3,all,293,0.1386022505398457,0.017208175613294182,0.043195592668202505,0.1648475812181854,0.20819112627986347,0.21297694630966635,0.08966915146281629,0.5469196465371514,0.5602906603886617,0.7971664782362917
egoa,persistence,3,all,293,0.1522548101743081,0.03597121732617664,0.04695080096645636,0.1648475812181854,0.20819112627986347,0.13545382433759556,0.0,0.6304426345714703,0.5802385054740957,0.794340022611645
egoa,pnt_persistence,3,all,293,0.16274201802997595,0.045638885460906775,0.04618415924526413,0.1648475812181854,0.20819112627986347,0.07590447128520639,-0.06887932042121792,0.6191502489380338,0.6304426345714703,0.8144785189372528
egoa,climatology,3,pre2014,142,0.11037362173659417,0.0017704039299126404,0.0019408558156450437,0.11069232295179526,0.1267605633802817,0.0,0.23318285446857845,0.16678332845620977,-0.0,0.6146953405017921
egoa,damped_persistence,3,pre2014,142,0.11363269089055787,0.012750134679760503,0.010277272261178146,0.11069232295179526,0.1267605633802817,-0.029527609067150573,0.2105405775693383,0.29075061546997083,0.3293156064109016,0.6597222222222222
egoa,persistence,3,pre2014,142,0.14393734201144232,0.045880529564739404,0.014006059063791543,0.11069232295179526,0.1267605633802817,-0.30409186313508596,0.0,0.3885331872898718,0.31608171060813495,0.639336917562724
egoa,pnt_persistence,3,pre2014,142,0.16064972957243795,0.06363660665814505,0.012846690599120669,0.11069232295179526,0.1267605633802817,-0.45550836372686354,-0.11610876877014364,0.43197598423522676,0.35958971828625924,0.7311827956989247
egoa,climatology,3,post2014,151,0.23792738046363104,0.04002872955891021,0.005627535204217082,0.20367527740011404,0.2847682119205298,0.0,-0.4863351468966277,-0.0,-0.0,0.39965546942291136
egoa,damped_persistence,3,post2014,151,0.16208355828950716,0.03296626751188106,0.07446895911120906,0.20367527740011404,0.2847682119205298,0.3187687857796475,-0.01253789685877571,0.6259303900440182,0.6207963150500625,0.8568044788975022
egoa,persistence,3,post2014,151,0.16007653520163884,0.04261092721546998,0.0820555202257211,0.20367527740011404,0.2847682119205298,0.3272042297540122,0.0,0.6908770714356954,0.6562515939533992,0.8671403962101636
egoa,pnt_persistence,3,post2014,151,0.16470960055295877,0.041306787582144656,0.07740775982029251,0.20367527740011404,0.2847682119205298,0.30773162705359225,-0.02894281379518837,0.7029034488248617,0.7130030400216083,0.8645564168819982
egoa,climatology,6,all,290,0.1769417078700559,0.011460505430794377,7.032444368948518e-05,0.1660998810939358,0.2103448275862069,0.0,0.17758149644018295,-0.0,-0.0,0.538263297301167
egoa,damped_persistence,6,all,290,0.16976077083211447,0.018340260731354655,0.014010635305870921,0.1660998810939358,0.2103448275862069,0.040583631323458436,0.21095822578224488,0.297717249455928,0.2640204356444409,0.7206313980957835
egoa,persistence,6,all,290,0.21514801418519686,0.06631829926035328,0.0171359365460245,0.1660998810939358,0.2103448275862069,-0.21592594970994217,0.0,0.34020178138184703,0.36129297696816787,0.6848378552509128
egoa,pnt_persistence,6,all,290,0.23055661721615367,0.0796626984385017,0.015867289405080243,0.1660998810939358,0.2103448275862069,-0.3030088834989204,-0.07161861609233022,0.33468824977605005,0.34020178138184703,0.6872002290786742
egoa,climatology,6,pre2014,139,0.11167015724137525,0.0008645938276928997,0.0006607881894102239,0.11272708451943482,0.12949640287769784,0.0,0.4243785128924896,0.37949643931718946,-0.0,0.6505968778696052
egoa,damped_persistence,6,pre2014,139,0.11283239076151629,0.0014760929538684933,0.0005641832614937961,0.11272708451943482,0.12949640287769784,-0.010407736040246363,0.41838759639558054,0.17513978155926524,-0.0,0.6154729109274564
egoa,persistence,6,pre2014,139,0.193999285541817,0.08665463034897654,0.007145886003555313,0.11272708451943482,0.12949640287769784,-0.7372527301317147,0.0,-0.8027979156902543,-0.7152476194844489,0.4508723599632691
egoa,pnt_persistence,6,pre2014,139,0.22667415896069698,0.11717422443283126,0.00325275921777138,0.11272708451943482,0.12949640287769784,-1.029854390468354,-0.168427802853103,-0.3001362750656596,-0.7662091333723624,0.4357208448117539
egoa,climatology,6,post2014,151,0.2370261154024175,0.033964996028775715,0.0003389338319823827,0.20367527740011404,0.2847682119205298,0.0,-0.010272384389206302,-0.0,-0.0,0.48761843238587427
egoa,damped_persistence,6,post2014,151,0.22216504122822803,0.059659930199800204,0.04159724580054065,0.20367527740011404,0.2847682119205298,0.06269804552531555,0.05306971956019735,0.31689169273150847,0.24200065505039947,0.7962962962962963
egoa,persistence,6,post2014,151,0.23461604916155313,0.07786561618795768,0.043978021014115916,0.20367527740011404,0.2847682119205298,0.010167935447841336,0.0,0.44255391512955994,0.4810924222044944,0.7723944875107666
egoa,pnt_persistence,6,post2014,151,0.23413053574269985,0.0766498452631052,0.048243271888181595,0.20367527740011404,0.2847682119205298,0.0122162895628678,0.0020693955958612786,0.5383676139745569,0.5112607865134049,0.779285099052541
nbs,climatology,1,all,295,0.19494986510359413,0.027587026306920732,0.013079296949077435,0.18098247629991382,0.23728813559322035,0.0,-0.6276607902811608,0.1825139022145816,0.012362383419672301,0.6535873015873016
nbs,damped_persistence,1,all,295,0.11905857114477573,0.011372682685525791,0.07205463512609869,0.18098247629991382,0.23728813559322035,0.3892862091414664,0.005965108535595509,0.7734416768286362,0.724739091231777,0.8686984126984127
nbs,persistence,1,all,295,0.1197730302699733,0.017431564848945192,0.07708899581533704,0.18098247629991382,0.23728813559322035,0.38562137395515883,0.0,0.7765425179328924,0.7882340391616778,0.8813333333333333
nbs,pnt_persistence,1,all,295,0.13091587620420478,0.03109891369825906,0.07854811346812259,0.18098247629991382,0.23728813559322035,0.32846387898428364,-0.09303301343478632,0.761180081753283,0.7626544173275903,0.8938412698412699
nbs,climatology,1,pre2014,144,0.15534996482119012,0.03140812212913687,0.018074608115915585,0.14347029320987653,0.1736111111111111,0.0,-0.26398890369272676,0.3517214679038411,-0.010357597482274935,0.7082352941176471
nbs,damped_persistence,1,pre2014,144,0.12125811735801559,0.02699863054634003,0.048433154422737754,0.14347029320987653,0.1736111111111111,0.21945191621005322,0.01339588329088659,0.733531924953376,0.6390123116725379,0.8551260504201681
nbs,persistence,1,pre2014,144,0.12290453212630054,0.036988126214153816,0.056419153309471955,0.14347029320987653,0.1736111111111111,0.2088538142395765,0.0,0.762169068743221,0.7040539456569606,0.8566386554621849
nbs,pnt_persistence,1,pre2014,144,0.13982677248977887,0.05681471667682368,0.05916565486766444,0.14347029320987653,0.1736111111111111,0.09992401574907761,-0.13768605657347543,0.702184996481792,0.6735544548352357,0.8769747899159664
nbs,climatology,1,post2014,151,0.23271400841926418,0.04141490820459181,0.018395467959083592,0.2092013508179466,0.2980132450331126,0.0,-0.9926414022503696,0.2969065571230347,0.12355225511374296,0.6070230607966457
nbs,damped_persistence,1,post2014,151,0.1169609906500304,0.019012262831275356,0.1096055823480059,0.2092013508179466,0.2980132450331126,0.49740459783877666,-0.0014924069271287088,0.8260937542628429,0.7791176827622623,0.9053459119496855
nbs,persistence,1,post2014,151,0.11678669737387316,0.017405575914290858,0.1079077649509287,0.2092013508179466,0.2980132450331126,0.4981535569467441,0.0,0.8337474069250582,0.8337474069250582,0.9116352201257861
nbs,pnt_persistence,1,post2014,151,0.12241806782590901,0.017918562412496983,0.10084536150692068,0.2092013508179466,0.2980132450331126,0.4739548828304434,-0.04821927992370534,0.8081459839158551,0.8171166161673051,0.9180293501048218
nbs,climatology,2,all,294,0.19655946822779152,0.027677100291498287,0.013615659575956469,0.1831759914850294,0.24149659863945577,0.0,-0.28304835921480964,0.18958987184518522,-0.006209045681052833,0.6523084696519927
nbs,damped_persistence,2,all,294,0.14668546498176022,0.02090832464241686,0.055709494670023944,0.1831759914850294,0.24149659863945577,0.25373493170134465,0.04250582858008234,0.661950460953704,0.580963504239317,0.8003852712688688
nbs,persistence,2,all,294,0.1531972406309615,0.027954197603066538,0.05576788716774964,0.1831759914850294,0.24149659863945577,0.22060615033094122,0.0,0.7079520120645874,0.6401266485282211,0.8303859028611129
nbs,pnt_persistence,2,all,294,0.1631282715699365,0.04007090735673292,0.059524076506583805,0.1831759914850294,0.24149659863945577,0.17008184321658737,-0.0648251293435369,0.6762276924230145,0.63116011623828,0.8182909113876081
nbs,climatology,2,pre2014,143,0.15404252124851142,0.029048305514593642,0.018531488204745983,0.1442613330725219,0.17482517482517482,0.0,0.11288155306879688,0.3879180695688153,-0.03295699510908434,0.7057627118644068
nbs,damped_persistence,2,pre2014,143,0.1622955330648185,0.05151386624932473,0.03227066673402946,0.1442613330725219,0.17482517482517482,-0.05357619279025427,0.06535312412821981,0.5234764131259861,0.2994387821850208,0.7427118644067796
nbs,persistence,2,pre2014,143,0.1736436907398202,0.06340830837759041,0.03264054466774119,0.1442613330725219,0.17482517482517482,-0.12724518744851543,0.0,0.6704426587301062,0.4381063575906254,0.7759322033898306
nbs,pnt_persistence,2,pre2014,143,0.174985371992191,0.05932360063848742,0.02705076586195468,0.1442613330725219,0.17482517482517482,-0.13595499848962622,-0.007726634043854208,0.54531301402376,0.44098973333602937,0.7947457627118644
nbs,climatology,2,post2014,151,0.2368238617247256,0.040339603023688865,0.015372835904475912,0.21183281435024778,0.304635761589404,0.0,-0.7695337511270677,0.29099703941047284,0.11879057006017617,0.6014492753623188
nbs,damped_persistence,2,post2014,151,0.13190242037330102,0.010429984560814462,0.0888402447500437,0.21183281435024778,0.304635761589404,0.4430357675417902,0.014432992494615715,0.7726543432960352,0.7421048827048866,0.8473084886128365
nbs,persistence,2,post2014,151,0.1338340461570092,0.021248892383154614,0.09661679416734022,0.21183281435024778,0.304635761589404,0.4348793859608099,0.0,0.7563148760564745,0.7468000885479817,0.8769151138716357
nbs,pnt_persistence,2,post2014,151,0.15189936189852998,0.042982714500325085,0.10215902833713826,0.21183281435024778,0.304635761589404,0.35859773254144633,-0.13498296031734114,0.7568943345256306,0.716821842268091,0.8682194616977226
nbs,climatology,3,all,293,0.19588318991540585,0.027720545883857632,0.01565512536757476,0.183601439737213,0.24232081911262798,0.0,0.0001087457577680917,0.17863771780603419,0.04947429139466447,0.649727191980713
nbs,damped_persistence,3,all,293,0.18554119660213658,0.029485975155073677,0.026675485348948196,0.183601439737213,0.24232081911262798,0.05279673726844836,0.05289974160501454,0.4950458120305157,0.3836780853409283,0.7446390052023855
nbs,persistence,3,all,293,0.1959044936980232,0.04672661621865097,0.032733586867707186,0.183601439737213,0.24232081911262798,-0.00010875758469408581,0.0,0.5014611238808079,0.5778837290012658,0.7604682146935666
nbs,pnt_persistence,3,all,293,0.20273385530792795,0.053050160935728265,0.03305043572363261,0.183601439737213,0.24232081911262798,-0.03497321743371962,-0.034860668486920154,0.5395766356058251,0.49762323300025146,0.7662098718436746
nbs,climatology,3,pre2014,142,0.15256980811748366,0.03239515534364231,0.025921041626665618,0.1450605038682801,0.176056338028169,0.0,0.27222210918015843,0.435852414218154,-0.013978804983065142,0.7073504273504274
nbs,damped_persistence,3,pre2014,142,0.18557975130779916,0.06145868393101187,0.020166786107865594,0.1450605038682801,0.176056338028169,-0.21635960349964378,0.11476037328657052,0.3759282634294175,0.0866117037274421,0.705982905982906
nbs,persistence,3,pre2014,142,0.20963787172156856,0.09071879941464313,0.02453956397938773,0.1450605038682801,0.176056338028169,-0.3740455881031235,0.0,0.454354856277402,0.4154099679861917,0.7162393162393162
nbs,pnt_persistence,3,pre2014,142,0.20743731879009905,0.08659343051270778,0.022983269218551667,0.1450605038682801,0.176056338028169,-0.3596223351763388,0.01049692459381657,0.4317470398340361,0.32051322387725983,0.7524786324786326
nbs,climatology,3,post2014,151,0.23661497942073664,0.04377522402524589,0.01917277020013742,0.21183281435024778,0.304635761589404,0.0,-0.29305108075789454,0.29099703941047284,0.18871134858637,0.584472049689441
nbs,damped_persistence,3,post2014,151,0.18550493985906316,0.031596989368896204,0.056688918275713866,0.21183281435024778,0.304635761589404,0.2160050884639566,-0.013745467670370992,0.6471049290862549,0.563666769921733,0.7624223602484471
nbs,persistence,3,post2014,151,0.18298966138449052,0.03974269990718649,0.06616118673031854,0.21183281435024778,0.304635761589404,0.22663534729511914,0.0,0.6644008755497712,0.6855381137320062,0.7864389233954451
nbs,pnt_persistence,3,post2014,151,0.19831073070880018,0.04499258422629688,0.057930602731364716,0.21183281435024778,0.304635761589404,0.16188429323329445,-0.08372642043485534,0.5847074341623719,0.5955551343232459,0.7712215320910973
nbs,climatology,6,all,290,0.19733367823173098,0.027652006636690873,0.017413053044819743,0.18663495838287752,0.2482758620689655,0.0,0.1245241478621163,0.20078005776875588,0.08922834829036583,0.6489551478083588
nbs,damped_persistence,6,all,290,0.19408924995407845,0.030858133891781308,0.023280328648259768,0.18663495838287752,0.2482758620689655,0.016441330779039975,0.1389181359361772,0.327762101967262,0.19936057187360728,0.6907810907237513
nbs,persistence,6,all,290,0.22540162329988717,0.058236479654832314,0.020364699772253053,0.18663495838287752,0.2482758620689655,-0.14223595951622459,0.0,0.43585372472273076,0.3951021375547156,0.7105632008154944
nbs,pnt_persistence,6,all,290,0.23817799112543686,0.07518120337758982,0.022443508394042116,0.18663495838287752,0.2482758620689655,-0.2069809535792566,-0.05668267884899514,0.4072812601612735,0.37062352558525297,0.7187500000000001
nbs,climatology,6,pre2014,139,0.15573649024946448,0.03509812977640203,0.03242855948461248,0.1520625226437555,0.18705035971223022,0.0,0.22302959785829357,0.4511068285165809,-0.022627037041660577,0.7042205582028591
nbs,damped_persistence,6,pre2014,139,0.1721444537756119,0.050990234990824015,0.032056761019288844,0.1520625226437555,0.18705035971223022,-0.1053572191068679,0.14117015696029844,0.41286255035334785,-0.19261311020910385,0.6861810755616065
nbs,persistence,6,pre2014,139,0.20044069866777336,0.07537952910571105,0.027659435617609033,0.1520625226437555,0.18705035971223022,-0.2870503139418388,0.0,0.6024517629840307,0.2992624618335131,0.736215112321307
nbs,pnt_persistence,6,pre2014,139,0.20367492288296646,0.09829005848489243,0.04705710856733736,0.1520625226437555,0.18705035971223022,-0.3078175998233452,-0.016135566462746054,0.5079631162877721,0.3538081322308888,0.7743362831858407
nbs,climatology,6,post2014,151,0.23562512942070474,0.04421987635876855,0.020780477785237103,0.21183281435024778,0.304635761589404,0.0,0.05134803704880686,0.29099703941047284,0.18871134858637,0.5813664596273292
nbs,damped_persistence,6,post2014,151,0.21429008882034897,0.033904375897649955,0.03172931491117133,0.21183281435024778,0.304635761589404,0.09054654167324572,0.13724519154557346,0.4244007376766574,0.3857859681324474,0.6751552795031055
nbs,persistence,6,post2014,151,0.24837889829236282,0.07032219313833463,0.03589072143779913,0.21183281435024778,0.304635761589404,-0.05412737131652223,0.0,0.337160482888353,0.4444277357320319,0.6927536231884058
nbs,pnt_persistence,6,post2014,151,0.26993909367976393,0.08644216890769489,0.027625584214466214,0.21183281435024778,0.304635761589404,-0.14562947654786074,-0.08680365174187599,0.3678584879510595,0.3503740975100781,0.651966873706004
sebs,climatology,1,all,295,0.20000424020369836,0.026384992424449256,0.00750034205747983,0.18098247629991382,0.23728813559322035,0.0,-1.1166587447026268,0.05335526185700151,0.12160344892354714,0.42488888888888887
sebs,damped_persistence,1,all,295,0.09748274784350774,0.014119100815795307,0.09659983761161733,0.18098247629991382,0.23728813559322035,0.51259659423108,-0.03166668101862724,0.7929921943961019,0.8034790297064613,0.8875555555555555
sebs,persistence,1,all,295,0.09449054586822277,0.014110861934672408,0.09857791688785232,0.18098247629991382,0.23728813559322035,0.5275572869255825,0.0,0.8521682723752716,0.8544013643934213,0.9043174603174603
sebs,pnt_persistence,1,all,295,0.09945294272033979,0.015811331519947475,0.0952857362921937,0.18098247629991382,0.23728813559322035,0.5027458286931821,-0.052517390036434186,0.8380857421214222,0.842149569800463,0.9062539682539683
sebs,climatology,1,pre2014,144,0.11560307155074209,0.01720324993930131,0.01630299110384895,0.11453510802469137,0.13194444444444445,0.0,-1.1409104817826896,0.25592080933638406,0.24632370601922302,0.36252631578947364
sebs,damped_persistence,1,pre2014,144,0.05193738581260024,0.010351703312520666,0.07257908950617284,0.11453510802469137,0.13194444444444445,0.5507265930230654,0.03814585381686053,0.858694712647632,0.8354158025719606,0.9642105263157895
sebs,persistence,1,pre2014,144,0.05399715333005513,0.0170652746616128,0.07599203274860392,0.11453510802469137,0.13194444444444445,0.5329090083358732,0.0,0.9074252483372729,0.8903054645642666,0.9663157894736842
sebs,pnt_persistence,1,pre2014,144,0.053551604559937176,0.011666824867976282,0.07094335242728605,0.11453510802469137,0.13194444444444445,0.5367631340450019,0.008251338128781649,0.8757994355279588,0.8903054645642666,0.9722105263157894
sebs,climatology,1,post2014,151,0.28049277189923283,0.06045219609624236,0.003451936973927844,0.22367440024560328,0.33774834437086093,0.0,-1.1072766644263217,-0.0,-0.0,0.4238235294117647
sebs,damped_persistence,1,post2014,151,0.14091673547563147,0.025181291716337453,0.10508477982422294,0.22367440024560328,0.33774834437086093,0.4976101005331579,-0.058674511589962064,0.7556391393522105,0.7668193864986753,0.8913725490196078
sebs,persistence,1,post2014,151,0.13310676126885945,0.02437551841736036,0.11123296894439655,0.22367440024560328,0.33774834437086093,0.5254538633292194,0.0,0.8246732088057837,0.8187665045278953,0.8980392156862745
sebs,pnt_persistence,1,post2014,151,0.14322640427728003,0.02379199910814006,0.10122481322275931,0.22367440024560328,0.33774834437086093,0.48937577497100637,-0.07602651369437297,0.7812766735962436,0.7907260504427036,0.8945098039215686
sebs,climatology,2,all,294,0.19801621205309689,0.018962509998892017,0.002849087989785742,0.18140589569160995,0.23809523809523808,0.0,-0.3337232002264501,0.20896844130383266,0.5299918918971386,0.4400191326530612
sebs,damped_persistence,2,all,294,0.1469488912126554,0.024165866777272577,0.05640814884512364,0.18140589569160995,0.23809523809523808,0.25789464565026676,0.010236871891489918,0.6664013687316658,0.5909969603954671,0.7509885204081632
sebs,persistence,2,all,294,0.1484687467530565,0.033926236664904956,0.0659670072935379,0.18140589569160995,0.23809523809523808,0.2502192360227279,0.0,0.7092886137271719,0.6961119204727201,0.8030612244897959
sebs,pnt_persistence,2,all,294,0.15827096091052476,0.03171556461431357,0.05265364162728933,0.18140589569160995,0.23809523809523808,0.20071715709779703,-0.06602207112162128,0.6876776546139127,0.6876776546139127,0.8029336734693877
sebs,climatology,2,pre2014,143,0.11068202654841394,0.005686979434961506,0.010453601367126648,0.11521345787080052,0.13286713286713286,0.0,-0.17233234577364542,0.3029256463649239,0.6497636648806693,0.3707555178268251
sebs,damped_persistence,2,pre2014,143,0.0842724184277775,0.0126835071881834,0.04326523065941541,0.11521345787080052,0.13286713286713286,0.23860791986027197,0.10739543663631723,0.7056661689418332,0.6550833863865717,0.7574278438030561
sebs,persistence,2,pre2014,143,0.09441181670661204,0.03872662419450824,0.058152885592836955,0.11521345787080052,0.13286713286713286,0.14699956577579532,0.0,0.854208789819904,0.7093033719038359,0.9078947368421053
sebs,pnt_persistence,2,pre2014,143,0.09903986533818888,0.028057862070629373,0.042440152744554226,0.11521345787080052,0.13286713286713286,0.10518565275033709,-0.049019802743110574,0.7532705260839444,0.7093033719038359,0.894100169779287
sebs,climatology,2,post2014,151,0.2807234208422999,0.057123871844984596,0.0005347731324662157,0.22367440024560328,0.33774834437086093,0.0,-0.40599510953504936,-0.0,-0.0,0.4134313725490196
sebs,damped_persistence,2,post2014,151,0.20630475616787086,0.04552562921833224,0.05784469690129143,0.22367440024560328,0.33774834437086093,0.2650960310013988,-0.03327138638993099,0.5589480572924692,0.5153162654078359,0.7709803921568626
sebs,persistence,2,post2014,151,0.199661733485782,0.043073194222795756,0.0659982842394785,0.22367440024560328,0.33774834437086093,0.288759972763567,0.0,0.6260973300848108,0.6499869283308792,0.7872549019607844
sebs,pnt_persistence,2,post2014,151,0.21436398519426003,0.049360553955075256,0.054780851836183635,0.22367440024560328,0.33774834437086093,0.2363872435329083,-0.07363580117130941,0.6232107112541044,0.6232107112541044,0.7931372549019606
sebs,climatology,3,all,293,0.20078017404305779,0.02083840808159877,0.0040173591012281655,0.183601439737213,0.24232081911262798,0.0,-0.23966104006163702,0.5900296224525134,0.5287870580901235,0.46272681131836063
sebs,damped_persistence,3,all,293,0.16131701761880582,0.016828172425629406,0.03875644185065721,0.183601439737213,0.24232081911262798,0.19654906970938768,0.003993184117449755,0.547898981289664,0.5326149858479582,0.6827179291968024
sebs,persistence,3,all,293,0.1619637687678519,0.028261252836429215,0.048317624396814224,0.183601439737213,0.24232081911262798,0.19332787940945606,0.0,0.6696809173982781,0.6559017857063724,0.7584697373429767
sebs,pnt_persistence,3,all,293,0.169107552894838,0.03695011334473178,0.05061007248111954,0.183601439737213,0.24232081911262798,0.15774775223288484,-0.04410729746123354,0.68038639016164,0.666672798153553,0.7634817916508058
sebs,climatology,3,pre2014,142,0.11513571725497727,0.004102316054656216,0.01058328508947717,0.1210077365602063,0.14084507042253522,0.0,-0.09766675573974659,0.7609948972526824,0.6446877179648044,0.38729508196721313
sebs,damped_persistence,3,pre2014,142,0.1087414984362513,0.011334248252247096,0.02379705936964984,0.1210077365602063,0.14084507042253522,0.05553636153206443,-0.036706337951255774,0.4777505247947184,0.4454654085080792,0.6008196721311476
sebs,persistence,3,pre2014,142,0.1048913221184186,0.03820102037474527,0.05410928703955297,0.1210077365602063,0.14084507042253522,0.08897669099391314,0.0,0.7931888550906152,0.7141699215745223,0.8250000000000001
sebs,pnt_persistence,3,pre2014,142,0.10622887721520459,0.031299910977272125,0.04511487941734916,0.1210077365602063,0.14084507042253522,0.07735948715243401,-0.012751818451443908,0.7867699434951754,0.7141699215745223,0.8506147540983606
sebs,climatology,3,post2014,151,0.2813199943338354,0.06026975642974914,0.0028173085275843934,0.22367440024560328,0.33774834437086093,0.0,-0.30461467800590203,-0.0,-0.0,0.4173529411764706
sebs,damped_persistence,3,post2014,151,0.21075889658518157,0.04230857885865359,0.05383772122285288,0.22367440024560328,0.33774834437086093,0.25082148147963046,0.022610708291609383,0.5259116320304219,0.5259116320304219,0.7266666666666667
sebs,persistence,3,post2014,151,0.2156345464116898,0.04523980615678409,0.04954951850482748,0.22367440024560328,0.33774834437086093,0.23349015087849867,0.0,0.5928870431446834,0.5839547757467121,0.7533333333333333
sebs,pnt_persistence,3,post2014,151,0.22823849293793702,0.057976195548233904,0.05110137288280229,0.22367440024560328,0.33774834437086093,0.18868726882209408,-0.05845049754775267,0.5899717158224034,0.5899717158224034,0.7572549019607844
sebs,climatology,6,all,290,0.2018161454563622,0.02116045674614541,0.003979154020771143,0.1848870392390012,0.24482758620689654,0.0,-0.12751751552161195,0.5900296224525134,0.5287870580901235,0.5145668531738377
sebs,damped_persistence,6,all,290,0.20550810710129744,0.038184680134368834,0.016818881678295424,0.1848870392390012,0.24482758620689654,-0.018293688230873073,-0.14814396942541297,0.2782270449066643,0.23056594588803786,0.6112611743520484
sebs,persistence,6,all,290,0.17899158343717442,0.03992391447360672,0.04716159942998453,0.1848870392390012,0.24482758620689654,0.11309581781762368,0.0,0.6546056764040299,0.601093334718279,0.7399832786674385
sebs,pnt_persistence,6,all,290,0.19450400842610208,0.04958852921869576,0.04181723547954226,0.1848870392390012,0.24482758620689654,0.03623167518993764,-0.08666566712826751,0.6032135941601305,0.6163350742896313,0.7592449675220271
sebs,climatology,6,pre2014,139,0.11691220361003264,0.005552129367681696,0.011570449614659226,0.12318202991563583,0.14388489208633093,0.0,0.0031959403688973653,0.7609948972526824,0.6446877179648044,0.40756302521008403
sebs,damped_persistence,6,pre2014,139,0.11677942738750709,0.00544312940481322,0.011463779882231474,0.12318202991563583,0.14388489208633093,0.0011356917278578793,0.004328002493715677,0.4434050419485604,0.6446877179648044,0.4258403361344538
sebs,persistence,6,pre2014,139,0.11728704601514116,0.04494926985581317,0.051811675219000985,0.12318202991563583,0.14388489208633093,-0.0032061871518462848,0.0,0.8227628435353089,0.688724474044975,0.7701680672268907
sebs,pnt_persistence,6,pre2014,139,0.13125700109152869,0.0411772599805836,0.03463124891881167,0.12318202991563583,0.14388489208633093,-0.122697178211985,-0.11910910497809013,0.666481655554978,0.688724474044975,0.7634453781512606
sebs,climatology,6,post2014,151,0.2799727541758312,0.057635070231617444,0.001020826370289264,0.22367440024560328,0.33774834437086093,0.0,-0.1873694656042717,-0.0,-0.0,0.4879411764705882
sebs,damped_persistence,6,post2014,151,0.2871855010100184,0.09059825359926113,0.026998008204972817,0.22367440024560328,0.33774834437086093,-0.025762316963376275,-0.21795885412980365,0.14196807959315633,0.14196807959315633,0.6666666666666667
sebs,persistence,6,post2014,151,0.23579244901109908,0.05004268482295042,0.03971677500762483,0.22367440024560328,0.33774834437086093,0.15780215933792452,0.0,0.5458252562984167,0.5134656998710431,0.7122549019607843
sebs,pnt_persistence,6,post2014,151,0.25272476352216633,0.06642818971959681,0.03869675831431895,0.22367440024560328,0.33774834437086093,0.09732372256677624,-0.07181024914954004,0.5162377816298992,0.5179643969264541,0.7440196078431371
wgoa,climatology,1,all,295,0.17301104484943963,0.011903239500175503,0.0010210479299060454,0.16202240735420856,0.2033898305084746,0.0,-1.2765786060417903,-0.0,-0.0,0.43638297872340426
wgoa,damped_persistence,1,all,295,0.07030697258492766,0.008285805787762493,0.09930110378914805,0.16202240735420856,0.2033898305084746,0.5936272586174409,0.07486051088991275,0.8641215434004779,0.8531539648234184,0.9182978723404256
wgoa,persistence,1,all,295,0.07599607779423354,0.012081125882431393,0.09639663864264414,0.16202240735420856,0.2033898305084746,0.5607443567526684,0.0,0.8829246144176403,0.8725517894770836,0.9178723404255318
wgoa,pnt_persistence,1,all,295,0.07598112041424396,0.007398055782220259,0.09127748760875679,0.16202240735420856,0.2033898305084746,0.560830810077094,0.00019681778880842327,0.8829246144176403,0.8829246144176403,0.922836879432624
wgoa,climatology,1,pre2014,144,0.08812531980683391,0.0005230195065793219,0.00015003429355281206,0.08777006172839506,0.09722222222222222,0.0,-0.6800034407418909,-0.03924308059804262,-0.0,0.41978021978021973
wgoa,damped_persistence,1,pre2014,144,0.04678055433172046,0.0055752366672994465,0.0478261514719848,0.08777006172839506,0.09722222222222222,0.4691587567085035,0.10818488478258259,0.8558430430610275,0.8193815764469774,0.8576923076923078
wgoa,persistence,1,pre2014,144,0.05245544007214515,0.019246217068839375,0.05469433508311461,0.08777006172839506,0.09722222222222222,0.40476312384312785,0.0,0.8198604293457215,0.8101562860147151,0.8697802197802198
wgoa,pnt_persistence,1,pre2014,144,0.05101550464444452,0.006044290489952906,0.041092973384640054,0.08777006172839506,0.09722222222222222,0.42110275734297664,0.0274506405002074,0.8198604293457215,0.8558430430610275,0.9027472527472528
wgoa,climatology,1,post2014,151,0.25396167005563314,0.043174437467935076,0.0009529657220547972,0.21183281435024778,0.304635761589404,0.0,-1.5797203186957418,-0.0,-0.0,0.44637681159420295
wgoa,damped_persistence,1,post2014,151,0.09274276217739012,0.0151856177134542,0.13124396632859883,0.21183281435024778,0.304635761589404,0.6348159068371468,0.05792717480330878,0.8618733470018154,0.8472305724800417,0.9333333333333333
wgoa,persistence,1,post2014,151,0.09844542767490058,0.012514592771147642,0.12158776981671997,0.21183281435024778,0.304635761589404,0.612361079318249,0.0,0.8748864590834531,0.8748864590834531,0.9285714285714286
wgoa,pnt_persistence,1,post2014,151,0.09978938975762887,0.01275902645766381,0.12169726659539234,0.21183281435024778,0.304635761589404,0.607069091427187,-0.013651848688864376,0.8748864590834531,0.8748864590834531,0.9362318840579711
wgoa,climatology,2,all,294,0.17323017491518314,0.010650704622828707,5.2665423575692565e-05,0.1624323198667222,0.20408163265306123,0.0,-0.5166354987335364,-0.0,-0.0,0.46413817663817664
wgoa,damped_persistence,2,all,294,0.11673513647582509,0.018001774855955277,0.06305609378000493,0.1624323198667222,0.20408163265306123,0.3261270068394211,-0.02201970306515566,0.7059085690245116,0.687263610077858,0.851068376068376
wgoa,persistence,2,all,294,0.11422004500081837,0.021718273644843775,0.06868374736332977,0.1624323198667222,0.20408163265306123,0.3406457907420418,0.0,0.7782773958991978,0.7743925654976205,0.8556623931623931
wgoa,pnt_persistence,2,all,294,0.11926684503992069,0.02357488933751414,0.06484053628091484,0.1624323198667222,0.20408163265306123,0.3115122980259296,-0.04418488925535069,0.8002943439574044,0.7736341325866203,0.850534188034188
wgoa,climatology,2,pre2014,143,0.08865114823176422,0.0001554549121553542,3.181585454733994e-06,0.08831727712846595,0.0979020979020979,0.0,0.0166417969639836,-0.035408996386175604,-0.0,0.42884828349944626
wgoa,damped_persistence,2,pre2014,143,0.07934370968816033,0.01838401883115422,0.027451011611037628,0.08831727712846595,0.0979020979020979,0.10498948664794594,0.11988406989178158,0.5712754434107895,0.5992719590783987,0.7447397563676633
wgoa,persistence,2,pre2014,143,0.09015143002627425,0.029310094127887182,0.027394200205389015,0.08831727712846595,0.0979020979020979,-0.016923433304978586,0.0,0.6833959797489831,0.5873108251694156,0.7967884828349945
wgoa,pnt_persistence,2,pre2014,143,0.10014430423007102,0.03391685013855307,0.02112846593965475,0.08831727712846595,0.0979020979020979,-0.12964475054806712,-0.11084543196801633,0.6026377681476687,0.6285221232482379,0.8205980066445183
wgoa,climatology,2,post2014,151,0.2533281935623944,0.04169919872730393,7.710570593944155e-07,0.21183281435024778,0.304635761589404,0.0,-0.8489286870765229,-0.0,-0.0,0.50527950310559
wgoa,damped_persistence,2,post2014,151,0.1521455605197725,0.028009151509699143,0.0862229203065916,0.21183281435024778,0.304635761589404,0.39941323395455686,-0.1104421008199361,0.6657265190950742,0.690096152109202,0.8778467908902692
wgoa,persistence,2,post2014,151,0.13701350156611514,0.020450971417829752,0.09269211725101342,0.21183281435024778,0.304635761589404,0.4591462575113303,0.0,0.8023989309093069,0.8023989309093069,0.8683229813664598
wgoa,pnt_persistence,2,post2014,151,0.13737627110487768,0.023235120112460633,0.09549762784614992,0.21183281435024778,0.304635761589404,0.4577142434363821,-0.0026476919034690294,0.810991951225641,0.793405272405772,0.8642857142857143
wgoa,climatology,3,all,293,0.17359984247903398,0.010564322375792017,7.351095252938762e-06,0.1628440634136682,0.20477815699658702,0.0,-0.2179184047677265,-0.0,-0.0,0.48086552217453504
wgoa,damped_persistence,3,all,293,0.14058485802919735,0.017948140874323008,0.0377455926370943,0.1628440634136682,0.20477815699658702,0.19017865441798387,0.013703678641897032,0.5739754388601307,0.5134658062897528,0.7879828326180257
wgoa,persistence,3,all,293,0.1425381551009091,0.02724548231447,0.046302051334355804,0.1628440634136682,0.20477815699658702,0.17892693296583073,0.0,0.6687576704988927,0.6425238352986115,0.8072603719599427
wgoa,pnt_persistence,3,all,293,0.15301370727825978,0.03863178351819607,0.047992651357879494,0.1628440634136682,0.20477815699658702,0.11858383571552167,-0.07349296874184019,0.6687576704988927,0.6466611398337253,0.7954220314735336
wgoa,climatology,3,pre2014,142,0.0890736306926768,2.4590632415991757e-05,0.00010590497819359075,0.08887125570323348,0.09859154929577464,0.0,0.24975689301594406,-0.019875147952817605,-0.0,0.4402901785714286
wgoa,damped_persistence,3,pre2014,142,0.09981960948047619,0.018954503577444836,0.0059594479390858756,0.08887125570323348,0.09859154929577464,-0.12064152661381145,0.1592464192578984,-0.049230007447337534,-0.5732968238562391,0.5661272321428572
wgoa,persistence,3,pre2014,142,0.11872635664824546,0.03790510715760757,0.006898790280063837,0.08887125570323348,0.09859154929577464,-0.33290128318533396,0.0,0.3223738014562324,0.2844366907150391,0.6886160714285714
wgoa,pnt_persistence,3,pre2014,142,0.13188135815208898,0.055744034519701564,0.012090322168138618,0.08887125570323348,0.09859154929577464,-0.48058810589082257,-0.11080102072716924,0.47113005327615715,0.33352894815374085,0.6713169642857143
wgoa,climatology,3,post2014,151,0.25308806813242946,0.04156327223011887,2.0013507554043915e-06,0.21183281435024778,0.304635761589404,0.0,-0.5345115066426687,-0.0,-0.0,0.5213250517598343
wgoa,damped_persistence,3,post2014,151,0.17892038977700134,0.039153665182666074,0.07037868057639435,0.21183281435024778,0.304635761589404,0.29305086922003587,-0.08482157579288763,0.5733980199555022,0.5685192536802072,0.8420289855072465
wgoa,persistence,3,post2014,151,0.1649307072881822,0.036348654228425405,0.08202665343366027,0.21183281435024778,0.304635761589404,0.3483268156210293,0.0,0.7368509621985985,0.6963992320424213,0.8453416149068322
wgoa,pnt_persistence,3,post2014,151,0.172886512416778,0.038332154783721685,0.0771991732710712,0.21183281435024778,0.304635761589404,0.31689188790079836,-0.048237258297174845,0.716821842268091,0.6960280045895575,0.8387163561076604
wgoa,climatology,6,all,290,0.1722792174237535,0.010234069858357024,3.44266475426935e-05,0.16205707491082044,0.20344827586206896,0.0,0.16584571854248153,-0.0,-0.0,0.48576564678259593
wgoa,damped_persistence,6,all,290,0.17147092320168048,0.019734388640927438,0.008141753159931191,0.16205707491082044,0.20344827586206896,0.004691768596120638,0.1697593774045435,0.16443014000738188,0.10399411743946237,0.6374275442072053
wgoa,persistence,6,all,290,0.20653159883412678,0.070708899175005,0.027444948349987393,0.16205707491082044,0.20344827586206896,-0.19881899815067672,0.0,0.39620879213528926,0.415871701792276,0.6824051654560128
wgoa,pnt_persistence,6,all,290,0.2152486426447231,0.073355940459644,0.02079380367613596,0.16205707491082044,0.20344827586206896,-0.2494173462332263,-0.04220682868773662,0.4128185276469853,0.41756602645362506,0.685817007850906
wgoa,climatology,6,pre2014,139,0.08493377550732914,0.0003218669991656505,2.3552413424526764e-05,0.08477822058899644,0.09352517985611511,0.0,0.4755036573890934,-0.014003691047395751,-0.0,0.4633699633699634
wgoa,damped_persistence,6,pre2014,139,0.08724255319687231,0.0024245456313589657,7.194909503541095e-05,0.08477822058899644,0.09352517985611511,-0.027183269267759602,0.46124613207794596,-0.014003691047395751,-0.4816350817694022,0.4291819291819292
wgoa,persistence,6,pre2014,139,0.16193397094922465,0.08467415573947679,0.008403005674145932,0.08477822058899644,0.09352517985611511,-0.9065909878838601,0.0,0.08760366756440009,-0.7109017576594758,0.4514652014652015
wgoa,pnt_persistence,6,pre2014,139,0.17206526683496876,0.09061844640264967,0.004094449022179086,0.08477822058899644,0.09352517985611511,-1.0258756402524556,-0.06256436389694175,0.0009951104699201538,-0.7195146621850994,0.4343711843711844
wgoa,climatology,6,post2014,151,0.25268329971768055,0.0412157954178942,1.2927848353236146e-07,0.21183281435024778,0.304635761589404,0.0,-0.020591935833935482,-0.0,-0.0,0.5280538302277433
wgoa,damped_persistence,6,post2014,151,0.2490056479080933,0.0707102162510086,0.032323659695008215,0.21183281435024778,0.304635761589404,0.014554392053991116,-0.005737840672666694,0.10465468917022445,0.0565535086023821,0.6884057971014492
wgoa,persistence,6,post2014,151,0.2475850443705599,0.08016046688014213,0.04620321869857709,0.21183281435024778,0.304635761589404,0.020176463394363076,0.0,0.47061032875885805,0.47061032875885805,0.7347826086956522
wgoa,pnt_persistence,6,post2014,151,0.2550002269993976,0.0859425754683267,0.042307299693437904,0.21183281435024778,0.304635761589404,-0.00916929327860494,-0.029950042611376126,0.4862993733809227,0.45966610532516394,0.7377846790890269
