zone,forecaster,lead,bin,n,p_mean,o_freq
ai_central,climatology,1,0,148,0.09314381727437143,0.30405405405405406
ai_central,climatology,1,1,147,0.11032547189459564,0.2789115646258503
ai_central,damped_persistence,1,0,193,0.05193824385303467,0.12953367875647667
ai_central,damped_persistence,1,1,27,0.14451537434825926,0.6666666666666666
ai_central,damped_persistence,1,2,6,0.23650678909810788,0.16666666666666666
ai_central,damped_persistence,1,3,3,0.33297836200031256,0.6666666666666666
ai_central,damped_persistence,1,4,4,0.4429718273433627,0.25
ai_central,damped_persistence,1,5,5,0.5411350014458342,0.2
ai_central,damped_persistence,1,6,2,0.6616889023650698,0.5
ai_central,damped_persistence,1,7,4,0.7453816320572895,0.5
ai_central,damped_persistence,1,8,10,0.8398750245059647,0.5
ai_central,damped_persistence,1,9,41,0.9716621664521619,0.7317073170731707
ai_central,persistence,1,0,188,0.04272797433294283,0.1276595744680851
ai_central,persistence,1,1,13,0.1440654070613476,0.3076923076923077
ai_central,persistence,1,2,3,0.2332707092321916,1.0
ai_central,persistence,1,3,1,0.3915929203539823,1.0
ai_central,persistence,1,4,4,0.45681331675742576,0.75
ai_central,persistence,1,5,2,0.5223374311352755,0.5
ai_central,persistence,1,6,1,0.6049382716049383,0.0
ai_central,persistence,1,7,7,0.7508439442997964,0.5714285714285714
ai_central,persistence,1,8,13,0.8485119276204032,0.46153846153846156
ai_central,persistence,1,9,63,0.965468158136792,0.6349206349206349
ai_central,pnt_persistence,1,0,186,0.0400955171342879,0.11290322580645161
ai_central,pnt_persistence,1,1,13,0.13010523652114897,0.6153846153846154
ai_central,pnt_persistence,1,2,3,0.2242193862302474,0.6666666666666666
ai_central,pnt_persistence,1,3,1,0.3649484536082474,0.0
ai_central,pnt_persistence,1,4,3,0.4607664807664807,0.6666666666666666
ai_central,pnt_persistence,1,6,1,0.6421800947867299,0.0
ai_central,pnt_persistence,1,7,6,0.7512688855546847,0.8333333333333334
ai_central,pnt_persistence,1,8,15,0.8568577076126053,0.4666666666666667
ai_central,pnt_persistence,1,9,67,0.9656337547534467,0.6119402985074627
ai_central,climatology,2,0,141,0.09320603436072296,0.2907801418439716
ai_central,climatology,2,1,153,0.10911546485205562,0.29411764705882354
ai_central,damped_persistence,2,0,181,0.07234458883408365,0.18232044198895028
ai_central,damped_persistence,2,1,63,0.14122826651666445,0.4603174603174603
ai_central,damped_persistence,2,2,10,0.22709656666484762,0.4
ai_central,damped_persistence,2,3,7,0.33748370090814717,0.5714285714285714
ai_central,damped_persistence,2,4,2,0.4225671601537291,0.5
ai_central,damped_persistence,2,6,3,0.6477942194019198,0.3333333333333333
ai_central,damped_persistence,2,7,4,0.7384530312179769,0.25
ai_central,damped_persistence,2,8,4,0.8357864341492321,0.75
ai_central,damped_persistence,2,9,20,0.9724107583044328,0.5
ai_central,persistence,2,0,171,0.05726169683357225,0.17543859649122806
ai_central,persistence,2,1,22,0.13359230939592878,0.2727272727272727
ai_central,persistence,2,2,9,0.23391693964557586,0.5555555555555556
ai_central,persistence,2,3,2,0.33702134153499397,0.5
ai_central,persistence,2,4,4,0.4311075979855824,0.5
ai_central,persistence,2,5,1,0.5057471264367817,0.0
ai_central,persistence,2,6,7,0.6428147511096386,0.5714285714285714
ai_central,persistence,2,7,8,0.755843561619555,0.625
ai_central,persistence,2,8,17,0.8597359271019753,0.4117647058823529
ai_central,persistence,2,9,53,0.961070966085886,0.49056603773584906
ai_central,pnt_persistence,2,0,169,0.053031626072157986,0.17751479289940827
ai_central,pnt_persistence,2,1,21,0.1320035620436985,0.2857142857142857
ai_central,pnt_persistence,2,3,6,0.3318176340450372,0.5
ai_central,pnt_persistence,2,4,4,0.45660275684766727,0.25
ai_central,pnt_persistence,2,5,4,0.5590780090154364,0.5
ai_central,pnt_persistence,2,6,3,0.6649927622652512,0.6666666666666666
ai_central,pnt_persistence,2,7,8,0.7647394955137734,0.375
ai_central,pnt_persistence,2,8,20,0.8658316227337336,0.5
ai_central,pnt_persistence,2,9,59,0.9634739464303067,0.4915254237288136
ai_central,climatology,3,0,169,0.09237427929318792,0.28994082840236685
ai_central,climatology,3,1,124,0.10873632128655253,0.29838709677419356
ai_central,damped_persistence,3,0,182,0.08017726429694326,0.22527472527472528
ai_central,damped_persistence,3,1,79,0.13511530888498738,0.4177215189873418
ai_central,damped_persistence,3,2,13,0.24575184251987986,0.38461538461538464
ai_central,damped_persistence,3,3,4,0.34265471382259166,0.25
ai_central,damped_persistence,3,5,3,0.5847710048979148,0.6666666666666666
ai_central,damped_persistence,3,8,1,0.8879837067209776,0.0
ai_central,damped_persistence,3,9,11,0.9649633749704869,0.36363636363636365
ai_central,persistence,3,0,158,0.0641583314321756,0.22151898734177214
ai_central,persistence,3,1,35,0.1332135246336152,0.2857142857142857
ai_central,persistence,3,2,8,0.25596155606967863,0.25
ai_central,persistence,3,3,2,0.36914695034184963,0.5
ai_central,persistence,3,4,6,0.4613147214403952,0.5
ai_central,persistence,3,5,4,0.5526356351202764,0.25
ai_central,persistence,3,6,3,0.6301366075393534,0.3333333333333333
ai_central,persistence,3,7,7,0.7592194490397378,0.42857142857142855
ai_central,persistence,3,8,18,0.8586214792173799,0.3888888888888889
ai_central,persistence,3,9,52,0.9552191695410666,0.4423076923076923
ai_central,pnt_persistence,3,0,157,0.05925850835328649,0.21656050955414013
ai_central,pnt_persistence,3,1,27,0.131937818929186,0.3333333333333333
ai_central,pnt_persistence,3,2,7,0.2252676849442449,0.14285714285714285
ai_central,pnt_persistence,3,3,2,0.34688310040422715,0.0
ai_central,pnt_persistence,3,4,2,0.44069549288700455,0.5
ai_central,pnt_persistence,3,5,4,0.5530005410359181,0.25
ai_central,pnt_persistence,3,6,3,0.6457770245051783,0.3333333333333333
ai_central,pnt_persistence,3,7,8,0.7505723630152326,0.5
ai_central,pnt_persistence,3,8,23,0.8466691350167186,0.34782608695652173
ai_central,pnt_persistence,3,9,60,0.9587650817948125,0.45
ai_central,climatology,6,0,176,0.09125819091534769,0.2840909090909091
ai_central,climatology,6,1,114,0.10681100145875191,0.3333333333333333
ai_central,damped_persistence,6,0,167,0.08926926228383353,0.25748502994011974
ai_central,damped_persistence,6,1,117,0.11632999013547038,0.358974358974359
ai_central,damped_persistence,6,2,3,0.2551408523439716,0.3333333333333333
ai_central,damped_persistence,6,3,2,0.34891602507188957,0.5
ai_central,damped_persistence,6,9,1,0.995,1.0
ai_central,persistence,6,0,150,0.06831964012700044,0.24666666666666667
ai_central,persistence,6,1,38,0.1285150872896458,0.34210526315789475
ai_central,persistence,6,2,8,0.24470333297558916,0.25
ai_central,persistence,6,3,6,0.34318021042219526,0.3333333333333333
ai_central,persistence,6,4,3,0.4213661756388462,0.6666666666666666
ai_central,persistence,6,5,6,0.5315168978438587,0.3333333333333333
ai_central,persistence,6,6,2,0.6425119663615118,0.5
ai_central,persistence,6,7,4,0.7450039241240617,0.0
ai_central,persistence,6,8,28,0.8648671637451576,0.35714285714285715
ai_central,persistence,6,9,45,0.9547118734691834,0.4222222222222222
ai_central,pnt_persistence,6,0,149,0.06478041186546375,0.22818791946308725
ai_central,pnt_persistence,6,1,35,0.1368416824065191,0.4
ai_central,pnt_persistence,6,2,10,0.23640864014609372,0.2
ai_central,pnt_persistence,6,3,3,0.3452790549169859,0.3333333333333333
ai_central,pnt_persistence,6,5,1,0.5555555555555556,0.0
ai_central,pnt_persistence,6,6,2,0.6899816970867862,0.5
ai_central,pnt_persistence,6,7,5,0.7459681572642204,0.8
ai_central,pnt_persistence,6,8,24,0.8551843400513895,0.25
ai_central,pnt_persistence,6,9,61,0.9517216420713411,0.4262295081967213
ai_east,climatology,1,0,141,0.09186211744750797,0.22695035460992907
ai_east,climatology,1,1,154,0.11605371681722867,0.19480519480519481
ai_east,damped_persistence,1,0,225,0.05603496768560651,0.07555555555555556
ai_east,damped_persistence,1,1,13,0.12510839134870577,0.3076923076923077
ai_east,damped_persistence,1,2,7,0.24360780809236443,0.5714285714285714
ai_east,damped_persistence,1,4,1,0.40268456375838924,1.0
ai_east,damped_persistence,1,5,1,0.5119047619047619,1.0
ai_east,damped_persistence,1,7,1,0.7992125984251969,0.0
ai_east,damped_persistence,1,8,4,0.854036828605365,0.25
ai_east,damped_persistence,1,9,43,0.9806618924542373,0.7906976744186046
ai_east,persistence,1,0,218,0.04501457085807045,0.06422018348623854
ai_east,persistence,1,1,11,0.13363338741067762,0.36363636363636365
ai_east,persistence,1,2,1,0.25,0.0
ai_east,persistence,1,4,4,0.45589052673218217,0.25
ai_east,persistence,1,5,3,0.5404665744998969,0.3333333333333333
ai_east,persistence,1,6,1,0.6100478468899522,1.0
ai_east,persistence,1,7,2,0.7973425311444872,0.5
ai_east,persistence,1,8,6,0.86816558623465,0.6666666666666666
ai_east,persistence,1,9,49,0.9803102452061248,0.7346938775510204
ai_east,pnt_persistence,1,0,220,0.042460066345135175,0.06818181818181818
ai_east,pnt_persistence,1,1,8,0.13620477922960286,0.375
ai_east,pnt_persistence,1,2,1,0.22746781115879827,0.0
ai_east,pnt_persistence,1,4,2,0.4379703318715825,0.0
ai_east,pnt_persistence,1,5,3,0.5538764015091131,0.3333333333333333
ai_east,pnt_persistence,1,6,2,0.6279355588772629,0.5
ai_east,pnt_persistence,1,8,5,0.8739903310759732,0.6
ai_east,pnt_persistence,1,9,54,0.9776050819902671,0.7222222222222222
ai_east,climatology,2,0,136,0.09180171439933267,0.23529411764705882
ai_east,climatology,2,1,158,0.1157251793942718,0.18354430379746836
ai_east,damped_persistence,2,0,194,0.07574626606017858,0.1134020618556701
ai_east,damped_persistence,2,1,53,0.13299074936923075,0.18867924528301888
ai_east,damped_persistence,2,2,5,0.23872986064187632,0.6
ai_east,damped_persistence,2,3,3,0.329513205845036,0.6666666666666666
ai_east,damped_persistence,2,5,2,0.5706264464548706,1.0
ai_east,damped_persistence,2,6,2,0.6359388464624254,0.0
ai_east,damped_persistence,2,7,2,0.7879531831362456,1.0
ai_east,damped_persistence,2,8,6,0.8632012852209194,0.8333333333333334
ai_east,damped_persistence,2,9,27,0.9699254658831241,0.5555555555555556
ai_east,persistence,2,0,196,0.06048726656040709,0.11734693877551021
ai_east,persistence,2,1,27,0.15475475649093975,0.07407407407407407
ai_east,persistence,2,2,3,0.2786358860833926,0.3333333333333333
ai_east,persistence,2,3,5,0.35065169980110616,0.2
ai_east,persistence,2,4,2,0.4794018160769843,0.5
ai_east,persistence,2,5,3,0.5620536433070016,0.6666666666666666
ai_east,persistence,2,6,2,0.6398341949840218,0.0
ai_east,persistence,2,7,2,0.792618479372656,0.0
ai_east,persistence,2,8,7,0.8472577732748617,0.2857142857142857
ai_east,persistence,2,9,47,0.9695524156875934,0.6170212765957447
ai_east,pnt_persistence,2,0,209,0.05715501947117307,0.11004784688995216
ai_east,pnt_persistence,2,1,12,0.13259951922601185,0.16666666666666666
ai_east,pnt_persistence,2,2,3,0.25878653558846515,0.0
ai_east,pnt_persistence,2,3,1,0.3797752808988764,1.0
ai_east,pnt_persistence,2,5,2,0.5640128317293671,0.5
ai_east,pnt_persistence,2,7,3,0.7289021237012628,0.3333333333333333
ai_east,pnt_persistence,2,8,11,0.8588242979547057,0.18181818181818182
ai_east,pnt_persistence,2,9,53,0.9687896813418938,0.5849056603773585
ai_east,climatology,3,0,133,0.09185986178573939,0.23308270676691728
ai_east,climatology,3,1,160,0.11572848102868231,0.1875
ai_east,damped_persistence,3,0,172,0.08480140553318193,0.13953488372093023
ai_east,damped_persistence,3,1,87,0.13368470217611075,0.20689655172413793
ai_east,damped_persistence,3,2,6,0.23226874675981543,0.6666666666666666
ai_east,damped_persistence,3,3,1,0.340632603406326,1.0
ai_east,damped_persistence,3,4,3,0.46177666223816755,1.0
ai_east,damped_persistence,3,5,1,0.5947242206235012,0.0
ai_east,damped_persistence,3,6,2,0.676425492987689,0.5
ai_east,damped_persistence,3,7,2,0.7615162664486352,0.5
ai_east,damped_persistence,3,8,4,0.877415170896289,0.5
ai_east,damped_persistence,3,9,15,0.9744651682665967,0.4666666666666667
ai_east,persistence,3,0,164,0.06960867225184153,0.14634146341463414
ai_east,persistence,3,1,42,0.12650442548776641,0.09523809523809523
ai_east,persistence,3,2,17,0.2586559620931507,0.058823529411764705
ai_east,persistence,3,3,6,0.31868987437644397,0.6666666666666666
ai_east,persistence,3,4,2,0.45173418854960434,0.5
ai_east,persistence,3,5,7,0.5547751377883243,0.14285714285714285
ai_east,persistence,3,6,2,0.6541325989855402,0.5
ai_east,persistence,3,8,7,0.8343843763123101,0.0
ai_east,persistence,3,9,46,0.9662149074629898,0.5434782608695652
ai_east,pnt_persistence,3,0,181,0.06745292879904889,0.143646408839779
ai_east,pnt_persistence,3,1,37,0.12898523839535161,0.13513513513513514
ai_east,pnt_persistence,3,2,2,0.2884435067979372,0.0
ai_east,pnt_persistence,3,3,2,0.34901921295363914,0.5
ai_east,pnt_persistence,3,4,3,0.45481051219242136,0.0
ai_east,pnt_persistence,3,5,1,0.5,1.0
ai_east,pnt_persistence,3,6,3,0.6584748724400643,0.0
ai_east,pnt_persistence,3,7,4,0.7620334766266406,0.0
ai_east,pnt_persistence,3,8,9,0.8603453707486167,0.2222222222222222
ai_east,pnt_persistence,3,9,51,0.9652696634518021,0.5098039215686274
ai_east,climatology,6,0,115,0.0919287108045897,0.22608695652173913
ai_east,climatology,6,1,175,0.11453200386857361,0.2
ai_east,damped_persistence,6,0,132,0.09193468933677564,0.15151515151515152
ai_east,damped_persistence,6,1,150,0.12276368830646509,0.24
ai_east,damped_persistence,6,2,5,0.26178142952547606,0.8
ai_east,damped_persistence,6,5,1,0.587378640776699,0.0
ai_east,damped_persistence,6,6,1,0.6942355889724311,1.0
ai_east,damped_persistence,6,9,1,0.9829683698296837,0.0
ai_east,persistence,6,0,151,0.06809869676245202,0.1456953642384106
ai_east,persistence,6,1,47,0.13385519254750403,0.1276595744680851
ai_east,persistence,6,2,20,0.2316739539027605,0.15
ai_east,persistence,6,3,3,0.3530780709049511,0.0
ai_east,persistence,6,4,6,0.44778471747529863,0.16666666666666666
ai_east,persistence,6,5,2,0.553395662900922,0.0
ai_east,persistence,6,6,4,0.6568316584309588,0.0
ai_east,persistence,6,7,5,0.7591003432814918,0.2
ai_east,persistence,6,8,5,0.8246151283403298,0.2
ai_east,persistence,6,9,47,0.9656407752621666,0.574468085106383
ai_east,pnt_persistence,6,0,177,0.07013757819289135,0.13559322033898305
ai_east,pnt_persistence,6,1,36,0.12557920614956203,0.16666666666666666
ai_east,pnt_persistence,6,2,3,0.24511279922994697,0.0
ai_east,pnt_persistence,6,4,1,0.4249201277955272,0.0
ai_east,pnt_persistence,6,6,1,0.6842105263157895,0.0
ai_east,pnt_persistence,6,7,6,0.758991302916982,0.0
ai_east,pnt_persistence,6,8,17,0.8553279646969711,0.23529411764705882
ai_east,pnt_persistence,6,9,49,0.9727570735357556,0.5510204081632653
ai_west,climatology,1,0,155,0.09411757958492041,0.3096774193548387
ai_west,climatology,1,1,140,0.10600937896579313,0.2785714285714286
ai_west,damped_persistence,1,0,193,0.06266012294180338,0.12953367875647667
ai_west,damped_persistence,1,1,34,0.13522742767898666,0.5
ai_west,damped_persistence,1,2,2,0.23988250652741516,1.0
ai_west,damped_persistence,1,3,3,0.38747182842602695,0.3333333333333333
ai_west,damped_persistence,1,4,3,0.44678745333297104,0.3333333333333333
ai_west,damped_persistence,1,5,2,0.552857658014382,0.0
ai_west,damped_persistence,1,6,1,0.6534653465346535,1.0
ai_west,damped_persistence,1,7,4,0.7743595034317048,0.25
ai_west,damped_persistence,1,8,2,0.8429069530693272,0.5
ai_west,damped_persistence,1,9,51,0.9722614796825078,0.7450980392156863
ai_west,persistence,1,0,182,0.05693236846467745,0.12087912087912088
ai_west,persistence,1,1,23,0.1247948870677922,0.4782608695652174
ai_west,persistence,1,2,1,0.2099236641221374,0.0
ai_west,persistence,1,3,2,0.3489261483946242,0.0
ai_west,persistence,1,4,2,0.4476632347790136,0.5
ai_west,persistence,1,6,1,0.6695652173913044,1.0
ai_west,persistence,1,7,2,0.7665078955751408,0.5
ai_west,persistence,1,8,17,0.867743794350829,0.4117647058823529
ai_west,persistence,1,9,65,0.9701865010254502,0.676923076923077
ai_west,pnt_persistence,1,0,182,0.05391626987040668,0.11538461538461539
ai_west,pnt_persistence,1,1,18,0.148321981950308,0.4444444444444444
ai_west,pnt_persistence,1,2,1,0.23076923076923078,1.0
ai_west,pnt_persistence,1,3,3,0.3286569788416795,0.3333333333333333
ai_west,pnt_persistence,1,5,2,0.5446969889145379,1.0
ai_west,pnt_persistence,1,6,2,0.6532436727911961,0.0
ai_west,pnt_persistence,1,8,19,0.8652925759405082,0.47368421052631576
ai_west,pnt_persistence,1,9,68,0.9691057613644897,0.6617647058823529
ai_west,climatology,2,0,194,0.0937797669265828,0.28865979381443296
ai_west,climatology,2,1,100,0.10673418075751168,0.31
ai_west,damped_persistence,2,0,172,0.08178824731137872,0.18604651162790697
ai_west,damped_persistence,2,1,70,0.1317354929034616,0.4
ai_west,damped_persistence,2,2,12,0.24183523707991816,0.5833333333333334
ai_west,damped_persistence,2,3,2,0.3420963936636333,0.0
ai_west,damped_persistence,2,4,2,0.48203122469471704,0.0
ai_west,damped_persistence,2,5,4,0.5386981563863956,1.0
ai_west,damped_persistence,2,6,3,0.6819248528464631,0.3333333333333333
ai_west,damped_persistence,2,7,1,0.7592592592592593,0.0
ai_west,damped_persistence,2,8,7,0.8567585435594485,0.5714285714285714
ai_west,damped_persistence,2,9,21,0.965053514612166,0.5238095238095238
ai_west,persistence,2,0,160,0.05966739789035837,0.175
ai_west,persistence,2,1,37,0.13220916062662355,0.4594594594594595
ai_west,persistence,2,2,6,0.2673448709686668,0.3333333333333333
ai_west,persistence,2,3,1,0.3049645390070922,0.0
ai_west,persistence,2,4,4,0.4299321742214121,0.5
ai_west,persistence,2,6,2,0.6457191964765281,0.0
ai_west,persistence,2,7,5,0.7574528791917731,0.2
ai_west,persistence,2,8,19,0.8607117762277867,0.3684210526315789
ai_west,persistence,2,9,60,0.9637950021753466,0.5
ai_west,pnt_persistence,2,0,163,0.05357988028975368,0.18404907975460122
ai_west,pnt_persistence,2,1,26,0.1420669923019859,0.34615384615384615
ai_west,pnt_persistence,2,2,4,0.21939238303128272,0.75
ai_west,pnt_persistence,2,4,2,0.46949424155540753,0.5
ai_west,pnt_persistence,2,5,3,0.5687030722187535,0.3333333333333333
ai_west,pnt_persistence,2,6,2,0.6682419332502424,0.5
ai_west,pnt_persistence,2,7,3,0.7541613281412873,0.6666666666666666
ai_west,pnt_persistence,2,8,21,0.8598397993693303,0.2857142857142857
ai_west,pnt_persistence,2,9,70,0.9629202642367223,0.4857142857142857
ai_west,climatology,3,0,202,0.09309177665188349,0.28217821782178215
ai_west,climatology,3,1,91,0.1067535494099292,0.32967032967032966
ai_west,damped_persistence,3,0,178,0.08331845120721902,0.2247191011235955
ai_west,damped_persistence,3,1,86,0.12992971478886883,0.38372093023255816
ai_west,damped_persistence,3,2,14,0.23390088666840755,0.5714285714285714
ai_west,damped_persistence,3,3,2,0.31725614972274707,0.0
ai_west,damped_persistence,3,5,2,0.5453096321297158,1.0
ai_west,damped_persistence,3,6,1,0.6597077244258872,1.0
ai_west,damped_persistence,3,7,1,0.7269076305220884,1.0
ai_west,damped_persistence,3,8,3,0.8599923276705556,0.3333333333333333
ai_west,damped_persistence,3,9,6,0.9693927811551747,0.16666666666666666
ai_west,persistence,3,0,157,0.06839118819382878,0.20382165605095542
ai_west,persistence,3,1,38,0.12801115713350578,0.3684210526315789
ai_west,persistence,3,2,7,0.247841641833116,0.5714285714285714
ai_west,persistence,3,3,4,0.3272842193055676,0.5
ai_west,persistence,3,4,2,0.4486526353169346,0.5
ai_west,persistence,3,6,3,0.6556523323979132,0.3333333333333333
ai_west,persistence,3,7,6,0.7392126238688985,0.3333333333333333
ai_west,persistence,3,8,20,0.8599230670107026,0.3
ai_west,persistence,3,9,56,0.965863717751904,0.44642857142857145
ai_west,pnt_persistence,3,0,157,0.06735460886595544,0.21656050955414013
ai_west,pnt_persistence,3,1,30,0.1350739394257504,0.36666666666666664
ai_west,pnt_persistence,3,2,7,0.2402628934531937,0.2857142857142857
ai_west,pnt_persistence,3,3,1,0.3575638506876228,0.0
ai_west,pnt_persistence,3,5,3,0.5528037098672728,0.3333333333333333
ai_west,pnt_persistence,3,6,2,0.6732133977041979,0.5
ai_west,pnt_persistence,3,7,4,0.7829204537327794,0.5
ai_west,pnt_persistence,3,8,24,0.8579394101491452,0.25
ai_west,pnt_persistence,3,9,65,0.9652398731047044,0.46153846153846156
ai_west,climatology,6,0,213,0.09209314221443629,0.27230046948356806
ai_west,climatology,6,1,77,0.10722072114225543,0.36363636363636365
ai_west,damped_persistence,6,0,180,0.0920516686090943,0.2777777777777778
ai_west,damped_persistence,6,1,110,0.11499759521251965,0.32727272727272727
ai_west,persistence,6,0,138,0.07471981568481435,0.2318840579710145
ai_west,persistence,6,1,48,0.1355790472873261,0.375
ai_west,persistence,6,2,12,0.2496437699137822,0.4166666666666667
ai_west,persistence,6,3,6,0.3453600097949608,0.16666666666666666
ai_west,persistence,6,4,3,0.46184580603743974,0.3333333333333333
ai_west,persistence,6,5,2,0.5496422182468694,0.0
ai_west,persistence,6,6,5,0.6262418492187144,0.4
ai_west,persistence,6,7,2,0.7495028780743067,0.0
ai_west,persistence,6,8,21,0.8619432037532041,0.42857142857142855
ai_west,persistence,6,9,53,0.9637798341026994,0.33962264150943394
ai_west,pnt_persistence,6,0,145,0.07459097147194593,0.2206896551724138
ai_west,pnt_persistence,6,1,32,0.14485260807689998,0.46875
ai_west,pnt_persistence,6,2,6,0.2116914244506413,0.16666666666666666
ai_west,pnt_persistence,6,3,2,0.3699282084375252,0.5
ai_west,pnt_persistence,6,4,5,0.44419936819690325,0.4
ai_west,pnt_persistence,6,5,3,0.5570395748098838,0.3333333333333333
ai_west,pnt_persistence,6,6,3,0.6597971249216379,0.6666666666666666
ai_west,pnt_persistence,6,7,6,0.7341588659815758,0.3333333333333333
ai_west,pnt_persistence,6,8,26,0.8602194771036078,0.34615384615384615
ai_west,pnt_persistence,6,9,62,0.9626930360858259,0.3387096774193548
beaufort,climatology,1,0,206,0.07200305059280704,0.06310679611650485
beaufort,climatology,1,1,10,0.1255399917827526,0.3
beaufort,climatology,1,7,20,0.7421791712767498,0.4
beaufort,climatology,1,8,47,0.8372684322310692,0.5531914893617021
beaufort,climatology,1,9,12,0.9437249486251957,0.3333333333333333
beaufort,damped_persistence,1,0,37,0.052678852017636266,0.0
beaufort,damped_persistence,1,1,170,0.14402768381653966,0.047058823529411764
beaufort,damped_persistence,1,2,4,0.2219396945737683,0.25
beaufort,damped_persistence,1,3,1,0.3659305993690852,1.0
beaufort,damped_persistence,1,5,2,0.5429926926687405,0.5
beaufort,damped_persistence,1,6,1,0.65625,1.0
beaufort,damped_persistence,1,7,12,0.7712425894429326,0.25
beaufort,damped_persistence,1,8,25,0.8499593126089351,0.36
beaufort,damped_persistence,1,9,43,0.9776921102609548,0.6976744186046512
beaufort,persistence,1,0,23,0.0445716333939492,0.043478260869565216
beaufort,persistence,1,1,164,0.16507198352612082,0.036585365853658534
beaufort,persistence,1,2,18,0.22370665966878553,0.1111111111111111
beaufort,persistence,1,3,4,0.3693685697738825,0.0
beaufort,persistence,1,4,2,0.4100452852973735,0.0
beaufort,persistence,1,5,5,0.5457115184528695,0.4
beaufort,persistence,1,7,20,0.7592874209143748,0.25
beaufort,persistence,1,8,10,0.8465148992042189,0.3
beaufort,persistence,1,9,49,0.9739255390855267,0.7142857142857143
beaufort,pnt_persistence,1,0,212,0.054074571686176374,0.04245283018867924
beaufort,pnt_persistence,1,1,5,0.1332760686151408,0.0
beaufort,pnt_persistence,1,2,1,0.2872340425531915,0.0
beaufort,pnt_persistence,1,3,4,0.3611948591865263,0.0
beaufort,pnt_persistence,1,4,3,0.4378481454561811,0.3333333333333333
beaufort,pnt_persistence,1,5,5,0.5755136637391345,0.4
beaufort,pnt_persistence,1,6,4,0.6889048895121044,0.5
beaufort,pnt_persistence,1,7,6,0.7526844002627225,0.3333333333333333
beaufort,pnt_persistence,1,8,7,0.8321047970146787,0.42857142857142855
beaufort,pnt_persistence,1,9,48,0.9799892948030767,0.7291666666666666
beaufort,climatology,2,0,208,0.07061246663644492,0.0673076923076923
beaufort,climatology,2,1,6,0.12360482122521636,0.16666666666666666
beaufort,climatology,2,4,1,0.45985401459854014,1.0
beaufort,climatology,2,7,20,0.7452267645349288,0.4
beaufort,climatology,2,8,42,0.8321830540327372,0.5
beaufort,climatology,2,9,17,0.9430750255004343,0.5294117647058824
beaufort,damped_persistence,2,0,61,0.062137081398570035,0.03278688524590164
beaufort,damped_persistence,2,1,80,0.15686589985694147,0.05
beaufort,damped_persistence,2,2,51,0.21814321907991513,0.09803921568627451
beaufort,damped_persistence,2,3,2,0.30271886981561325,0.5
beaufort,damped_persistence,2,5,3,0.544195069706511,0.3333333333333333
beaufort,damped_persistence,2,6,9,0.645309961245581,0.2222222222222222
beaufort,damped_persistence,2,7,27,0.7633912563585944,0.2962962962962963
beaufort,damped_persistence,2,8,27,0.8488261639351635,0.4444444444444444
beaufort,damped_persistence,2,9,34,0.96440129265074,0.5588235294117647
beaufort,persistence,2,0,24,0.05584651411411171,0.041666666666666664
beaufort,persistence,2,1,79,0.18907326522845744,0.08860759493670886
beaufort,persistence,2,2,83,0.2292426511054738,0.04819277108433735
beaufort,persistence,2,3,5,0.37116058524522605,0.2
beaufort,persistence,2,4,2,0.48754315350716704,0.5
beaufort,persistence,2,5,2,0.5371138773628401,0.0
beaufort,persistence,2,6,10,0.6580124587852973,0.0
beaufort,persistence,2,7,13,0.7287804835599088,0.3076923076923077
beaufort,persistence,2,8,30,0.8339959019727243,0.5
beaufort,persistence,2,9,46,0.961376958752476,0.45652173913043476
beaufort,pnt_persistence,2,0,178,0.06029292844890281,0.056179775280898875
beaufort,pnt_persistence,2,1,10,0.15466316688125725,0.1
beaufort,pnt_persistence,2,2,5,0.22217569749834118,0.4
beaufort,pnt_persistence,2,3,1,0.3541666666666667,0.0
beaufort,pnt_persistence,2,4,2,0.41423734238521603,0.0
beaufort,pnt_persistence,2,5,2,0.5945539672357171,0.5
beaufort,pnt_persistence,2,6,11,0.6731696036791539,0.09090909090909091
beaufort,pnt_persistence,2,7,22,0.7631387201300643,0.2727272727272727
beaufort,pnt_persistence,2,8,20,0.861672838192258,0.55
beaufort,pnt_persistence,2,9,43,0.9730889262122493,0.5116279069767442
beaufort,climatology,3,0,207,0.06829211543365497,0.07246376811594203
beaufort,climatology,3,1,6,0.11966913732114426,0.16666666666666666
beaufort,climatology,3,6,1,0.6454767726161369,1.0
beaufort,climatology,3,7,18,0.7418862464557769,0.3333333333333333
beaufort,climatology,3,8,43,0.8305141221312448,0.5116279069767442
beaufort,climatology,3,9,18,0.9430893449807319,0.5555555555555556
beaufort,damped_persistence,3,0,90,0.06525300855645204,0.022222222222222223
beaufort,damped_persistence,3,1,73,0.1432740586407409,0.1232876712328767
beaufort,damped_persistence,3,2,24,0.2328002986364881,0.08333333333333333
beaufort,damped_persistence,3,3,4,0.32041299623152564,0.25
beaufort,damped_persistence,3,5,2,0.5182294736676648,0.0
beaufort,damped_persistence,3,6,13,0.6774573943140675,0.3076923076923077
beaufort,damped_persistence,3,7,32,0.7769948793159014,0.40625
beaufort,damped_persistence,3,8,25,0.8463664314016057,0.48
beaufort,damped_persistence,3,9,30,0.9475874321558646,0.4
beaufort,persistence,3,0,23,0.058895733280756236,0.043478260869565216
beaufort,persistence,3,1,15,0.1379957950755599,0.0
beaufort,persistence,3,2,125,0.26135094841265233,0.072
beaufort,persistence,3,3,12,0.34808671423372334,0.16666666666666666
beaufort,persistence,3,4,4,0.4440839401297663,0.0
beaufort,persistence,3,5,7,0.5295674185827661,0.2857142857142857
beaufort,persistence,3,6,15,0.6564567414603093,0.26666666666666666
beaufort,persistence,3,7,19,0.7444421296201038,0.3684210526315789
beaufort,persistence,3,8,26,0.8376148872723965,0.46153846153846156
beaufort,persistence,3,9,47,0.9568540944254117,0.3829787234042553
beaufort,pnt_persistence,3,0,164,0.06661572600132071,0.07317073170731707
beaufort,pnt_persistence,3,1,7,0.1411958450453784,0.2857142857142857
beaufort,pnt_persistence,3,2,2,0.24870445344129555,0.0
beaufort,pnt_persistence,3,3,4,0.37738970768101765,0.0
beaufort,pnt_persistence,3,4,6,0.4218450187163087,0.0
beaufort,pnt_persistence,3,5,8,0.576726893562403,0.125
beaufort,pnt_persistence,3,6,9,0.6655336104846362,0.2222222222222222
beaufort,pnt_persistence,3,7,10,0.7420539787828249,0.5
beaufort,pnt_persistence,3,8,44,0.837990921465536,0.45454545454545453
beaufort,pnt_persistence,3,9,39,0.9715588565262891,0.3333333333333333
beaufort,climatology,6,0,205,0.06675401238783506,0.06829268292682927
beaufort,climatology,6,1,5,0.11800399513673798,0.2
beaufort,climatology,6,6,1,0.6675191815856778,0.0
beaufort,climatology,6,7,18,0.7411696506658728,0.3888888888888889
beaufort,climatology,6,8,43,0.8279772760420915,0.5116279069767442
beaufort,climatology,6,9,18,0.942038387777727,0.5555555555555556
beaufort,damped_persistence,6,0,190,0.06684801135572047,0.06842105263157895
beaufort,damped_persistence,6,1,5,0.14409820464650847,0.2
beaufort,damped_persistence,6,2,4,0.25244349674974076,0.0
beaufort,damped_persistence,6,3,1,0.3481781376518219,0.0
beaufort,damped_persistence,6,5,1,0.5734939759036145,1.0
beaufort,damped_persistence,6,6,12,0.6847440793071358,0.25
beaufort,damped_persistence,6,7,12,0.7539845614022944,0.5
beaufort,damped_persistence,6,8,44,0.8306889988561603,0.45454545454545453
beaufort,damped_persistence,6,9,21,0.9417443561539864,0.47619047619047616
beaufort,persistence,6,0,17,0.05119164164461788,0.0
beaufort,persistence,6,1,21,0.12774730662920467,0.047619047619047616
beaufort,persistence,6,2,90,0.25445715112934825,0.07777777777777778
beaufort,persistence,6,3,39,0.326362345650118,0.10256410256410256
beaufort,persistence,6,4,4,0.4392201361870812,0.0
beaufort,persistence,6,5,1,0.5896414342629482,0.0
beaufort,persistence,6,6,20,0.6566012099843272,0.35
beaufort,persistence,6,7,31,0.7487802020506655,0.45161290322580644
beaufort,persistence,6,8,33,0.8636579255564942,0.5151515151515151
beaufort,persistence,6,9,34,0.9667870669985147,0.11764705882352941
beaufort,pnt_persistence,6,0,143,0.06617057410374699,0.06993006993006994
beaufort,pnt_persistence,6,1,12,0.13181728198449347,0.08333333333333333
beaufort,pnt_persistence,6,2,1,0.22761194029850745,0.0
beaufort,pnt_persistence,6,3,3,0.3346115469507532,0.0
beaufort,pnt_persistence,6,4,1,0.497907949790795,0.0
beaufort,pnt_persistence,6,5,6,0.5712925063107727,0.3333333333333333
beaufort,pnt_persistence,6,6,27,0.6533195678498204,0.37037037037037035
beaufort,pnt_persistence,6,7,29,0.7356227812286973,0.3448275862068966
beaufort,pnt_persistence,6,8,35,0.8574006361955687,0.4857142857142857
beaufort,pnt_persistence,6,9,33,0.9744433471872684,0.12121212121212122
chukchi,climatology,1,0,200,0.07134884311434365,0.125
chukchi,climatology,1,1,26,0.12897524140156497,0.5
chukchi,climatology,1,2,2,0.26876570520392606,0.0
chukchi,climatology,1,3,2,0.34922338551264653,1.0
chukchi,climatology,1,4,3,0.4690600734675893,0.6666666666666666
chukchi,climatology,1,5,2,0.552645881006865,0.0
chukchi,climatology,1,6,15,0.6750053122179421,0.4666666666666667
chukchi,climatology,1,7,14,0.7295564782222085,0.5714285714285714
chukchi,climatology,1,8,25,0.8600665434875185,0.52
chukchi,climatology,1,9,6,0.9222394843010634,0.5
chukchi,damped_persistence,1,0,134,0.0691745556193972,0.11940298507462686
chukchi,damped_persistence,1,1,67,0.12601418178848306,0.07462686567164178
chukchi,damped_persistence,1,2,16,0.2165137897016734,0.25
chukchi,damped_persistence,1,3,3,0.35151243738226673,0.6666666666666666
chukchi,damped_persistence,1,5,2,0.5518099045081057,0.0
chukchi,damped_persistence,1,6,2,0.6528305899366253,0.0
chukchi,damped_persistence,1,7,13,0.7643396346624942,0.3076923076923077
chukchi,damped_persistence,1,8,8,0.8551340828683361,0.375
chukchi,damped_persistence,1,9,50,0.973433455080492,0.78
chukchi,persistence,1,0,94,0.06265888616049037,0.07446808510638298
chukchi,persistence,1,1,92,0.15619647781267118,0.08695652173913043
chukchi,persistence,1,2,19,0.23786897610314556,0.21052631578947367
chukchi,persistence,1,3,7,0.3507506734059848,0.2857142857142857
chukchi,persistence,1,4,1,0.4734848484848485,0.0
chukchi,persistence,1,6,3,0.6433295919976589,0.0
chukchi,persistence,1,7,14,0.7681363471292801,0.35714285714285715
chukchi,persistence,1,8,9,0.8437929273350216,0.5555555555555556
chukchi,persistence,1,9,56,0.9790587753035075,0.75
chukchi,pnt_persistence,1,0,194,0.05299061051381737,0.07216494845360824
chukchi,pnt_persistence,1,1,10,0.12713139337000662,0.4
chukchi,pnt_persistence,1,2,2,0.27630262449011006,0.5
chukchi,pnt_persistence,1,3,1,0.3469387755102041,0.0
chukchi,pnt_persistence,1,4,2,0.45557338275771453,0.0
chukchi,pnt_persistence,1,5,2,0.5450676316016196,0.5
chukchi,pnt_persistence,1,6,4,0.6695724469727856,0.25
chukchi,pnt_persistence,1,7,13,0.7597068515807701,0.46153846153846156
chukchi,pnt_persistence,1,8,9,0.8571455686566332,0.4444444444444444
chukchi,pnt_persistence,1,9,58,0.9791224409237771,0.7241379310344828
chukchi,climatology,2,0,201,0.07087154686191172,0.12437810945273632
chukchi,climatology,2,1,23,0.1292517038660823,0.5217391304347826
chukchi,climatology,2,2,3,0.2537959774899828,0.3333333333333333
chukchi,climatology,2,4,3,0.4535865873209967,1.0
chukchi,climatology,2,5,4,0.5520539497755391,0.25
chukchi,climatology,2,6,14,0.6756365607695788,0.35714285714285715
chukchi,climatology,2,7,14,0.7397723710004851,0.6428571428571429
chukchi,climatology,2,8,27,0.8617524556371621,0.5555555555555556
chukchi,climatology,2,9,5,0.9256345275001889,0.4
chukchi,damped_persistence,2,0,114,0.07128055955589388,0.16666666666666666
chukchi,damped_persistence,2,1,83,0.13017083799636892,0.07228915662650602
chukchi,damped_persistence,2,2,5,0.2525114753212024,0.2
chukchi,damped_persistence,2,3,9,0.3459986782645596,0.5555555555555556
chukchi,damped_persistence,2,4,2,0.4314822125718296,0.5
chukchi,damped_persistence,2,5,1,0.5650118203309693,1.0
chukchi,damped_persistence,2,6,4,0.6611496690647136,0.75
chukchi,damped_persistence,2,7,22,0.7452506706599145,0.4090909090909091
chukchi,damped_persistence,2,8,22,0.8642228540696297,0.5454545454545454
chukchi,damped_persistence,2,9,32,0.9814007531087068,0.5
chukchi,persistence,2,0,35,0.06105928619819118,0.17142857142857143
chukchi,persistence,2,1,76,0.1486261409572227,0.09210526315789473
chukchi,persistence,2,2,72,0.2358406210027593,0.1111111111111111
chukchi,persistence,2,3,7,0.34462039761971336,0.7142857142857143
chukchi,persistence,2,4,10,0.44252289443321224,0.2
chukchi,persistence,2,5,3,0.566127115248594,0.3333333333333333
chukchi,persistence,2,6,8,0.6783618924059698,0.5
chukchi,persistence,2,7,15,0.7450848520279029,0.4
chukchi,persistence,2,8,17,0.8519771469451046,0.4117647058823529
chukchi,persistence,2,9,51,0.9739539185709998,0.5294117647058824
chukchi,pnt_persistence,2,0,175,0.060246560549618126,0.10857142857142857
chukchi,pnt_persistence,2,1,12,0.14216074313171373,0.4166666666666667
chukchi,pnt_persistence,2,2,5,0.23800685243319605,0.6
chukchi,pnt_persistence,2,3,2,0.34081165059285623,0.5
chukchi,pnt_persistence,2,4,3,0.44332737301613917,0.0
chukchi,pnt_persistence,2,5,7,0.5544836636432139,0.2857142857142857
chukchi,pnt_persistence,2,6,10,0.6487469357118346,0.3
chukchi,pnt_persistence,2,7,8,0.7634175430007191,0.25
chukchi,pnt_persistence,2,8,18,0.8526541605334366,0.6111111111111112
chukchi,pnt_persistence,2,9,54,0.9732525918391993,0.5
chukchi,climatology,3,0,200,0.07103910315163309,0.125
chukchi,climatology,3,1,22,0.12915097281285773,0.5
chukchi,climatology,3,2,4,0.2366325045148397,0.5
chukchi,climatology,3,4,2,0.45115555726220974,1.0
chukchi,climatology,3,5,3,0.565099904528096,0.3333333333333333
chukchi,climatology,3,6,16,0.6707850959333862,0.375
chukchi,climatology,3,7,13,0.7419039233653859,0.6153846153846154
chukchi,climatology,3,8,28,0.8603959019651578,0.5714285714285714
chukchi,climatology,3,9,5,0.9257697637780871,0.4
chukchi,damped_persistence,3,0,112,0.07384242421492407,0.15178571428571427
chukchi,damped_persistence,3,1,66,0.1536737767255287,0.15151515151515152
chukchi,damped_persistence,3,2,16,0.22334808891351454,0.0
chukchi,damped_persistence,3,3,8,0.34323261955111156,0.5
chukchi,damped_persistence,3,4,3,0.469011868757617,0.3333333333333333
chukchi,damped_persistence,3,5,4,0.5459799497699241,0.5
chukchi,damped_persistence,3,6,10,0.6695444746496862,0.5
chukchi,damped_persistence,3,7,25,0.7448021593203705,0.36
chukchi,damped_persistence,3,8,26,0.8628535055222002,0.6153846153846154
chukchi,damped_persistence,3,9,23,0.9677706195096603,0.391304347826087
chukchi,persistence,3,0,28,0.05358586344888451,0.10714285714285714
chukchi,persistence,3,1,82,0.15795156263911733,0.10975609756097561
chukchi,persistence,3,2,62,0.23317967621516825,0.1774193548387097
chukchi,persistence,3,3,7,0.3521502680688666,0.0
chukchi,persistence,3,4,8,0.45376356397661155,0.625
chukchi,persistence,3,5,6,0.5449453453556763,0.16666666666666666
chukchi,persistence,3,6,7,0.6383775761255616,0.7142857142857143
chukchi,persistence,3,7,23,0.7352675906580209,0.34782608695652173
chukchi,persistence,3,8,24,0.8414417260267203,0.5416666666666666
chukchi,persistence,3,9,46,0.9775065251804136,0.391304347826087
chukchi,pnt_persistence,3,0,153,0.06167448201424357,0.11764705882352941
chukchi,pnt_persistence,3,1,17,0.1439416071379754,0.47058823529411764
chukchi,pnt_persistence,3,2,7,0.2513050361843116,0.42857142857142855
chukchi,pnt_persistence,3,3,1,0.348,1.0
chukchi,pnt_persistence,3,4,2,0.46539612615807713,0.0
chukchi,pnt_persistence,3,5,12,0.5585039947649234,0.08333333333333333
chukchi,pnt_persistence,3,6,15,0.6607807119921313,0.4
chukchi,pnt_persistence,3,7,15,0.7431382927107026,0.3333333333333333
chukchi,pnt_persistence,3,8,25,0.8371043280702315,0.52
chukchi,pnt_persistence,3,9,46,0.9827430518570834,0.391304347826087
chukchi,climatology,6,0,194,0.07155958002537033,0.11855670103092783
chukchi,climatology,6,1,23,0.12659693381313183,0.43478260869565216
chukchi,climatology,6,2,5,0.2181534326678179,0.8
chukchi,climatology,6,3,1,0.35786802030456855,0.0
chukchi,climatology,6,4,1,0.4238875878220141,1.0
chukchi,climatology,6,5,4,0.5753209461066688,0.25
chukchi,climatology,6,6,16,0.6717327235565379,0.4375
chukchi,climatology,6,7,12,0.7302728538718651,0.6666666666666666
chukchi,climatology,6,8,29,0.8582761370612717,0.5517241379310345
chukchi,climatology,6,9,5,0.9329835366540692,0.4
chukchi,damped_persistence,6,0,165,0.07502183834314843,0.12121212121212122
chukchi,damped_persistence,6,1,22,0.11848158811912715,0.2727272727272727
chukchi,damped_persistence,6,2,12,0.2539017215031643,0.6666666666666666
chukchi,damped_persistence,6,3,3,0.3719985703829625,0.6666666666666666
chukchi,damped_persistence,6,4,6,0.4363977558146215,0.16666666666666666
chukchi,damped_persistence,6,5,2,0.5290829675438407,0.0
chukchi,damped_persistence,6,6,31,0.6566062104006867,0.41935483870967744
chukchi,damped_persistence,6,7,13,0.7629175271026469,0.38461538461538464
chukchi,damped_persistence,6,8,22,0.8645768030420249,0.6363636363636364
chukchi,damped_persistence,6,9,14,0.9610452031886576,0.21428571428571427
chukchi,persistence,6,0,28,0.05381859644772714,0.03571428571428571
chukchi,persistence,6,1,55,0.14407367875101826,0.2545454545454545
chukchi,persistence,6,2,28,0.2554955430710263,0.07142857142857142
chukchi,persistence,6,3,37,0.33092442186876814,0.10810810810810811
chukchi,persistence,6,4,24,0.47083350420141823,0.4583333333333333
chukchi,persistence,6,5,12,0.5675629792219292,0.5
chukchi,persistence,6,6,25,0.6249289474797647,0.44
chukchi,persistence,6,7,11,0.7516738615092596,0.2727272727272727
chukchi,persistence,6,8,33,0.8500376330461084,0.45454545454545453
chukchi,persistence,6,9,37,0.9808090662826249,0.13513513513513514
chukchi,pnt_persistence,6,0,126,0.0719280666238084,0.1349206349206349
chukchi,pnt_persistence,6,1,19,0.13018314914219264,0.5789473684210527
chukchi,pnt_persistence,6,2,8,0.23343775606800143,0.25
chukchi,pnt_persistence,6,3,2,0.3438618897509911,0.5
chukchi,pnt_persistence,6,4,7,0.44277642129447903,0.42857142857142855
chukchi,pnt_persistence,6,5,20,0.556842338666414,0.3
chukchi,pnt_persistence,6,6,22,0.6362901346830782,0.4090909090909091
chukchi,pnt_persistence,6,7,16,0.749245276244711,0.25
chukchi,pnt_persistence,6,8,29,0.8386584217669018,0.41379310344827586
chukchi,pnt_persistence,6,9,41,0.9745811298925587,0.17073170731707318
egoa,climatology,1,0,142,0.0950341098091024,0.20422535211267606
egoa,climatology,1,1,153,0.10750051860700535,0.19607843137254902
egoa,damped_persistence,1,0,227,0.055140718026216,0.048458149779735685
egoa,damped_persistence,1,1,17,0.13539567813591002,0.29411764705882354
egoa,damped_persistence,1,2,2,0.267238254425358,0.5
egoa,damped_persistence,1,3,4,0.35591273312156957,0.5
egoa,damped_persistence,1,5,1,0.5796019900497512,1.0
egoa,damped_persistence,1,7,1,0.728,1.0
egoa,damped_persistence,1,9,43,0.9853206552764733,0.8837209302325582
egoa,persistence,1,0,226,0.04806045404732704,0.048672566371681415
egoa,persistence,1,1,4,0.13575344843509105,0.5
egoa,persistence,1,2,3,0.24654269152307284,0.3333333333333333
egoa,persistence,1,3,2,0.3781535098480962,0.0
egoa,persistence,1,4,1,0.40198511166253104,0.0
egoa,persistence,1,5,2,0.5677856301531213,0.0
egoa,persistence,1,7,2,0.7741363875291567,0.5
egoa,persistence,1,8,9,0.8685325680704277,0.4444444444444444
egoa,persistence,1,9,46,0.9820797141872337,0.8695652173913043
egoa,pnt_persistence,1,0,227,0.046339445022307156,0.05286343612334802
egoa,pnt_persistence,1,1,3,0.12052053809524825,0.3333333333333333
egoa,pnt_persistence,1,4,1,0.44933078393881454,1.0
egoa,pnt_persistence,1,6,2,0.6637673063879025,0.0
egoa,pnt_persistence,1,7,1,0.71712158808933,0.0
egoa,pnt_persistence,1,8,12,0.8601953749410082,0.3333333333333333
egoa,pnt_persistence,1,9,49,0.9797527970205809,0.8367346938775511
egoa,climatology,2,0,143,0.09550973760702798,0.21678321678321677
egoa,climatology,2,1,151,0.10759088807432485,0.19205298013245034
egoa,damped_persistence,2,0,223,0.07272044422393309,0.08520179372197309
egoa,damped_persistence,2,1,26,0.12147933155551413,0.2692307692307692
egoa,damped_persistence,2,2,2,0.2390810123286162,0.5
egoa,damped_persistence,2,5,1,0.5384615384615384,1.0
egoa,damped_persistence,2,7,3,0.787508928540115,0.3333333333333333
egoa,damped_persistence,2,8,3,0.8680663224950772,0.3333333333333333
egoa,damped_persistence,2,9,36,0.9777554349203794,0.8333333333333334
egoa,persistence,2,0,220,0.0579966603079351,0.08181818181818182
egoa,persistence,2,1,10,0.13999366836050242,0.2
egoa,persistence,2,2,3,0.26686621328869925,0.0
egoa,persistence,2,3,1,0.33589743589743587,1.0
egoa,persistence,2,4,2,0.4332090370695328,1.0
egoa,persistence,2,5,1,0.5625,0.0
egoa,persistence,2,6,2,0.6346265862284168,0.0
egoa,persistence,2,7,1,0.7159904534606205,0.0
egoa,persistence,2,8,8,0.8503480117143236,0.25
egoa,persistence,2,9,46,0.9748103307590176,0.7608695652173914
egoa,pnt_persistence,2,0,220,0.054016761813821784,0.08181818181818182
egoa,pnt_persistence,2,1,8,0.12087430004094848,0.125
egoa,pnt_persistence,2,2,1,0.2662835249042146,1.0
egoa,pnt_persistence,2,3,1,0.3411764705882353,0.0
egoa,pnt_persistence,2,4,1,0.40070921985815605,0.0
egoa,pnt_persistence,2,7,1,0.7615384615384615,1.0
egoa,pnt_persistence,2,8,10,0.8578360643378737,0.2
egoa,pnt_persistence,2,9,52,0.9688836962709577,0.7115384615384616
egoa,climatology,3,0,132,0.0954988825572344,0.22727272727272727
egoa,climatology,3,1,161,0.10756263000533403,0.19254658385093168
egoa,damped_persistence,3,0,217,0.0835912065146561,0.10138248847926268
egoa,damped_persistence,3,1,39,0.12325442566707928,0.38461538461538464
egoa,damped_persistence,3,2,1,0.23107569721115537,0.0
egoa,damped_persistence,3,3,3,0.36213641062633156,0.3333333333333333
egoa,damped_persistence,3,6,3,0.6442829442530935,0.3333333333333333
egoa,damped_persistence,3,8,1,0.8730512249443207,0.0
egoa,damped_persistence,3,9,29,0.9621298837658795,0.7586206896551724
egoa,persistence,3,0,200,0.07535739249692142,0.09
egoa,persistence,3,1,27,0.12088828060200439,0.25925925925925924
egoa,persistence,3,2,4,0.27069990187467324,0.25
egoa,persistence,3,3,3,0.3770554326670785,1.0
egoa,persistence,3,5,5,0.549416919263691,0.0
egoa,persistence,3,7,2,0.7538212815990595,0.0
egoa,persistence,3,8,7,0.8423802382070172,0.7142857142857143
egoa,persistence,3,9,45,0.9667633277656991,0.6
egoa,pnt_persistence,3,0,206,0.0745688925964538,0.0825242718446602
egoa,pnt_persistence,3,1,19,0.12285048625802966,0.42105263157894735
egoa,pnt_persistence,3,3,1,0.32142857142857145,0.0
egoa,pnt_persistence,3,4,1,0.45297504798464494,0.0
egoa,pnt_persistence,3,6,2,0.6713246294029648,0.5
egoa,pnt_persistence,3,7,2,0.7277073981712385,1.0
egoa,pnt_persistence,3,8,15,0.867072512265688,0.26666666666666666
egoa,pnt_persistence,3,9,47,0.9666955639011142,0.6170212765957447
egoa,climatology,6,0,115,0.09576605871512163,0.2
egoa,climatology,6,1,175,0.10827585031825933,0.21714285714285714
egoa,damped_persistence,6,0,146,0.09068738213399302,0.11643835616438356
egoa,damped_persistence,6,1,125,0.11708332851262644,0.272
egoa,damped_persistence,6,2,3,0.24788135744315162,0.3333333333333333
egoa,damped_persistence,6,3,2,0.33441991053583325,0.5
egoa,damped_persistence,6,4,1,0.4338235294117647,1.0
egoa,damped_persistence,6,6,2,0.6584178635170898,0.5
egoa,damped_persistence,6,8,3,0.8508439994342375,0.6666666666666666
egoa,damped_persistence,6,9,8,0.9572625774647872,0.5
egoa,persistence,6,0,176,0.08033098454652668,0.11931818181818182
egoa,persistence,6,1,46,0.11889218937835125,0.32608695652173914
egoa,persistence,6,2,7,0.2346222104148405,0.2857142857142857
egoa,persistence,6,3,4,0.35515251075322285,0.0
egoa,persistence,6,4,1,0.44223107569721115,0.0
egoa,persistence,6,5,1,0.5129533678756477,1.0
egoa,persistence,6,7,3,0.7619059773269955,0.3333333333333333
egoa,persistence,6,8,9,0.8551043801725565,0.4444444444444444
egoa,persistence,6,9,43,0.9652455041452889,0.3953488372093023
egoa,pnt_persistence,6,0,178,0.07754800403352134,0.12921348314606743
egoa,pnt_persistence,6,1,40,0.11982011671416952,0.3
egoa,pnt_persistence,6,2,3,0.23693031937712786,0.0
egoa,pnt_persistence,6,4,2,0.4363410221619177,0.5
egoa,pnt_persistence,6,6,1,0.6796875,1.0
egoa,pnt_persistence,6,7,4,0.7415878714967539,0.25
egoa,pnt_persistence,6,8,15,0.8513334853904547,0.2
egoa,pnt_persistence,6,9,47,0.9658071506699059,0.425531914893617
nbs,climatology,1,0,175,0.08616649761043786,0.16
nbs,climatology,1,1,85,0.1259199158128048,0.3411764705882353
nbs,climatology,1,2,4,0.2424645752225367,0.75
nbs,climatology,1,3,5,0.33467043513045575,0.2
nbs,climatology,1,4,10,0.4472166503351816,0.5
nbs,climatology,1,5,9,0.5293837412494236,0.2222222222222222
nbs,climatology,1,6,5,0.68302239427659,0.2
nbs,climatology,1,7,2,0.7013396256285385,0.5
nbs,damped_persistence,1,0,177,0.06693894955003853,0.07344632768361582
nbs,damped_persistence,1,1,34,0.14070387582510438,0.14705882352941177
nbs,damped_persistence,1,2,7,0.23636358697830592,0.42857142857142855
nbs,damped_persistence,1,3,4,0.3479014667368398,0.25
nbs,damped_persistence,1,4,10,0.4505710644235993,0.4
nbs,damped_persistence,1,5,6,0.5419657100694577,0.6666666666666666
nbs,damped_persistence,1,6,10,0.6319062039950925,0.4
nbs,damped_persistence,1,7,4,0.7608046434734033,0.25
nbs,damped_persistence,1,8,1,0.8581235697940504,1.0
nbs,damped_persistence,1,9,42,0.987383549323468,0.8095238095238095
nbs,persistence,1,0,154,0.057181010726829705,0.05844155844155844
nbs,persistence,1,1,46,0.13845868031748212,0.10869565217391304
nbs,persistence,1,2,10,0.25095775460376346,0.3
nbs,persistence,1,3,7,0.35351908477833,0.0
nbs,persistence,1,4,4,0.44615239013590136,0.5
nbs,persistence,1,5,1,0.5025641025641026,1.0
nbs,persistence,1,6,4,0.6588808682487054,0.5
nbs,persistence,1,7,11,0.7578984340975581,0.45454545454545453
nbs,persistence,1,8,7,0.8404700439680577,0.5714285714285714
nbs,persistence,1,9,51,0.9781504144181901,0.7647058823529411
nbs,pnt_persistence,1,0,203,0.05673961728142204,0.06403940886699508
nbs,pnt_persistence,1,1,10,0.11843477169747345,0.4
nbs,pnt_persistence,1,2,5,0.23539750510580065,0.6
nbs,pnt_persistence,1,4,1,0.4433249370277078,0.0
nbs,pnt_persistence,1,6,2,0.6456481457762294,0.0
nbs,pnt_persistence,1,7,5,0.7628905703363393,0.8
nbs,pnt_persistence,1,8,14,0.8740206229747584,0.35714285714285715
nbs,pnt_persistence,1,9,55,0.976203336925116,0.7454545454545455
nbs,climatology,2,0,174,0.08631017660249239,0.16091954022988506
nbs,climatology,2,1,82,0.1258416103161786,0.34146341463414637
nbs,climatology,2,2,6,0.2428281411810647,0.6666666666666666
nbs,climatology,2,3,6,0.33183774626510715,0.3333333333333333
nbs,climatology,2,4,9,0.4503224902685889,0.5555555555555556
nbs,climatology,2,5,10,0.5268738720790921,0.2
nbs,climatology,2,6,7,0.6839426406742992,0.2857142857142857
nbs,damped_persistence,2,0,169,0.07848379690767199,0.10059171597633136
nbs,damped_persistence,2,1,44,0.12003918099258395,0.18181818181818182
nbs,damped_persistence,2,2,9,0.24343583911547417,0.4444444444444444
nbs,damped_persistence,2,3,5,0.34654987392545905,0.8
nbs,damped_persistence,2,4,11,0.4525266906159969,0.2727272727272727
nbs,damped_persistence,2,5,6,0.5556621538564881,0.5
nbs,damped_persistence,2,6,12,0.6506817990429702,0.25
nbs,damped_persistence,2,7,2,0.756020675428227,1.0
nbs,damped_persistence,2,8,1,0.8085106382978723,1.0
nbs,damped_persistence,2,9,35,0.9847734659383274,0.7428571428571429
nbs,persistence,2,0,142,0.06828342575879279,0.08450704225352113
nbs,persistence,2,1,45,0.1363749830191517,0.08888888888888889
nbs,persistence,2,2,14,0.23604036080789687,0.21428571428571427
nbs,persistence,2,3,10,0.35972061532005417,0.6
nbs,persistence,2,4,3,0.4552405386085259,0.3333333333333333
nbs,persistence,2,5,7,0.5622859190613586,0.2857142857142857
nbs,persistence,2,6,10,0.6703360434348361,0.4
nbs,persistence,2,7,11,0.7500479776176341,0.36363636363636365
nbs,persistence,2,8,5,0.8364380981434477,0.4
nbs,persistence,2,9,47,0.978503607603407,0.7021276595744681
nbs,pnt_persistence,2,0,182,0.06649330283331567,0.08241758241758242
nbs,pnt_persistence,2,1,21,0.1280927634230999,0.2857142857142857
nbs,pnt_persistence,2,2,5,0.2422145357884582,0.2
nbs,pnt_persistence,2,3,6,0.3374544724646193,0.6666666666666666
nbs,pnt_persistence,2,4,2,0.4688644426642252,0.5
nbs,pnt_persistence,2,5,4,0.5267889386426255,0.0
nbs,pnt_persistence,2,6,5,0.6630403374551098,0.4
nbs,pnt_persistence,2,7,7,0.7527688626280159,0.7142857142857143
nbs,pnt_persistence,2,8,10,0.8551996716686437,0.2
nbs,pnt_persistence,2,9,52,0.9766649500231268,0.6730769230769231
nbs,climatology,3,0,177,0.08494752456871255,0.1638418079096045
nbs,climatology,3,1,75,0.1244044473106894,0.32
nbs,climatology,3,2,9,0.2443574212214541,0.7777777777777778
nbs,climatology,3,3,6,0.3348586286458361,0.3333333333333333
nbs,climatology,3,4,9,0.445440196334731,0.4444444444444444
nbs,climatology,3,5,10,0.5283227273505982,0.3
nbs,climatology,3,6,7,0.6764873050197183,0.2857142857142857
nbs,damped_persistence,3,0,151,0.07966060225647204,0.11920529801324503
nbs,damped_persistence,3,1,60,0.11643180947565632,0.21666666666666667
nbs,damped_persistence,3,2,6,0.2463062998179991,0.6666666666666666
nbs,damped_persistence,3,3,10,0.344654137395919,0.5
nbs,damped_persistence,3,4,6,0.4284470790495702,0.5
nbs,damped_persistence,3,5,16,0.5509444407521299,0.375
nbs,damped_persistence,3,6,10,0.627150147233384,0.4
nbs,damped_persistence,3,7,8,0.7523917443957922,0.5
nbs,damped_persistence,3,8,2,0.8644595359366157,0.5
nbs,damped_persistence,3,9,24,0.983331570496444,0.5416666666666666
nbs,persistence,3,0,122,0.0689511344201384,0.09016393442622951
nbs,persistence,3,1,39,0.13238127792945095,0.23076923076923078
nbs,persistence,3,2,24,0.25046545410195126,0.125
nbs,persistence,3,3,3,0.3343069376729966,0.0
nbs,persistence,3,4,10,0.460094545310894,0.2
nbs,persistence,3,5,12,0.5522597813414626,0.3333333333333333
nbs,persistence,3,6,23,0.6314084796738717,0.43478260869565216
nbs,persistence,3,7,8,0.7316210805599841,0.5
nbs,persistence,3,8,4,0.8329490427594626,0.75
nbs,persistence,3,9,48,0.9760765401228356,0.5208333333333334
nbs,pnt_persistence,3,0,172,0.06994765639726576,0.11046511627906977
nbs,pnt_persistence,3,1,22,0.1397563758772144,0.3181818181818182
nbs,pnt_persistence,3,2,3,0.25504663467454164,0.3333333333333333
nbs,pnt_persistence,3,3,3,0.3394266200135403,0.6666666666666666
nbs,pnt_persistence,3,4,7,0.4299665085983196,0.2857142857142857
nbs,pnt_persistence,3,5,11,0.5652036673527356,0.18181818181818182
nbs,pnt_persistence,3,6,8,0.641996544759615,0.25
nbs,pnt_persistence,3,7,6,0.7674083883748142,0.5
nbs,pnt_persistence,3,8,5,0.8485482075904871,0.4
nbs,pnt_persistence,3,9,56,0.9717840645436256,0.5535714285714286
nbs,climatology,6,0,171,0.08527033867801086,0.16374269005847952
nbs,climatology,6,1,76,0.1247542928772819,0.3157894736842105
nbs,climatology,6,2,14,0.24994537079187568,0.7142857142857143
nbs,climatology,6,3,3,0.33927883755793636,0.3333333333333333
nbs,climatology,6,4,15,0.4402283347004476,0.3333333333333333
nbs,climatology,6,5,3,0.5328520908208111,0.3333333333333333
nbs,climatology,6,6,7,0.6623667871315669,0.42857142857142855
nbs,climatology,6,7,1,0.7073791348600509,0.0
nbs,damped_persistence,6,0,142,0.0839779106096149,0.13380281690140844
nbs,damped_persistence,6,1,86,0.11957231425939215,0.27906976744186046
nbs,damped_persistence,6,2,11,0.26296599533526455,0.7272727272727273
nbs,damped_persistence,6,3,10,0.3555070157184247,0.4
nbs,damped_persistence,6,4,10,0.4513414072963641,0.4
nbs,damped_persistence,6,5,12,0.5370653164001501,0.4166666666666667
nbs,damped_persistence,6,6,9,0.6422109083405947,0.3333333333333333
nbs,damped_persistence,6,7,2,0.743567119721659,1.0
nbs,damped_persistence,6,8,1,0.8179611650485437,0.0
nbs,damped_persistence,6,9,7,0.9837845183642662,0.42857142857142855
nbs,persistence,6,0,66,0.07031318457745109,0.045454545454545456
nbs,persistence,6,1,36,0.14509700687318416,0.19444444444444445
nbs,persistence,6,2,29,0.22876143965763054,0.20689655172413793
nbs,persistence,6,3,53,0.3507550613471002,0.22641509433962265
nbs,persistence,6,4,21,0.4618295517266929,0.38095238095238093
nbs,persistence,6,5,22,0.5406022257418356,0.4090909090909091
nbs,persistence,6,6,7,0.6528766881416871,0.42857142857142855
nbs,persistence,6,7,5,0.726478473957652,0.4
nbs,persistence,6,8,4,0.8321865111921816,0.5
nbs,persistence,6,9,47,0.9729140896519471,0.425531914893617
nbs,pnt_persistence,6,0,140,0.0826788494883953,0.12857142857142856
nbs,pnt_persistence,6,1,43,0.12530485725008528,0.2558139534883721
nbs,pnt_persistence,6,2,6,0.23338990977030702,0.3333333333333333
nbs,pnt_persistence,6,3,8,0.3606542408514943,0.375
nbs,pnt_persistence,6,4,8,0.4426947175092208,0.375
nbs,pnt_persistence,6,5,11,0.5460731657990228,0.45454545454545453
nbs,pnt_persistence,6,6,7,0.6477902906223848,0.5714285714285714
nbs,pnt_persistence,6,7,9,0.7553834089296362,0.0
nbs,pnt_persistence,6,8,5,0.8462002536076912,0.6
nbs,pnt_persistence,6,9,53,0.9678262665412654,0.4339622641509434
sebs,climatology,1,0,136,0.09362399006908127,0.29411764705882354
sebs,climatology,1,1,155,0.10656718741899421,0.18064516129032257
sebs,climatology,1,2,1,0.23412698412698413,1.0
sebs,climatology,1,4,1,0.45,0.0
sebs,climatology,1,5,1,0.5936254980079682,1.0
sebs,climatology,1,7,1,0.7154811715481172,0.0
sebs,damped_persistence,1,0,214,0.06442401013392236,0.06074766355140187
sebs,damped_persistence,1,1,16,0.12441396889927979,0.4375
sebs,damped_persistence,1,2,3,0.24561853832442068,0.6666666666666666
sebs,damped_persistence,1,4,1,0.4639175257731959,0.0
sebs,damped_persistence,1,5,2,0.5372124678610222,0.0
sebs,damped_persistence,1,6,3,0.6367703564764025,0.3333333333333333
sebs,damped_persistence,1,7,3,0.755329845754091,0.6666666666666666
sebs,damped_persistence,1,8,2,0.8673934108527133,1.0
sebs,damped_persistence,1,9,51,0.9785120807725273,0.8431372549019608
sebs,persistence,1,0,208,0.050624080979629706,0.04807692307692308
sebs,persistence,1,1,11,0.12769961178845188,0.45454545454545453
sebs,persistence,1,2,4,0.23767472940175388,0.0
sebs,persistence,1,3,3,0.36327080740621986,0.3333333333333333
sebs,persistence,1,5,3,0.5633088872342311,0.6666666666666666
sebs,persistence,1,6,2,0.6732637286571297,1.0
sebs,persistence,1,7,1,0.7695167286245354,1.0
sebs,persistence,1,8,2,0.8833781512605042,0.5
sebs,persistence,1,9,61,0.9752760508552094,0.7868852459016393
sebs,pnt_persistence,1,0,207,0.04670117094898794,0.05314009661835749
sebs,pnt_persistence,1,1,14,0.12724163128648777,0.35714285714285715
sebs,pnt_persistence,1,2,1,0.20502092050209206,0.0
sebs,pnt_persistence,1,3,1,0.3817097415506958,0.0
sebs,pnt_persistence,1,6,2,0.6650398092753362,0.0
sebs,pnt_persistence,1,7,1,0.7319391634980988,0.0
sebs,pnt_persistence,1,8,6,0.8580830617993386,0.6666666666666666
sebs,pnt_persistence,1,9,63,0.9756994718908212,0.7936507936507936
sebs,climatology,2,0,146,0.09355277947492176,0.2534246575342466
sebs,climatology,2,1,145,0.10641622519309614,0.21379310344827587
sebs,climatology,2,4,2,0.44078991596638656,0.5
sebs,climatology,2,5,1,0.5943775100401606,1.0
sebs,damped_persistence,2,0,204,0.07976958253069252,0.12745098039215685
sebs,damped_persistence,2,1,32,0.12187286963383376,0.125
sebs,damped_persistence,2,2,6,0.22690243221935147,0.6666666666666666
sebs,damped_persistence,2,3,4,0.3766735854165768,0.75
sebs,damped_persistence,2,4,1,0.45588235294117646,1.0
sebs,damped_persistence,2,5,2,0.577275590551181,1.0
sebs,damped_persistence,2,6,3,0.6633342147796194,0.0
sebs,damped_persistence,2,7,1,0.7038461538461539,1.0
sebs,damped_persistence,2,8,4,0.8517610996739746,0.75
sebs,damped_persistence,2,9,37,0.9787847346831287,0.7027027027027027
sebs,persistence,2,0,198,0.0665994708040781,0.07575757575757576
sebs,persistence,2,1,18,0.11849296330351573,0.3888888888888889
sebs,persistence,2,2,7,0.2531764992591582,0.42857142857142855
sebs,persistence,2,3,1,0.31906614785992216,1.0
sebs,persistence,2,4,2,0.48017306916196606,0.0
sebs,persistence,2,5,1,0.5123809523809524,0.0
sebs,persistence,2,6,1,0.6237623762376238,1.0
sebs,persistence,2,7,2,0.7623414816577704,1.0
sebs,persistence,2,8,4,0.8701119992692767,0.25
sebs,persistence,2,9,60,0.9679500685287138,0.6666666666666666
sebs,pnt_persistence,2,0,206,0.061961626826805165,0.10194174757281553
sebs,pnt_persistence,2,1,15,0.1256263642927022,0.26666666666666666
sebs,pnt_persistence,2,7,2,0.7849216162171238,0.0
sebs,pnt_persistence,2,8,11,0.872775013107669,0.45454545454545453
sebs,pnt_persistence,2,9,60,0.9705426977079284,0.6666666666666666
sebs,climatology,3,0,172,0.09249573786473235,0.2441860465116279
sebs,climatology,3,1,119,0.10614594951138383,0.226890756302521
sebs,climatology,3,4,1,0.4314516129032258,1.0
sebs,climatology,3,7,1,0.7004048582995951,1.0
sebs,damped_persistence,3,0,182,0.08350450153267741,0.15384615384615385
sebs,damped_persistence,3,1,68,0.11757629797769888,0.20588235294117646
sebs,damped_persistence,3,2,2,0.2805020062529271,0.0
sebs,damped_persistence,3,3,3,0.36695488103818596,0.6666666666666666
sebs,damped_persistence,3,4,1,0.42338709677419356,1.0
sebs,damped_persistence,3,5,1,0.5495495495495496,1.0
sebs,damped_persistence,3,6,3,0.6832053471550443,0.3333333333333333
sebs,damped_persistence,3,7,3,0.7323449295930705,0.6666666666666666
sebs,damped_persistence,3,8,3,0.8639981088891439,1.0
sebs,damped_persistence,3,9,27,0.9827213424275569,0.7037037037037037
sebs,persistence,3,0,189,0.07143620752516865,0.1111111111111111
sebs,persistence,3,1,24,0.13596954877354941,0.125
sebs,persistence,3,2,4,0.23820461699523005,0.25
sebs,persistence,3,3,3,0.3230619243785038,0.3333333333333333
sebs,persistence,3,4,3,0.4295876015460243,0.6666666666666666
sebs,persistence,3,5,1,0.5306122448979592,1.0
sebs,persistence,3,6,4,0.65120140368361,0.5
sebs,persistence,3,8,8,0.855126793272118,0.5
sebs,persistence,3,9,57,0.9690091091826503,0.631578947368421
sebs,pnt_persistence,3,0,197,0.07012063502946549,0.1116751269035533
sebs,pnt_persistence,3,1,20,0.13033210985532576,0.15
sebs,pnt_persistence,3,4,1,0.4785992217898833,1.0
sebs,pnt_persistence,3,5,1,0.5885286783042394,1.0
sebs,pnt_persistence,3,7,2,0.7744278278112864,1.0
sebs,pnt_persistence,3,8,11,0.8601291157088795,0.36363636363636365
sebs,pnt_persistence,3,9,61,0.9670815432389409,0.6229508196721312
sebs,climatology,6,0,156,0.09295798056927147,0.24358974358974358
sebs,climatology,6,1,132,0.10648838911187716,0.23484848484848486
sebs,climatology,6,4,1,0.4297520661157025,1.0
sebs,climatology,6,6,1,0.6887966804979253,1.0
sebs,damped_persistence,6,0,181,0.0900085476158607,0.1878453038674033
sebs,damped_persistence,6,1,83,0.1162275403877259,0.27710843373493976
sebs,damped_persistence,6,2,1,0.21882951653944022,1.0
sebs,damped_persistence,6,3,1,0.32265446224256294,1.0
sebs,damped_persistence,6,4,1,0.4297520661157025,1.0
sebs,damped_persistence,6,5,1,0.5190156599552572,0.0
sebs,damped_persistence,6,6,2,0.6779879871166179,1.0
sebs,damped_persistence,6,7,1,0.7008928571428571,0.0
sebs,damped_persistence,6,8,1,0.852803738317757,0.0
sebs,damped_persistence,6,9,18,0.9774507518782207,0.5
sebs,persistence,6,0,189,0.07420645503523968,0.10582010582010581
sebs,persistence,6,1,15,0.14145127105034971,0.2
sebs,persistence,6,2,6,0.2573938395919366,0.3333333333333333
sebs,persistence,6,3,6,0.3398558351608681,0.5
sebs,persistence,6,4,2,0.43688869748301273,1.0
sebs,persistence,6,5,4,0.5689248037778389,0.75
sebs,persistence,6,6,2,0.6380297175378744,0.0
sebs,persistence,6,7,3,0.7482666853830722,0.6666666666666666
sebs,persistence,6,8,4,0.8613188272583745,0.5
sebs,persistence,6,9,59,0.9674333164500134,0.576271186440678
sebs,pnt_persistence,6,0,189,0.07057701708445349,0.1111111111111111
sebs,pnt_persistence,6,1,14,0.12757814185390348,0.2857142857142857
sebs,pnt_persistence,6,2,3,0.2476022265438863,0.3333333333333333
sebs,pnt_persistence,6,3,3,0.3595037990684217,0.3333333333333333
sebs,pnt_persistence,6,4,1,0.4181360201511335,0.0
sebs,pnt_persistence,6,5,3,0.5344814366062657,0.6666666666666666
sebs,pnt_persistence,6,6,1,0.6775510204081633,1.0
sebs,pnt_persistence,6,8,11,0.8685201924173156,0.2727272727272727
sebs,pnt_persistence,6,9,65,0.966111432278994,0.5846153846153846
wgoa,climatology,1,0,144,0.09420120937872552,0.2361111111111111
wgoa,climatology,1,1,151,0.10854721761307576,0.17218543046357615
wgoa,damped_persistence,1,0,229,0.056852734049814654,0.048034934497816595
wgoa,damped_persistence,1,1,11,0.13522786584836397,0.36363636363636365
wgoa,damped_persistence,1,2,3,0.23851925458402165,0.3333333333333333
wgoa,damped_persistence,1,3,1,0.36764705882352944,1.0
wgoa,damped_persistence,1,5,2,0.5325906858393987,0.0
wgoa,damped_persistence,1,6,2,0.6490469685704241,1.0
wgoa,damped_persistence,1,8,5,0.8643358823490346,0.6
wgoa,damped_persistence,1,9,42,0.9838615816215194,0.9047619047619048
wgoa,persistence,1,0,226,0.04640025151154069,0.048672566371681415
wgoa,persistence,1,1,8,0.12998567249243428,0.125
wgoa,persistence,1,2,1,0.292,1.0
wgoa,persistence,1,6,1,0.6222222222222222,1.0
wgoa,persistence,1,7,3,0.7488643765113817,0.3333333333333333
wgoa,persistence,1,8,6,0.8672939742023189,0.3333333333333333
wgoa,persistence,1,9,50,0.9774652594791817,0.86
wgoa,pnt_persistence,1,0,223,0.04190799645484542,0.04484304932735426
wgoa,pnt_persistence,1,1,11,0.1232553596309189,0.18181818181818182
wgoa,pnt_persistence,1,8,6,0.8683622657995523,0.5
wgoa,pnt_persistence,1,9,55,0.973607053971244,0.8181818181818182
wgoa,climatology,2,0,132,0.09419802227937114,0.21212121212121213
wgoa,climatology,2,1,162,0.108097422141822,0.19753086419753085
wgoa,damped_persistence,2,0,223,0.07215168663549515,0.07623318385650224
wgoa,damped_persistence,2,1,23,0.12701140500819508,0.391304347826087
wgoa,damped_persistence,2,2,4,0.25416360884046607,0.75
wgoa,damped_persistence,2,3,3,0.35698924582747926,0.3333333333333333
wgoa,damped_persistence,2,4,2,0.40480477776777407,0.0
wgoa,damped_persistence,2,5,1,0.5627240143369175,1.0
wgoa,damped_persistence,2,6,1,0.648854961832061,1.0
wgoa,damped_persistence,2,7,2,0.7387885643356223,1.0
wgoa,damped_persistence,2,8,1,0.84,1.0
wgoa,damped_persistence,2,9,34,0.9712425155731509,0.7352941176470589
wgoa,persistence,2,0,217,0.05935351224673472,0.06451612903225806
wgoa,persistence,2,1,14,0.14206650314329453,0.2857142857142857
wgoa,persistence,2,2,1,0.2756183745583039,0.0
wgoa,persistence,2,3,1,0.3346456692913386,0.0
wgoa,persistence,2,4,1,0.46096654275092935,1.0
wgoa,persistence,2,5,1,0.5807291666666666,1.0
wgoa,persistence,2,6,1,0.6335616438356164,0.0
wgoa,persistence,2,7,4,0.7461909281194615,1.0
wgoa,persistence,2,8,5,0.8704736985466252,0.4
wgoa,persistence,2,9,49,0.9675674129271016,0.6938775510204082
wgoa,pnt_persistence,2,0,214,0.05461974759916663,0.07009345794392523
wgoa,pnt_persistence,2,1,14,0.12851576245811844,0.07142857142857142
wgoa,pnt_persistence,2,2,1,0.265625,1.0
wgoa,pnt_persistence,2,3,1,0.37037037037037035,1.0
wgoa,pnt_persistence,2,5,1,0.5018587360594795,1.0
wgoa,pnt_persistence,2,7,3,0.7591950651326026,0.3333333333333333
wgoa,pnt_persistence,2,8,6,0.862093456335959,0.5
wgoa,pnt_persistence,2,9,54,0.9680122969823967,0.6851851851851852
wgoa,climatology,3,0,124,0.09411005364392648,0.20161290322580644
wgoa,climatology,3,1,169,0.10792363894950503,0.20710059171597633
wgoa,damped_persistence,3,0,182,0.0831181101322545,0.1043956043956044
wgoa,damped_persistence,3,1,76,0.1189902136252231,0.2236842105263158
wgoa,damped_persistence,3,2,3,0.24350608617516253,1.0
wgoa,damped_persistence,3,4,2,0.4472213476070529,0.5
wgoa,damped_persistence,3,5,2,0.5223470223470223,0.5
wgoa,damped_persistence,3,7,1,0.7184684684684685,0.0
wgoa,damped_persistence,3,8,2,0.8652211697702764,1.0
wgoa,damped_persistence,3,9,25,0.9675717723305896,0.68
wgoa,persistence,3,0,197,0.07069686101922515,0.08121827411167512
wgoa,persistence,3,1,27,0.12630682001108207,0.2222222222222222
wgoa,persistence,3,2,3,0.2729403994944088,0.0
wgoa,persistence,3,3,1,0.3539518900343643,0.0
wgoa,persistence,3,4,7,0.45065563397841923,0.5714285714285714
wgoa,persistence,3,5,2,0.5201371322060977,0.5
wgoa,persistence,3,6,1,0.6961538461538461,0.0
wgoa,persistence,3,7,1,0.7112860892388452,0.0
wgoa,persistence,3,8,7,0.8492597573998564,0.42857142857142855
wgoa,persistence,3,9,47,0.965491969676656,0.6382978723404256
wgoa,pnt_persistence,3,0,208,0.06909427795678869,0.08173076923076923
wgoa,pnt_persistence,3,1,16,0.13922346557183599,0.3125
wgoa,pnt_persistence,3,2,1,0.22509225092250923,0.0
wgoa,pnt_persistence,3,3,1,0.3539518900343643,0.0
wgoa,pnt_persistence,3,4,2,0.4625585353220368,1.0
wgoa,pnt_persistence,3,5,1,0.5771144278606966,0.0
wgoa,pnt_persistence,3,7,2,0.7678571428571428,0.5
wgoa,pnt_persistence,3,8,11,0.8514378275397271,0.2727272727272727
wgoa,pnt_persistence,3,9,51,0.9673283162723454,0.6274509803921569
wgoa,climatology,6,0,109,0.09435078972184496,0.21100917431192662
wgoa,climatology,6,1,181,0.10833264165633949,0.19889502762430938
wgoa,damped_persistence,6,0,136,0.09182229713275802,0.13970588235294118
wgoa,damped_persistence,6,1,138,0.1170102578113716,0.2463768115942029
wgoa,damped_persistence,6,2,3,0.2745678988570383,0.3333333333333333
wgoa,damped_persistence,6,3,3,0.35251810443240333,0.3333333333333333
wgoa,damped_persistence,6,4,1,0.4449877750611247,1.0
wgoa,damped_persistence,6,5,1,0.5523465703971119,0.0
wgoa,damped_persistence,6,6,1,0.618925831202046,0.0
wgoa,damped_persistence,6,7,1,0.7932816537467701,1.0
wgoa,damped_persistence,6,8,3,0.8574741148059116,0.3333333333333333
wgoa,damped_persistence,6,9,3,0.9728794006974409,0.3333333333333333
wgoa,persistence,6,0,188,0.07756265454675682,0.10106382978723404
wgoa,persistence,6,1,36,0.13871211335949407,0.3888888888888889
wgoa,persistence,6,2,4,0.2394199651872286,0.25
wgoa,persistence,6,3,2,0.3725525291828794,0.0
wgoa,persistence,6,4,1,0.4336917562724014,0.0
wgoa,persistence,6,5,1,0.5868055555555556,0.0
wgoa,persistence,6,6,3,0.6744167421586776,1.0
wgoa,persistence,6,7,1,0.7696335078534031,1.0
wgoa,persistence,6,8,8,0.8651795901616495,0.25
wgoa,persistence,6,9,46,0.9635264075511468,0.41304347826086957
wgoa,pnt_persistence,6,0,193,0.07222674342358963,0.10880829015544041
wgoa,pnt_persistence,6,1,25,0.14029586346903347,0.4
wgoa,pnt_persistence,6,2,2,0.21779441284710604,0.0
wgoa,pnt_persistence,6,4,3,0.44440751684659113,0.3333333333333333
wgoa,pnt_persistence,6,7,6,0.7420301206222115,0.16666666666666666
wgoa,pnt_persistence,6,8,7,0.8548503763717452,0.5714285714285714
wgoa,pnt_persistence,6,9,54,0.9626577184602932,0.4074074074074074
